Ek_folder,Ek,Pr,m,Ra_c,omega_c,crossing_found,sigma_min,status
Ek1e-7,1e-07,0.1,1,14327.52463247154,-8677.406606940413,True,166.928,ok
Ek1e-7,1e-07,0.1,3,,,False,488.257,no_onset_in_range
Ek1e-7,1e-07,0.1,10,4046.605481074,-29295.0,True,0.171134,ok
Ek1e-7,1e-07,0.1,15,3374.156033705297,-35872.897213390715,True,0.814078,ok
Ek1e-7,1e-07,0.1,90,3830.966491624749,-75005.29334130112,True,8.24839,ok
Ek1e-7,1e-07,0.1,95,4028.7486303628666,-75334.23668630737,True,20.5045,ok
Ek3.162277660168379e-7,3.162277660168379e-07,0.1,1,8238.902433968415,-4861.57038751006,True,0.00096063,ok
Ek3.162277660168379e-7,3.162277660168379e-07,0.1,2,5523.290709042623,-7112.32,True,0.000185531,ok
Ek3.162277660168379e-7,3.162277660168379e-07,0.1,3,4399.955365965722,-8823.375365965721,True,0.00520428,ok
Ek3.162277660168379e-7,3.162277660168379e-07,0.1,4,3761.617751991176,-10256.2075540388,True,0.0276655,ok
Ek3.162277660168379e-7,3.162277660168379e-07,0.1,5,,,False,883.53,no_onset_in_range
Ek3.162277660168379e-7,3.162277660168379e-07,0.1,6,3046.7744364730697,-12635.5,True,0.0332137,ok
Ek3.162277660168379e-7,3.162277660168379e-07,0.1,7,2823.8700484250635,-13666.8,True,0.000791515,ok
Ek3.162277660168379e-7,3.162277660168379e-07,0.1,8,2650.9182690884672,-14620.217309115327,True,0.00970286,ok
Ek3.162277660168379e-7,3.162277660168379e-07,0.1,9,2512.819907289003,-15509.0,True,0.00101337,ok
Ek3.162277660168379e-7,3.162277660168379e-07,0.1,10,,,False,,missing_log
Ek3.162277660168379e-7,3.162277660168379e-07,0.1,11,2307.19058012172,-17132.176795131203,True,0.00525913,ok
Ek3.162277660168379e-7,3.162277660168379e-07,0.1,12,2229.514863113336,-17880.24041793351,True,0.316673,ok
Ek3.162277660168379e-7,3.162277660168379e-07,0.1,13,2164.148652389422,-18592.172018805555,True,0.148005,ok
Ek3.162277660168379e-7,3.162277660168379e-07,0.1,14,2108.936426154394,-19272.53917694773,True,0.123939,ok
Ek3.162277660168379e-7,3.162277660168379e-07,0.1,15,2062.0912091979408,-19924.587908020592,True,0.047306,ok
Ek3.162277660168379e-7,3.162277660168379e-07,0.1,16,2022.247772691788,-20549.207424360706,True,0.0284154,ok
Ek3.162277660168379e-7,3.162277660168379e-07,0.1,17,1988.5836288591504,-21150.385596358075,True,0.028378,ok
Ek3.162277660168379e-7,3.162277660168379e-07,0.1,18,1960.190937055752,-21725.612588849675,True,0.10142,ok
Ek3.162277660168379e-7,3.162277660168379e-07,0.1,19,1936.2038318909288,-22284.737988074896,True,0.677773,ok
Ek3.162277660168379e-7,3.162277660168379e-07,0.1,20,1916.328134330668,-22821.3723880762,True,1.02973,ok
Ek3.162277660168379e-7,3.162277660168379e-07,0.1,21,1900.0736598378387,-23340.941495945965,True,0.476932,ok
Ek3.162277660168379e-7,3.162277660168379e-07,0.1,22,1887.411344552807,-23841.06197520218,True,0.181321,ok
Ek3.162277660168379e-7,3.162277660168379e-07,0.1,23,1877.629716939136,-24325.557540870377,True,0.0379992,ok
Ek3.162277660168379e-7,3.162277660168379e-07,0.1,24,1870.491891840836,-24793.302713424397,True,0.172733,ok
Ek3.162277660168379e-7,3.162277660168379e-07,0.1,25,1865.8677127346432,-25246.761436326786,True,0.804412,ok
Ek3.162277660168379e-7,3.162277660168379e-07,0.1,60,2629.021061947816,-34115.65154479327,True,0.925686,ok
Ek3.162277660168379e-7,3.162277660168379e-07,0.1,65,2849.253818151242,-34484.70177812696,True,0.446011,ok
Ek3.162277660168379e-7,3.162277660168379e-07,0.1,70,3094.9812098285,-34662.936720647966,True,8.56231,ok
Ek3.162277660168379e-7,3.162277660168379e-07,0.1,75,3367.3492202742145,-34673.448044204626,True,0.568812,ok
Ek3.162277660168379e-7,3.162277660168379e-07,0.1,80,3667.359772357184,-34518.98323169721,True,0.386705,ok
Ek3.162277660168379e-7,3.162277660168379e-07,0.1,85,3995.238522081425,-34217.18808988876,True,2.21887,ok
Ek3.162277660168379e-7,3.162277660168379e-07,0.1,90,4353.1915872265845,-33780.38098163196,True,0.337922,ok
Ek3.162277660168379e-7,3.162277660168379e-07,0.1,95,4742.786596122261,-33189.85177346918,True,0.316343,ok
Ek3.162277660168379e-7,3.162277660168379e-07,0.1,100,5167.192277919845,-32462.279505533566,True,0.421245,ok
Ek3.162277660168379e-7,3.162277660168379e-07,0.1,105,,,False,18848.3,no_onset_in_range
Ek3.162277660168379e-7,3.162277660168379e-07,0.1,110,6128.33302761667,-30570.06697238333,True,0.93423,ok
Ek3.162277660168379e-7,3.162277660168379e-07,0.1,115,6671.772600146692,-29378.69150972509,True,0.0140164,ok
Ek3.162277660168379e-7,3.162277660168379e-07,0.1,120,7261.815693549796,-27997.121532251014,True,0.0308035,ok
Ek3.162277660168379e-7,3.162277660168379e-07,0.1,170,14821.8234549516,5184.27468416034,True,5027.94,ok
Ek3.162277660168379e-7,3.162277660168379e-07,0.1,175,15473.399999985051,11343.199999977902,True,2.91013e-07,ok
Ek3.162277660168379e-7,3.162277660168379e-07,0.1,180,15950.800000005796,11648.700000003071,True,9.0611e-08,ok
Ek3.162277660168379e-7,3.162277660168379e-07,0.1,185,16471.599999891398,11784.5,True,3.67716e-07,ok
Ek3.162277660168379e-7,3.162277660168379e-07,0.1,190,17037.10000000198,11821.700000000152,True,2.34914e-08,ok
Ek3.162277660168379e-7,3.162277660168379e-07,0.1,195,,,False,38736.4,no_onset_in_range
Ek3.162277660168379e-7,3.162277660168379e-07,0.1,245,26647.2,10555.7,True,6.34227e-11,ok
Ek3.162277660168379e-7,3.162277660168379e-07,0.1,250,27877.9,10409.9,True,2.34983e-11,ok
Ek3.162277660168379e-7,3.162277660168379e-07,0.1,255,29177.7,10265.2,True,8.71128e-11,ok
Ek3.162277660168379e-7,3.162277660168379e-07,0.1,260,30549.4,10121.8,True,9.99698e-11,ok
Ek3.162277660168379e-7,3.162277660168379e-07,0.1,265,31995.4,9980.18,True,8.09932e-11,ok
Ek3.162277660168379e-7,3.162277660168379e-07,0.1,270,33518.6,9840.53,True,3.54341e-11,ok
Ek3.162277660168379e-7,3.162277660168379e-07,0.1,275,35121.7,9703.03,True,3.82786e-11,ok
Ek3.162277660168379e-7,3.162277660168379e-07,0.1,280,36807.7,9567.81,True,6.20319e-12,ok
Ek3.162277660168379e-7,3.162277660168379e-07,0.1,285,38579.5,9434.96,True,1.80964e-11,ok
Ek3.162277660168379e-7,3.162277660168379e-07,0.1,290,40440.2,9304.56,True,2.22929e-11,ok
Ek3.162277660168379e-7,3.162277660168379e-07,0.1,295,42393.0,9176.64,True,3.19555e-11,ok
Ek3.162277660168379e-7,3.162277660168379e-07,0.3,11,1492.4351691694176,-9769.333613232004,True,0.022181,ok
Ek3.162277660168379e-7,3.162277660168379e-07,0.3,12,1435.820989442319,-10212.487795235518,True,0.045092,ok
Ek3.162277660168379e-7,3.162277660168379e-07,0.3,13,1387.2680866034975,-10634.724239777885,True,0.0475431,ok
Ek3.162277660168379e-7,3.162277660168379e-07,0.3,60,1240.768996226519,-20666.4900013012,True,0.414179,ok
Ek3.162277660168379e-7,3.162277660168379e-07,0.3,65,,,False,3471.48,no_onset_in_range
Ek3.162277660168379e-7,3.162277660168379e-07,1.0,245,2670.72,3914.96,True,5.10987e-11,ok
Ek3.162277660168379e-7,3.162277660168379e-07,1.0,250,25361.899999083675,3328.4700003359867,True,3.99945e-06,ok
Ek3.162277660168379e-7,3.162277660168379e-07,1.0,255,13667.400002389022,2948.2300002389024,True,1.10171e-05,ok
Ek3.162277660168379e-7,3.162277660168379e-07,1.0,260,3061.35,4030.28,True,3.03787e-11,ok
Ek3.162277660168379e-7,3.162277660168379e-07,1.0,265,3206.01,4054.23,True,1.1138e-11,ok
Ek3.162277660168379e-7,3.162277660168379e-07,1.0,270,3358.35,4072.16,True,6.56226e-11,ok
Ek3.162277660168379e-7,3.162277660168379e-07,1.0,275,3518.66,4084.69,True,6.28614e-11,ok
Ek3.162277660168379e-7,3.162277660168379e-07,1.0,280,3687.23,4092.38,True,3.94932e-11,ok
Ek3.162277660168379e-7,3.162277660168379e-07,1.0,285,3864.38,4095.73,True,2.54626e-11,ok
Ek3.162277660168379e-7,3.162277660168379e-07,1.0,290,4050.39,4095.19,True,1.18188e-11,ok
Ek3.162277660168379e-7,3.162277660168379e-07,1.0,295,4245.61,4091.16,True,3.7655e-11,ok
Ek3.162277660168379e-7,3.162277660168379e-07,10.0,245,267.604,538.081,True,1.94624e-12,ok
Ek3.162277660168379e-7,3.162277660168379e-07,10.0,250,1741.58,-87.1749,True,1.38787e-10,ok
Ek3.162277660168379e-7,3.162277660168379e-07,10.0,255,8486.37,0.0,True,0.0,ok
Ek3.162277660168379e-7,3.162277660168379e-07,10.0,260,1432.8700000044532,157.77899999932845,True,3.79346e-08,ok
Ek3.162277660168379e-7,3.162277660168379e-07,10.0,265,321.321,585.134,True,6.53332e-12,ok
Ek3.162277660168379e-7,3.162277660168379e-07,10.0,270,336.591,594.133,True,9.79755e-12,ok
Ek3.162277660168379e-7,3.162277660168379e-07,10.0,275,352.654,602.164,True,1.1794e-12,ok
Ek3.162277660168379e-7,3.162277660168379e-07,10.0,280,1901.9299999771924,178.41899999923976,True,1.83162e-07,ok
Ek3.162277660168379e-7,3.162277660168379e-07,10.0,285,387.278,615.566,True,1.64331e-13,ok
Ek3.162277660168379e-7,3.162277660168379e-07,10.0,290,405.901,621.051,True,3.59636e-12,ok
Ek3.162277660168379e-7,3.162277660168379e-07,10.0,295,425.441,625.795,True,9.34107e-13,ok
Ek3.162277660168379e-7,3.162277660168379e-07,100.0,245,26.7693,55.9113,True,1.11169e-12,ok
Ek3.162277660168379e-7,3.162277660168379e-07,100.0,250,14401.2,0.0,True,0.0,ok
Ek3.162277660168379e-7,3.162277660168379e-07,100.0,255,36001.50000233849,20.06410000968804,True,5.36339e-07,ok
Ek3.162277660168379e-7,3.162277660168379e-07,100.0,260,30.693699996226407,60.083499992452815,True,8.82068e-08,ok
Ek3.162277660168379e-7,3.162277660168379e-07,100.0,265,32.1452,61.2354,True,9.49703e-13,ok
Ek3.162277660168379e-7,3.162277660168379e-07,100.0,270,33.6731,62.279,True,4.7099e-13,ok
Ek3.162277660168379e-7,3.162277660168379e-07,100.0,275,35.2802,63.2208,True,2.35738e-13,ok
Ek3.162277660168379e-7,3.162277660168379e-07,100.0,280,806.6380001418801,25.296200002364667,True,5.11946e-07,ok
Ek3.162277660168379e-7,3.162277660168379e-07,100.0,285,38.7442,64.8224,True,2.04098e-13,ok
Ek3.162277660168379e-7,3.162277660168379e-07,100.0,290,40.6072,65.4933,True,8.18495e-14,ok
Ek3.162277660168379e-7,3.162277660168379e-07,100.0,295,42.5618,66.0842,True,3.93939e-13,ok
Ek1e-6,1e-06,0.1,1,4779.579982580389,-2720.82,True,6.87427e-06,ok
Ek1e-6,1e-06,0.1,2,3210.579585333988,-3979.2298994371313,True,0.000330398,ok
Ek1e-6,1e-06,0.1,3,2570.38753788336,-4933.84753788336,True,0.0044877,ok
Ek1e-6,1e-06,0.1,4,2205.902210683175,-5725.960897088825,True,0.00334076,ok
Ek1e-6,1e-06,0.1,5,1972.5786677989377,-6422.328667798938,True,0.00249669,ok
Ek1e-6,1e-06,0.1,6,1810.7866833547548,-7043.98828305936,True,0.00751627,ok
Ek1e-6,1e-06,0.1,7,1691.9235448948632,-7607.631985141124,True,0.00925646,ok
Ek1e-6,1e-06,0.1,8,1601.6144413303298,-8125.75,True,0.0118691,ok
Ek1e-6,1e-06,0.1,9,1531.6549172469772,-8606.725413765114,True,0.00679714,ok
Ek1e-6,1e-06,0.1,10,1476.848005901964,-9056.151994098036,True,0.00907114,ok
Ek1e-6,1e-06,0.1,11,1434.329387427961,-9477.957824625017,True,167.194,ok
Ek1e-6,1e-06,0.1,12,1399.9347723227154,-9875.623322984697,True,39.5572,ok
Ek1e-6,1e-06,0.1,13,1373.3108807823787,-10250.708807823788,True,0.00886372,ok
Ek1e-6,1e-06,0.1,14,1353.267772953381,-10605.415320959064,True,2.84057,ok
Ek1e-6,1e-06,0.1,15,1338.649049140036,-10941.19560647544,True,0.0356385,ok
Ek1e-6,1e-06,0.1,16,1328.8552186125098,-11260.659234636729,True,3.15373,ok
Ek1e-6,1e-06,0.1,17,1323.2777756107507,-11563.988975569971,True,0.0499663,ok
Ek1e-6,1e-06,0.1,18,1321.4664623516987,-11854.37634376779,True,2.03933,ok
Ek1e-6,1e-06,0.1,19,1322.7930492445882,-12131.93049244588,True,0.104082,ok
Ek1e-6,1e-06,0.1,20,1326.886626986366,-12397.692131820571,True,2.43817,ok
Ek1e-6,1e-06,0.1,21,1333.3709015383542,-12651.318030767085,True,0.0175906,ok
Ek1e-6,1e-06,0.1,22,1341.9925402302044,-12891.945925743345,True,3.80639,ok
Ek1e-6,1e-06,0.1,23,1352.936502893892,-13120.5,True,0.0401244,ok
Ek1e-6,1e-06,0.1,24,1366.0021459326176,-13335.94428790411,True,2.60853,ok
Ek1e-6,1e-06,0.1,25,1381.307401558062,-13539.232377258306,True,1.09732,ok
Ek1e-6,1e-06,0.1,30,1488.6510027723991,-14404.524254910411,True,247.083,ok
Ek1e-6,1e-06,0.1,35,1635.7485401527997,-15038.114598472004,True,0.0111027,ok
Ek1e-6,1e-06,0.1,40,1824.8046012626824,-15442.414953671929,True,0.0918838,ok
Ek1e-6,1e-06,0.1,45,2051.7923536037288,-15653.0,True,0.0126839,ok
Ek1e-6,1e-06,0.1,50,2318.3829255143114,-15673.8,True,0.0483541,ok
Ek1e-6,1e-06,0.1,55,2626.958251283694,-15531.05246148917,True,0.0291454,ok
Ek1e-6,1e-06,0.1,60,2978.9984107644395,-15237.015892355605,True,0.0781111,ok
Ek1e-6,1e-06,0.1,65,3378.989798757113,-14794.000370124322,True,0.000880188,ok
Ek1e-6,1e-06,0.1,70,3832.351364741314,-14200.6973332641,True,0.00552293,ok
Ek1e-6,1e-06,0.1,75,4344.960663932652,-13446.298518497386,True,0.00249185,ok
Ek1e-6,1e-06,0.1,80,4924.190073678317,-12503.699827174318,True,0.000255244,ok
Ek1e-6,1e-06,0.1,85,5579.349893355396,-11325.200268184228,True,0.000338673,ok
Ek1e-6,1e-06,0.1,90,6322.400000143977,-9825.359999581086,True,4.18745e-07,ok
Ek1e-6,1e-06,0.1,95,7170.32987239689,-7830.330442939829,True,0.000335908,ok
Ek1e-6,1e-06,0.1,100,8151.34999998536,-4884.630000063442,True,3.16995e-08,ok
Ek1e-6,1e-06,0.1,105,9237.407621267694,555.730785437558,True,0.683605,ok
Ek1e-6,1e-06,0.1,110,9775.640842634826,4314.600537523702,True,21.9309,ok
Ek1e-6,1e-06,0.1,115,10180.901777315015,5187.883236584188,True,0.0250915,ok
Ek1e-6,1e-06,0.1,120,10637.398733178848,5476.299118571531,True,0.0154606,ok
Ek1e-6,1e-06,0.3,1,2942.899975285764,-1397.4699917619214,True,8.45092e-06,ok
Ek1e-6,1e-06,0.3,2,2061.060116387366,-2143.2700578108297,True,9.30924e-05,ok
Ek1e-6,1e-06,0.3,3,1664.090502483626,-2708.85031607841,True,0.000620889,ok
Ek1e-6,1e-06,0.3,4,1432.4852237262428,-3180.16,True,0.000956018,ok
Ek1e-6,1e-06,0.3,5,1278.940208309569,-3590.7701732012147,True,0.000434488,ok
Ek1e-6,1e-06,0.3,6,1169.1603053636206,-3957.890273774281,True,0.000760165,ok
Ek1e-6,1e-06,0.3,7,1086.728891279154,-4291.768947040471,True,0.00323084,ok
Ek1e-6,1e-06,0.3,8,1022.719279223306,-4599.089282018562,True,0.00237629,ok
Ek1e-6,1e-06,0.3,9,971.7935815612824,-4884.489576177674,True,0.00155144,ok
Ek1e-6,1e-06,0.3,10,930.5675455273208,-5151.338508486421,True,0.00593821,ok
Ek1e-6,1e-06,0.3,11,896.7825871176327,-5402.195871176326,True,0.00455273,ok
Ek1e-6,1e-06,0.3,12,868.8534428524199,-5639.047785737901,True,0.000654406,ok
Ek1e-6,1e-06,0.3,13,845.6467077854926,-5863.440732729475,True,0.00319751,ok
Ek1e-6,1e-06,0.3,14,826.3219658892837,-6076.658963625108,True,0.00181057,ok
Ek1e-6,1e-06,0.3,15,810.2489948938979,-6279.77,True,2.39493e-05,ok
Ek1e-6,1e-06,0.3,16,796.9322416371948,-6473.600230777097,True,0.00142216,ok
Ek1e-6,1e-06,0.3,17,785.9918035706559,-6658.870760134404,True,0.00310254,ok
Ek1e-6,1e-06,0.3,18,777.1191987138584,-6836.25,True,0.0091868,ok
Ek1e-6,1e-06,0.3,19,770.0720103337089,-7006.200007785671,True,6.80198e-05,ok
Ek1e-6,1e-06,0.3,20,764.6497143770894,-7169.120588310544,True,0.00489162,ok
Ek1e-6,1e-06,0.3,21,760.6866362553998,-7325.593637446002,True,0.00384641,ok
Ek1e-6,1e-06,0.3,22,758.0508709090296,-7475.759934954608,True,0.000939647,ok
Ek1e-6,1e-06,0.3,23,756.6279328401729,-7619.959973331505,True,0.000507696,ok
Ek1e-6,1e-06,0.3,24,756.3241991733296,-7758.46006248575,True,0.00150656,ok
Ek1e-6,1e-06,0.3,25,757.059972954096,-7891.449993491902,True,0.000209116,ok
Ek1e-6,1e-06,0.3,30,774.3121436831458,-8479.729963470387,True,0.00118605,ok
Ek1e-6,1e-06,0.3,35,810.8678217695342,-8949.940138225722,True,0.00153697,ok
Ek1e-6,1e-06,0.3,40,864.3709984371421,-9308.84000202538,True,1.35277e-05,ok
Ek1e-6,1e-06,0.3,45,934.0214902380446,-9557.73,True,0.00703195,ok
Ek1e-6,1e-06,0.3,50,1019.8912063202832,-9694.197292481142,True,0.01021,ok
Ek1e-6,1e-06,0.3,55,1122.559769400086,-9712.950628364348,True,0.00189249,ok
Ek1e-6,1e-06,0.3,60,1242.9898170720085,-9605.910569701098,True,0.00146731,ok
Ek1e-6,1e-06,0.3,65,1382.3499929559357,-9361.680024981652,True,5.40632e-05,ok
Ek1e-6,1e-06,0.3,70,1541.949999542077,-8964.430001829061,True,3.3586e-06,ok
Ek1e-6,1e-06,0.3,75,1723.0931712838326,-8391.815769880239,True,0.0226202,ok
Ek1e-6,1e-06,0.3,80,1926.830371217006,-7611.988110167968,True,0.00252471,ok
Ek1e-6,1e-06,0.3,85,2153.290060897119,-6578.229622898381,True,0.00040602,ok
Ek1e-6,1e-06,0.3,90,2399.700000101,-5225.909999292068,True,6.76549e-07,ok
Ek1e-6,1e-06,0.3,95,2654.18,-3500.59,True,1.36845e-10,ok
Ek1e-6,1e-06,0.3,100,2885.02,-1551.49,True,1.70785e-09,ok
Ek1e-6,1e-06,0.3,105,3066.6499999969355,115.4359999700193,True,4.12178e-08,ok
Ek1e-6,1e-06,0.3,110,3220.4,1272.99,True,1.3757e-10,ok
Ek1e-6,1e-06,0.3,115,3372.39,2046.87,True,4.66281e-10,ok
Ek1e-6,1e-06,0.3,120,3535.31,2573.0,True,5.23976e-11,ok
Ek1e-6,1e-06,0.5,1,2213.829545137827,-970.3528180551308,True,0.000110013,ok
Ek1e-6,1e-06,0.5,2,1629.2301495000331,-1538.5301051428803,True,0.000100343,ok
Ek1e-6,1e-06,0.5,3,1340.5599155694422,-1972.3098874259229,True,0.00010672,ok
Ek1e-6,1e-06,0.5,4,1165.1500877013298,-2334.0000996397303,True,0.000137567,ok
Ek1e-6,1e-06,0.5,5,1045.9499805108278,-2648.7699610216555,True,4.94613e-05,ok
Ek1e-6,1e-06,0.5,6,959.2403560471696,-2929.7005214079886,True,0.000874971,ok
Ek1e-6,1e-06,0.5,7,893.2157884472222,-3184.659665075563,True,0.000621773,ok
Ek1e-6,1e-06,0.5,8,841.3094713456303,-3418.789108502565,True,0.00161544,ok
Ek1e-6,1e-06,0.5,9,799.5403261408284,-3635.6888034602944,True,0.00258814,ok
Ek1e-6,1e-06,0.5,10,765.3430399992956,-3837.9800733688735,True,0.00016624,ok
Ek1e-6,1e-06,0.5,11,736.9808942726439,-4027.669788545288,True,0.000523911,ok
Ek1e-6,1e-06,0.5,12,713.2347640589054,-4206.309410147264,True,0.001182,ok
Ek1e-6,1e-06,0.5,13,693.2209714024738,-4375.12,True,0.000155978,ok
Ek1e-6,1e-06,0.5,14,676.2799782229405,-4535.119927409802,True,0.000109272,ok
Ek1e-6,1e-06,0.5,15,661.912806106876,-4687.123499583479,True,0.00129153,ok
Ek1e-6,1e-06,0.5,16,649.7246164785059,-4831.8,True,0.00381699,ok
Ek1e-6,1e-06,0.5,17,639.4154729731528,-4969.750899519493,True,0.003161,ok
Ek1e-6,1e-06,0.5,18,630.7374735076197,-5101.45,True,0.000872014,ok
Ek1e-6,1e-06,0.5,19,623.4950191962012,-5227.32,True,0.000132475,ok
Ek1e-6,1e-06,0.5,20,617.5240116422726,-5347.720020313341,True,8.76717e-05,ok
Ek1e-6,1e-06,0.5,21,612.693120433153,-5462.950204657645,True,0.000937582,ok
Ek1e-6,1e-06,0.5,22,608.8909149711599,-5573.279864860404,True,0.000699599,ok
Ek1e-6,1e-06,0.5,23,606.0240053145478,-5678.950007676569,True,4.39992e-05,ok
Ek1e-6,1e-06,0.5,24,604.0140122246816,-5780.140017383722,True,0.000103664,ok
Ek1e-6,1e-06,0.5,25,602.7947568234986,-5877.048784117493,True,0.00198179,ok
Ek1e-6,1e-06,0.5,30,606.8481215713371,-6301.831215713371,True,0.00200928,ok
Ek1e-6,1e-06,0.5,35,624.9039928985483,-6634.939998904474,True,7.14763e-05,ok
Ek1e-6,1e-06,0.5,40,654.7303024632056,-6881.543024632056,True,0.000960876,ok
Ek1e-6,1e-06,0.5,45,695.3440272589742,-7041.929967069696,True,0.000280806,ok
Ek1e-6,1e-06,0.5,50,746.4330047172864,-7112.789991374105,True,4.86472e-05,ok
Ek1e-6,1e-06,0.5,55,808.0659996201517,-7087.920000934575,True,3.91426e-06,ok
Ek1e-6,1e-06,0.5,60,880.5119999856231,-6958.380000044688,True,1.4462e-07,ok
Ek1e-6,1e-06,0.5,65,964.1000390831372,-6712.396078299127,True,0.0101727,ok
Ek1e-6,1e-06,0.5,70,1059.0498055616365,-6335.030861834908,True,0.00184917,ok
Ek1e-6,1e-06,0.5,75,1165.229967475636,-5807.780165156762,True,0.00030916,ok
Ek1e-6,1e-06,0.5,80,1281.7300012186076,-5109.079992146751,True,1.21717e-05,ok
Ek1e-6,1e-06,0.5,85,1405.910000046226,-4218.849999670657,True,4.47959e-07,ok
Ek1e-6,1e-06,0.5,90,1531.7500000712507,-3139.0199994089844,True,7.71723e-07,ok
Ek1e-6,1e-06,0.5,95,1648.9,-1950.45,True,9.004e-10,ok
Ek1e-6,1e-06,0.5,100,1749.8,-838.171,True,7.49499e-11,ok
Ek1e-6,1e-06,0.5,105,1839.1,64.7752,True,1.42182e-09,ok
Ek1e-6,1e-06,0.5,110,1926.15,757.712,True,2.19732e-10,ok
Ek1e-6,1e-06,0.5,115,2017.46,1285.65,True,1.51072e-10,ok
Ek1e-6,1e-06,0.5,120,2116.69,1689.89,True,1.64098e-11,ok
Ek1e-6,1e-06,0.7,1,1772.139970836294,-745.5139876923588,True,5.20639e-06,ok
Ek1e-6,1e-06,0.7,2,1356.5394747982173,-1211.0295846074312,True,0.000277478,ok
Ek1e-6,1e-06,0.7,3,1135.3604246243538,-1568.8604718048375,True,0.000395254,ok
Ek1e-6,1e-06,0.7,4,996.109980756887,-1867.479972285336,True,2.67676e-05,ok
Ek1e-6,1e-06,0.7,5,899.4318743721956,-2127.09,True,0.000133296,ok
Ek1e-6,1e-06,0.7,6,828.0219294040895,-2358.359866810458,True,0.000157344,ok
Ek1e-6,1e-06,0.7,7,773.0111010684759,-2567.78,True,0.000239401,ok
Ek1e-6,1e-06,0.7,8,729.3410149593484,-2759.6,True,3.95114e-05,ok
Ek1e-6,1e-06,0.7,9,693.8992313643573,-2936.82,True,0.000843321,ok
Ek1e-6,1e-06,0.7,10,664.6511327248282,-3101.650338724822,True,0.000522983,ok
Ek1e-6,1e-06,0.7,11,640.2078630963148,-3255.76,True,0.000450301,ok
Ek1e-6,1e-06,0.7,12,619.5840295986623,-3400.4500819788022,True,0.000141023,ok
Ek1e-6,1e-06,0.7,13,602.0600794463654,-3536.780225338782,True,0.000410511,ok
Ek1e-6,1e-06,0.7,14,587.0972788351279,-3665.58278835128,True,0.00120853,ok
Ek1e-6,1e-06,0.7,15,574.2822504940276,-3787.550744392629,True,0.00148762,ok
Ek1e-6,1e-06,0.7,16,563.2921596640931,-3903.2904753571943,True,0.00100461,ok
Ek1e-6,1e-06,0.7,17,553.8740537086612,-4013.270160125201,True,0.00035668,ok
Ek1e-6,1e-06,0.7,18,545.8227123250448,-4117.91,True,0.000571695,ok
Ek1e-6,1e-06,0.7,19,538.9722582721605,-4217.560770475773,True,0.0014255,ok
Ek1e-6,1e-06,0.7,20,533.1851229074085,-4312.548770925914,True,0.000972556,ok
Ek1e-6,1e-06,0.7,21,528.3498990705542,-4403.11,True,0.00071366,ok
Ek1e-6,1e-06,0.7,22,524.3728297543821,-4489.49,True,0.00122719,ok
Ek1e-6,1e-06,0.7,23,521.1719730504065,-4571.889730504064,True,0.00043401,ok
Ek1e-6,1e-06,0.7,24,518.6830779276665,-4650.47,True,0.000242298,ok
Ek1e-6,1e-06,0.7,25,516.8479873763039,-4725.39,True,0.000112914,ok
Ek1e-6,1e-06,0.7,30,515.9811159445408,-5049.05,True,0.00029436,ok
Ek1e-6,1e-06,0.7,35,526.3800057106179,-5294.650008652451,True,6.08274e-05,ok
Ek1e-6,1e-06,0.7,40,545.9749549409592,-5466.719964322483,True,0.000501344,ok
Ek1e-6,1e-06,0.7,45,573.7350152957921,-5565.57,True,0.0001693,ok
Ek1e-6,1e-06,0.7,50,609.1770007383811,-5588.409999417067,True,8.43355e-06,ok
Ek1e-6,1e-06,0.7,55,652.104000068905,-5529.989999893153,True,7.84934e-07,ok
Ek1e-6,1e-06,0.7,60,702.4450000307629,-5382.929999928531,True,3.47872e-07,ok
Ek1e-6,1e-06,0.7,65,760.1050682398261,-5137.939786750543,True,0.000766016,ok
Ek1e-6,1e-06,0.7,70,824.8079927147724,-4784.130028378126,True,8.16736e-05,ok
Ek1e-6,1e-06,0.7,75,895.8607696877008,-4309.991097891563,True,0.00257175,ok
Ek1e-6,1e-06,0.7,80,971.7759999966454,-3706.260000019134,True,3.79457e-08,ok
Ek1e-6,1e-06,0.7,85,1049.7,-2974.5,True,1.71228e-10,ok
Ek1e-6,1e-06,0.7,90,1125.06000002545,-2147.90999980953,True,3.30511e-07,ok
Ek1e-6,1e-06,0.7,95,1193.34,-1313.13,True,9.21665e-10,ok
Ek1e-6,1e-06,0.7,100,1254.64,-569.31,True,6.24869e-10,ok
Ek1e-6,1e-06,0.7,105,1313.39,45.0332,True,1.10782e-10,ok
Ek1e-6,1e-06,0.7,110,1373.86,540.441,True,1.97539e-10,ok
Ek1e-6,1e-06,0.7,115,1438.84,938.888,True,1.29789e-10,ok
Ek1e-6,1e-06,0.7,120,1510.06,1259.98,True,1.74704e-10,ok
Ek1e-6,1e-06,1.0,1,1357.6301625746316,-552.7910569011211,True,1.92916e-05,ok
Ek1e-6,1e-06,1.0,2,1083.879052494058,-921.545,True,6.88265e-06,ok
Ek1e-6,1e-06,1.0,3,925.4760968344272,-1207.860116108426,True,6.76563e-05,ok
Ek1e-6,1e-06,1.0,4,821.3780235239118,-1447.0500365147286,True,2.46234e-05,ok
Ek1e-6,1e-06,1.0,5,747.1461062005745,-1654.6801770009577,True,0.00015333,ok
Ek1e-6,1e-06,1.0,6,691.2738830462689,-1839.16,True,6.48642e-05,ok
Ek1e-6,1e-06,1.0,7,647.6051803886771,-2005.6604473639195,True,0.000392976,ok
Ek1e-6,1e-06,1.0,8,612.5289193988303,-2157.6197742882737,True,0.000210126,ok
Ek1e-6,1e-06,1.0,9,583.7711684054128,-2297.480503924125,True,0.000501013,ok
Ek1e-6,1e-06,1.0,10,559.8220229228045,-2427.050073502471,True,7.74403e-05,ok
Ek1e-6,1e-06,1.0,11,539.6348720067471,-2547.689559954873,True,0.000485077,ok
Ek1e-6,1e-06,1.0,12,522.4609680320268,-2660.4898815288007,True,0.000135475,ok
Ek1e-6,1e-06,1.0,13,507.7461173977224,-2766.310437119179,True,0.000534607,ok
Ek1e-6,1e-06,1.0,14,495.0718160570247,-2865.839258954536,True,0.000925422,ok
Ek1e-6,1e-06,1.0,15,484.1159022312997,-2959.67,True,0.000240108,ok
Ek1e-6,1e-06,1.0,16,474.62411304595577,-3048.2904632126965,True,0.000640149,ok
Ek1e-6,1e-06,1.0,17,466.3959834288027,-3132.0999276837124,True,0.000102135,ok
Ek1e-6,1e-06,1.0,18,459.2679531978519,-3211.45,True,8.96981e-05,ok
Ek1e-6,1e-06,1.0,19,453.1070035538127,-3286.64001515962,True,2.38762e-05,ok
Ek1e-6,1e-06,1.0,20,447.80410719576105,-3357.930463085688,True,0.000759412,ok
Ek1e-6,1e-06,1.0,21,443.2669487116385,-3425.529776437336,True,0.000378659,ok
Ek1e-6,1e-06,1.0,22,439.4199742308129,-3489.63,True,0.000104906,ok
Ek1e-6,1e-06,1.0,23,436.1969893828581,-3550.4199514806014,True,8.65405e-05,ok
Ek1e-6,1e-06,1.0,24,433.54524961654334,-3608.0210967999633,True,0.00101518,ok
Ek1e-6,1e-06,1.0,25,431.4149489506537,-3662.57,True,0.000250356,ok
Ek1e-6,1e-06,1.0,30,427.3580006903208,-3892.9800024851543,True,6.55381e-06,ok
Ek1e-6,1e-06,1.0,35,432.08900352935314,-4058.6900117645114,True,3.73242e-05,ok
Ek1e-6,1e-06,1.0,40,443.7759941193689,-4163.839982980025,True,6.73981e-05,ok
Ek1e-6,1e-06,1.0,45,461.420005153987,-4209.12000951165,True,5.98661e-05,ok
Ek1e-6,1e-06,1.0,50,484.4500003565093,-4192.86000035524,True,4.25901e-06,ok
Ek1e-6,1e-06,1.0,55,512.505999992915,-4111.58999999838,True,8.66595e-08,ok
Ek1e-6,1e-06,1.0,60,545.3070570294038,-3960.529954042239,True,0.000693612,ok
Ek1e-6,1e-06,1.0,65,582.526995933312,-3734.0700068447095,True,4.99291e-05,ok
Ek1e-6,1e-06,1.0,70,623.6730002377697,-3426.52999937061,True,2.94792e-06,ok
Ek1e-6,1e-06,1.0,75,667.9229981247822,-3033.730006377106,True,2.37002e-05,ok
Ek1e-6,1e-06,1.0,80,713.9260000335312,-2556.569999847284,True,4.31364e-07,ok
Ek1e-6,1e-06,1.0,85,759.645,-2008.78,True,9.8645e-10,ok
Ek1e-6,1e-06,1.0,90,802.7910000014026,-1428.2199999916534,True,2.0496e-08,ok
Ek1e-6,1e-06,1.0,95,842.519,-872.552,True,7.264e-12,ok
Ek1e-6,1e-06,1.0,100,880.502,-383.382,True,4.74569e-10,ok
Ek1e-6,1e-06,1.0,105,919.246,30.9082,True,7.41569e-11,ok
Ek1e-6,1e-06,1.0,110,960.64,378.211,True,5.37226e-11,ok
Ek1e-6,1e-06,1.0,115,1005.91,669.067,True,1.23375e-10,ok
Ek1e-6,1e-06,1.0,120,1055.89,912.744,True,2.07747e-12,ok
Ek1e-6,1e-06,3.0,1,1390.78,0.0,True,0.0,ok
Ek1e-6,1e-06,3.0,2,454.0730356243138,-323.4270356243139,True,1.2331e-05,ok
Ek1e-6,1e-06,3.0,3,409.10100520446537,-480.1859496779512,True,1.77e-06,ok
Ek1e-6,1e-06,3.0,4,375.3859998665771,-585.8559997963545,True,6.21029e-08,ok
Ek1e-6,1e-06,3.0,5,349.1419494869324,-677.2889052879982,True,3.19066e-05,ok
Ek1e-6,1e-06,3.0,6,328.07495700251013,-757.8059015218781,True,3.5404e-05,ok
Ek1e-6,1e-06,3.0,7,310.7660402262024,-829.6181040108434,True,4.06158e-05,ok
Ek1e-6,1e-06,3.0,8,296.2850673846395,-894.2861963279694,True,8.15404e-05,ok
Ek1e-6,1e-06,3.0,9,283.99700253736034,-952.95300818881,True,3.59763e-06,ok
Ek1e-6,1e-06,3.0,10,273.4500071870283,-1006.4900253423326,True,1.17276e-05,ok
Ek1e-6,1e-06,3.0,11,264.31403346273095,-1055.5701272773183,True,6.20156e-05,ok
Ek1e-6,1e-06,3.0,12,256.34000199381046,-1100.7400081287658,True,4.13562e-06,ok
Ek1e-6,1e-06,3.0,13,249.3380099675178,-1142.4300431612596,True,2.2936e-05,ok
Ek1e-6,1e-06,3.0,14,243.15800808884205,-1181.0000370458897,True,2.04336e-05,ok
Ek1e-6,1e-06,3.0,15,237.6829843749769,-1216.749927325474,True,4.24977e-05,ok
Ek1e-6,1e-06,3.0,16,232.815995286329,-1249.919977035962,True,1.41727e-05,ok
Ek1e-6,1e-06,3.0,17,228.48101785453773,-1280.7400925058637,True,4.92309e-05,ok
Ek1e-6,1e-06,3.0,18,224.612027423126,-1309.3801467906285,True,9.49404e-05,ok
Ek1e-6,1e-06,3.0,19,221.1560079724833,-1335.990043945546,True,2.94625e-05,ok
Ek1e-6,1e-06,3.0,20,218.06899856074952,-1360.7099920041642,True,5.64051e-06,ok
Ek1e-6,1e-06,3.0,21,215.3119998402009,-1383.6599990780824,True,6.70897e-07,ok
Ek1e-6,1e-06,3.0,22,212.85300769205665,-1404.940045420359,True,3.37901e-05,ok
Ek1e-6,1e-06,3.0,23,210.66300385233976,-1424.6400231316293,True,1.77996e-05,ok
Ek1e-6,1e-06,3.0,24,208.7189951969808,-1442.8399689216403,True,2.32256e-05,ok
Ek1e-6,1e-06,3.0,25,206.9999964040359,-1459.5999784242154,True,1.80747e-05,ok
Ek1e-6,1e-06,3.0,30,201.2079964445006,-1523.819977143218,True,2.21193e-05,ok
Ek1e-6,1e-06,3.0,35,199.03799730432,-1558.8999820288002,True,1.92188e-05,ok
Ek1e-6,1e-06,3.0,40,199.55899893148236,-1567.8199937669804,True,8.52626e-06,ok
Ek1e-6,1e-06,3.0,45,202.1999933548951,-1552.1099667744754,True,5.8903e-05,ok
Ek1e-6,1e-06,3.0,50,206.58500017968365,-1512.4700007939252,True,1.72694e-06,ok
Ek1e-6,1e-06,3.0,55,212.4389999761695,-1449.0399999404235,True,2.60084e-07,ok
Ek1e-6,1e-06,3.0,60,219.53799999376548,-1361.7699999813865,True,6.75103e-08,ok
Ek1e-6,1e-06,3.0,65,227.66499916606443,-1250.639998441722,True,9.50969e-06,ok
Ek1e-6,1e-06,3.0,70,236.577999833245,-1116.1099998258735,True,1.99533e-06,ok
Ek1e-6,1e-06,3.0,75,245.9830409216137,-959.931984987127,True,0.000515458,ok
Ek1e-6,1e-06,3.0,80,255.5320000013688,-786.6639999980094,True,1.83053e-08,ok
Ek1e-6,1e-06,3.0,85,264.943,-605.445,True,3.88241e-10,ok
Ek1e-6,1e-06,3.0,90,274.2640000051535,-428.8479999863736,True,7.84796e-08,ok
Ek1e-6,1e-06,3.0,95,283.953,-266.23,True,1.56767e-11,ok
Ek1e-6,1e-06,3.0,100,294.531,-120.254,True,2.79959e-11,ok
Ek1e-6,1e-06,3.0,105,306.353,10.001,True,3.3573e-11,ok
Ek1e-6,1e-06,3.0,110,319.644,126.206,True,8.95237e-12,ok
Ek1e-6,1e-06,3.0,115,334.563,229.893,True,3.89645e-12,ok
Ek1e-6,1e-06,3.0,120,351.244,322.332,True,3.29829e-11,ok
Ek1e-6,1e-06,5.0,1,1150.3600090333707,-77.29530061958454,True,6.19278e-06,ok
Ek1e-6,1e-06,5.0,2,284.03899740018454,-198.9519981801292,True,4.80038e-07,ok
Ek1e-6,1e-06,5.0,3,258.661907180407,-272.642907180407,True,2.45368e-05,ok
Ek1e-6,1e-06,5.0,4,240.1860441409221,-336.1040611011086,True,1.83024e-05,ok
Ek1e-6,1e-06,5.0,5,225.7339960793125,-391.6999933242348,True,2.10701e-06,ok
Ek1e-6,1e-06,5.0,6,213.79603035098825,-477.3709682125644,True,2.05338e-05,ok
Ek1e-6,1e-06,5.0,7,203.27700811912288,-523.296020319805,True,6.40265e-06,ok
Ek1e-6,1e-06,5.0,8,194.3349991386848,-564.4629977390476,True,7.59849e-07,ok
Ek1e-6,1e-06,5.0,9,186.6439919711611,-601.6179759134834,True,8.34159e-06,ok
Ek1e-6,1e-06,5.0,10,179.9640194981651,-635.3350664017602,True,2.48715e-05,ok
Ek1e-6,1e-06,5.0,11,174.1170246106634,-666.0690905256415,True,3.56747e-05,ok
Ek1e-6,1e-06,5.0,12,168.9660241314365,-694.1820950687713,True,3.92865e-05,ok
Ek1e-6,1e-06,5.0,13,164.4009792630458,-719.9689118679447,True,3.80747e-05,ok
Ek1e-6,1e-06,5.0,14,160.3400070739392,-743.6750312465701,True,1.41216e-05,ok
Ek1e-6,1e-06,5.0,15,156.71097604556752,-765.5028907079018,True,5.1211e-05,ok
Ek1e-6,1e-06,5.0,16,153.4600115315893,-785.624055785083,True,2.73986e-05,ok
Ek1e-6,1e-06,5.0,17,150.5400048678197,-804.1830244724634,True,1.25068e-05,ok
Ek1e-6,1e-06,5.0,18,147.9120137081276,-821.3050713208632,True,3.78882e-05,ok
Ek1e-6,1e-06,5.0,19,145.54400377081987,-837.0960202315314,True,1.11626e-05,ok
Ek1e-6,1e-06,5.0,20,143.4090113925373,-851.649062837714,True,3.59814e-05,ok
Ek1e-6,1e-06,5.0,21,141.48300136765602,-865.0440077091862,True,4.59891e-06,ok
Ek1e-6,1e-06,5.0,22,139.74499867968504,-877.3509923421732,True,4.6751e-06,ok
Ek1e-6,1e-06,5.0,23,138.1789983517326,-888.6319902935363,True,6.2474e-06,ok
Ek1e-6,1e-06,5.0,24,136.7700008077259,-898.9420048337436,True,3.1926e-06,ok
Ek1e-6,1e-06,5.0,25,135.50399961831795,-908.3279978053284,True,1.4777e-06,ok
Ek1e-6,1e-06,5.0,30,130.95800763515228,-942.7210479657496,True,3.92583e-05,ok
Ek1e-6,1e-06,5.0,35,128.7140166885858,-958.7141043175068,True,0.000101604,ok
Ek1e-6,1e-06,5.0,40,128.16299991609006,-958.4979994965404,True,5.7465e-07,ok
Ek1e-6,1e-06,5.0,45,128.9279951223322,-943.318973172827,True,3.77135e-05,ok
Ek1e-6,1e-06,5.0,50,130.75799959785977,-913.8739979222754,True,3.5555e-06,ok
Ek1e-6,1e-06,5.0,55,133.47200001771333,-870.5320000726755,True,1.65523e-07,ok
Ek1e-6,1e-06,5.0,60,136.92500001002605,-813.5060000322214,True,1.00702e-07,ok
Ek1e-6,1e-06,5.0,65,140.9830017517564,-743.0170042535742,True,1.87419e-05,ok
Ek1e-6,1e-06,5.0,70,145.5020000249513,-659.5770000350749,True,2.84924e-07,ok
Ek1e-6,1e-06,5.0,75,150.3140516429756,-564.5030183586301,True,0.000629111,ok
Ek1e-6,1e-06,5.0,80,155.24100000298145,-460.8319999980565,True,3.89251e-08,ok
Ek1e-6,1e-06,5.0,85,160.177,-354.18,True,1.56717e-11,ok
Ek1e-6,1e-06,5.0,90,165.2309999934928,-251.4220000130144,True,9.9112e-08,ok
Ek1e-6,1e-06,5.0,95,170.694,-156.852,True,1.17964e-10,ok
Ek1e-6,1e-06,5.0,100,176.831,-71.2808,True,9.90699e-12,ok
Ek1e-6,1e-06,5.0,105,183.805,5.96581,True,2.02509e-13,ok
Ek1e-6,1e-06,5.0,110,191.716,75.7572,True,4.76885e-12,ok
Ek1e-6,1e-06,5.0,115,200.641,138.834,True,1.02484e-11,ok
Ek1e-6,1e-06,5.0,120,210.648,195.795,True,7.51471e-12,ok
Ek1e-6,1e-06,7.0,1,903.302,0.0,True,0.0,ok
Ek1e-6,1e-06,7.0,2,206.5789016078368,-143.63093210054322,True,1.71934e-05,ok
Ek1e-6,1e-06,7.0,3,189.02003475330108,-197.37003576883268,True,9.51368e-06,ok
Ek1e-6,1e-06,7.0,4,176.91468604570125,-241.29650660295724,True,0.290116,ok
Ek1e-6,1e-06,7.0,5,166.02093701345754,-284.49389202307015,True,3.0708e-05,ok
Ek1e-6,1e-06,7.0,6,157.72001998535282,-320.6080398722997,True,1.25162e-05,ok
Ek1e-6,1e-06,7.0,7,150.75203896237088,-352.9100890568477,True,3.14347e-05,ok
Ek1e-6,1e-06,7.0,8,144.38000631766883,-412.2020180504824,True,5.36636e-06,ok
Ek1e-6,1e-06,7.0,9,138.80399177970142,-439.3899747260392,True,8.11858e-06,ok
Ek1e-6,1e-06,7.0,10,133.93100713818276,-463.9960214145482,True,7.94476e-06,ok
Ek1e-6,1e-06,7.0,11,129.64300999506307,-486.360036072472,True,1.29209e-05,ok
Ek1e-6,1e-06,7.0,12,125.8450076673796,-506.75502955514406,True,1.11346e-05,ok
Ek1e-6,1e-06,7.0,13,122.46600318675225,-525.405013051632,True,5.15249e-06,ok
Ek1e-6,1e-06,7.0,14,119.44600660201388,-542.4940285351282,True,1.17825e-05,ok
Ek1e-6,1e-06,7.0,15,116.7369973309224,-558.1779859873426,True,5.86219e-06,ok
Ek1e-6,1e-06,7.0,16,114.30097077197952,-572.5848655511058,True,5.90673e-05,ok
Ek1e-6,1e-06,7.0,17,112.10299497759732,-585.825969865584,True,1.39435e-05,ok
Ek1e-6,1e-06,7.0,18,110.11799909222094,-597.9959945533257,True,2.70373e-06,ok
Ek1e-6,1e-06,7.0,19,108.32199640683956,-609.1759775427473,True,1.12407e-05,ok
Ek1e-6,1e-06,7.0,20,106.69599595597052,-619.4369747248157,True,1.30557e-05,ok
Ek1e-6,1e-06,7.0,21,105.22200039864713,-628.8390022092314,True,1.20739e-06,ok
Ek1e-6,1e-06,7.0,22,103.887007307659,-637.4370414264894,True,2.35026e-05,ok
Ek1e-6,1e-06,7.0,23,102.67700304351598,-645.2770175869948,True,1.03471e-05,ok
Ek1e-6,1e-06,7.0,24,101.58200227279524,-652.400013367081,True,8.15074e-06,ok
Ek1e-6,1e-06,7.0,25,100.5920002318037,-658.8440013835638,True,8.74441e-07,ok
Ek1e-6,1e-06,7.0,30,96.951799857027,-681.8769990986484,True,6.71764e-07,ok
Ek1e-6,1e-06,7.0,35,95.00160001166525,-691.5180000729368,True,6.54809e-08,ok
Ek1e-6,1e-06,7.0,40,94.29150000894964,-689.4730000540577,True,5.81352e-08,ok
Ek1e-6,1e-06,7.0,45,94.5410999976339,-676.7449999863293,True,1.76777e-08,ok
Ek1e-6,1e-06,7.0,50,95.56359969351983,-653.9249984675993,True,2.45971e-06,ok
Ek1e-6,1e-06,7.0,55,97.22470000228874,-621.3570000099173,True,2.04081e-08,ok
Ek1e-6,1e-06,7.0,60,99.41789999436764,-579.2639999791394,True,5.37481e-08,ok
Ek1e-6,1e-06,7.0,65,102.04600160185171,-527.8620041143253,True,1.6661e-05,ok
Ek1e-6,1e-06,7.0,70,105.0050001741191,-467.572000273512,True,1.94229e-06,ok
Ek1e-6,1e-06,7.0,75,108.18090827692096,-399.39894496615256,True,0.00109049,ok
Ek1e-6,1e-06,7.0,80,111.45299999920412,-325.5860000002388,True,1.0485e-08,ok
Ek1e-6,1e-06,7.0,85,114.766,-250.159,True,8.1051e-11,ok
Ek1e-6,1e-06,7.0,90,118.21899999847416,-177.7900000026355,True,2.26795e-08,ok
Ek1e-6,1e-06,7.0,95,122.02,-111.163,True,3.14899e-11,ok
Ek1e-6,1e-06,7.0,100,126.341,-50.6506,True,5.09127e-12,ok
Ek1e-6,1e-06,7.0,105,131.287,4.25074,True,1.1294e-12,ok
Ek1e-6,1e-06,7.0,110,136.919,54.1238,True,1.42693e-11,ok
Ek1e-6,1e-06,7.0,115,143.285,99.4486,True,1.03282e-11,ok
Ek1e-6,1e-06,7.0,120,150.431,140.606,True,1.30323e-12,ok
Ek1e-6,1e-06,10.0,1,162.81647791058094,-61.884057411226806,True,0.00272559,ok
Ek1e-6,1e-06,10.0,2,146.5820091664545,-101.34500611096966,True,1.55447e-06,ok
Ek1e-6,1e-06,10.0,3,134.61098393460324,-139.55298393460325,True,3.97294e-06,ok
Ek1e-6,1e-06,10.0,4,132.8595440458381,-150.6966878178893,True,0.00109726,ok
Ek1e-6,1e-06,10.0,5,118.81802232345696,-201.66203708316385,True,1.04461e-05,ok
Ek1e-6,1e-06,10.0,6,113.06897323013465,-227.4299464602693,True,1.96218e-05,ok
Ek1e-6,1e-06,10.0,7,108.21773348963366,-250.471,True,1.74604e-05,ok
Ek1e-6,1e-06,10.0,8,104.05397058965004,-271.1989257924282,True,2.43908e-05,ok
Ek1e-6,1e-06,10.0,9,100.18600163934649,-312.7679946161793,True,1.48494e-06,ok
Ek1e-6,1e-06,10.0,10,96.72541718796724,-330.2760565393659,True,1.80715e-05,ok
Ek1e-6,1e-06,10.0,11,93.6657804342461,-346.1529304139311,True,1.18774e-05,ok
Ek1e-6,1e-06,10.0,12,90.94579849971056,-360.5959942890112,True,1.99857e-06,ok
Ek1e-6,1e-06,10.0,13,88.51621240488254,-373.7700480189001,True,1.80763e-05,ok
Ek1e-6,1e-06,10.0,14,86.33730553396936,-385.8100237170115,True,9.25793e-06,ok
Ek1e-6,1e-06,10.0,15,84.37649505711234,-396.8289778648356,True,8.87506e-06,ok
Ek1e-6,1e-06,10.0,16,82.60709098322388,-406.92295783146017,True,1.76412e-05,ok
Ek1e-6,1e-06,10.0,17,81.00669794560075,-416.1729900097784,True,4.35567e-06,ok
Ek1e-6,1e-06,10.0,18,79.55629998256889,-424.64799991220633,True,3.98526e-08,ok
Ek1e-6,1e-06,10.0,19,78.23999871431818,-432.4089914287879,True,2.4662e-06,ok
Ek1e-6,1e-06,10.0,20,77.04398844733508,-439.50594223667537,True,3.39052e-05,ok
Ek1e-6,1e-06,10.0,21,75.95669953111717,-445.9859973206696,True,1.3044e-06,ok
Ek1e-6,1e-06,10.0,22,74.96780023199106,-451.8870012919151,True,6.89522e-07,ok
Ek1e-6,1e-06,10.0,23,74.06838657281703,-457.24492327324026,True,4.3758e-05,ok
Ek1e-6,1e-06,10.0,24,73.25088298435614,-462.0889027677494,True,6.04702e-05,ok
Ek1e-6,1e-06,10.0,25,72.50850276022423,-466.44701621036864,True,9.66149e-06,ok
Ek1e-6,1e-06,10.0,30,69.73409992567164,-481.6889995595357,True,3.26583e-07,ok
Ek1e-6,1e-06,10.0,35,68.16870006776819,-487.4380004184961,True,3.57787e-07,ok
Ek1e-6,1e-06,10.0,40,67.48989987232412,-484.9679992143023,True,7.60141e-07,ok
Ek1e-6,1e-06,10.0,45,67.49529822821758,-475.040989875529,True,1.2658e-05,ok
Ek1e-6,1e-06,10.0,50,68.05029991149453,-458.12099953144167,True,6.88801e-07,ok
Ek1e-6,1e-06,10.0,55,69.0583,-434.49,True,8.12241e-10,ok
Ek1e-6,1e-06,10.0,60,70.44299999745576,-404.3359999915192,True,2.31834e-08,ok
Ek1e-6,1e-06,10.0,65,72.13529726269495,-367.8389921791284,True,2.92289e-05,ok
Ek1e-6,1e-06,10.0,70,74.06319998719216,-325.3149999743843,True,1.50006e-07,ok
Ek1e-6,1e-06,10.0,75,76.14696404354446,-277.4980431766855,True,0.000756087,ok
Ek1e-6,1e-06,10.0,80,78.30810000158773,-225.99299999951268,True,2.02947e-08,ok
Ek1e-6,1e-06,10.0,85,80.5172,-173.619,True,2.14235e-11,ok
Ek1e-6,1e-06,10.0,90,82.85389999866669,-123.51300000198344,True,1.97253e-08,ok
Ek1e-6,1e-06,10.0,95,85.4627,-77.3575,True,3.66446e-11,ok
Ek1e-6,1e-06,10.0,100,88.4564,-35.3174,True,7.97128e-12,ok
Ek1e-6,1e-06,10.0,105,91.8996,2.97001,True,3.90798e-12,ok
Ek1e-6,1e-06,10.0,110,95.8317,37.8931,True,5.70905e-12,ok
Ek1e-6,1e-06,10.0,115,100.284,69.7634,True,6.3743e-12,ok
Ek1e-6,1e-06,10.0,120,105.285,98.8243,True,7.52213e-12,ok
Ek1e-6,1e-06,30.0,1,156.63099058817224,-10.673100559756072,True,7.08748e-06,ok
Ek1e-6,1e-06,30.0,2,49.90547700224424,-34.19988275168318,True,4.03571e-06,ok
Ek1e-6,1e-06,30.0,3,46.09457803249753,-47.24777790236905,True,5.24936e-06,ok
Ek1e-6,1e-06,30.0,4,43.26740724313565,-58.579109345981465,True,2.35082e-06,ok
Ek1e-6,1e-06,30.0,5,40.5898,0.0,True,0.0,ok
Ek1e-6,1e-06,30.0,6,39.13093324251125,-77.39846268587836,True,1.74113e-05,ok
Ek1e-6,1e-06,30.0,7,37.53239224481406,-85.30788286320869,True,4.89456e-06,ok
Ek1e-6,1e-06,30.0,8,36.14901428392135,-92.41473528968804,True,1.06514e-05,ok
Ek1e-6,1e-06,30.0,9,34.93770667509597,-98.8277200252879,True,6.7258e-06,ok
Ek1e-6,1e-06,30.0,10,33.86580075085859,-112.99199636654212,True,7.33662e-07,ok
Ek1e-6,1e-06,30.0,11,32.81762856254237,-118.403,True,4.49996e-06,ok
Ek1e-6,1e-06,30.0,12,31.8792,-123.305,True,6.19431e-09,ok
Ek1e-6,1e-06,30.0,13,31.035597379549625,-127.7579897503338,True,3.39145e-06,ok
Ek1e-6,1e-06,30.0,14,30.27449903336989,-131.80799601205848,True,1.383e-06,ok
Ek1e-6,1e-06,30.0,15,29.58579936354088,-135.49799724535185,True,9.9973e-07,ok
Ek1e-6,1e-06,30.0,16,28.960997020396817,-138.86198653492963,True,5.10721e-06,ok
Ek1e-6,1e-06,30.0,17,28.392992536328407,-141.9289649299972,True,1.38848e-05,ok
Ek1e-6,1e-06,30.0,18,27.875501047935764,-144.7240052396788,True,2.10928e-06,ok
Ek1e-6,1e-06,30.0,19,27.40349967994605,-147.26899839220266,True,6.91682e-07,ok
Ek1e-6,1e-06,30.0,20,26.97250008256371,-149.58300038853508,True,1.9005e-07,ok
Ek1e-6,1e-06,30.0,21,26.57850051230729,-151.68100256153647,True,1.22845e-06,ok
Ek1e-6,1e-06,30.0,22,26.21819796497875,-153.57898895333568,True,5.35057e-06,ok
Ek1e-6,1e-06,30.0,23,25.888599280546504,-155.28799601303876,True,2.00654e-06,ok
Ek1e-6,1e-06,30.0,24,25.587099815751145,-156.81999896001437,True,5.43584e-07,ok
Ek1e-6,1e-06,30.0,25,25.311399970870795,-158.18399983288782,True,9.06851e-08,ok
Ek1e-6,1e-06,30.0,30,24.25690002094325,-162.76500015707435,True,9.63995e-08,ok
Ek1e-6,1e-06,30.0,35,23.620400016153177,-164.12800009691904,True,8.07785e-08,ok
Ek1e-6,1e-06,30.0,40,23.29050000696441,-162.74300004178647,True,4.26643e-08,ok
Ek1e-6,1e-06,30.0,45,23.1967,-158.895,True,5.50213e-09,ok
Ek1e-6,1e-06,30.0,50,23.292100172618937,-152.76400069047574,True,1.3809e-06,ok
Ek1e-6,1e-06,30.0,55,23.5428,-144.464,True,9.20911e-09,ok
Ek1e-6,1e-06,30.0,60,23.922599998631465,-134.07299999473912,True,1.22287e-08,ok
Ek1e-6,1e-06,30.0,65,24.407901145677187,-121.66200286419296,True,1.14638e-05,ok
Ek1e-6,1e-06,30.0,70,24.974500093260787,-107.346,True,8.17201e-07,ok
Ek1e-6,1e-06,30.0,75,25.5963927917564,-91.3808927917564,True,7.41932e-05,ok
Ek1e-6,1e-06,30.0,80,26.249900001024216,-74.3190000000072,True,1.28501e-08,ok
Ek1e-6,1e-06,30.0,85,26.9302,-57.0958,True,1.87422e-11,ok
Ek1e-6,1e-06,30.0,90,27.6688,-40.6855,True,5.81192e-12,ok
Ek1e-6,1e-06,30.0,95,28.5125,-25.5508,True,1.08765e-11,ok
Ek1e-6,1e-06,30.0,100,29.4944,-11.7014,True,1.52223e-11,ok
Ek1e-6,1e-06,30.0,105,30.6326,0.987158,True,3.17881e-12,ok
Ek1e-6,1e-06,30.0,110,31.938,12.6345,True,2.03146e-12,ok
Ek1e-6,1e-06,30.0,115,33.4195,23.3329,True,1.35242e-12,ok
Ek1e-6,1e-06,30.0,120,35.0863,33.1522,True,1.79218e-12,ok
Ek1e-6,1e-06,50.0,1,118.43599078382503,-7.671088757819896,True,5.11354e-06,ok
Ek1e-6,1e-06,50.0,2,73.57990016570848,2.365040009855751,True,5.16529e-08,ok
Ek1e-6,1e-06,50.0,3,,,False,0.00521193,no_onset_in_range
Ek1e-6,1e-06,50.0,4,26.124395984682877,-35.273194706156055,True,1.28965e-06,ok
Ek1e-6,1e-06,50.0,5,24.77789482356172,-41.29009158734411,True,2.14363e-06,ok
Ek1e-6,1e-06,50.0,6,23.65670333189104,-46.63190654478597,True,1.73983e-06,ok
Ek1e-6,1e-06,50.0,7,22.70029424550324,-51.40568735523786,True,3.55093e-06,ok
Ek1e-6,1e-06,50.0,8,21.87109726188972,-55.69389325109602,True,1.98917e-06,ok
Ek1e-6,1e-06,50.0,9,21.143999155788084,-59.56199773597714,True,7.00955e-07,ok
Ek1e-6,1e-06,50.0,10,20.500595437024955,-63.0629,True,5.91747e-07,ok
Ek1e-6,1e-06,50.0,11,19.889298583182445,-71.40829514977237,True,1.42381e-06,ok
Ek1e-6,1e-06,50.0,12,19.322501385097556,-74.36030510507383,True,1.57658e-06,ok
Ek1e-6,1e-06,50.0,13,18.81229972228114,-77.03899892185007,True,3.49451e-07,ok
Ek1e-6,1e-06,50.0,14,18.35140137576599,-79.47370570688113,True,1.92163e-06,ok
Ek1e-6,1e-06,50.0,15,17.933799374823028,-81.68949731364349,True,9.55611e-07,ok
Ek1e-6,1e-06,50.0,16,17.554603072997818,-83.70731360899033,True,5.09473e-06,ok
Ek1e-6,1e-06,50.0,17,17.209399805117418,-85.54489909104657,True,3.53006e-07,ok
Ek1e-6,1e-06,50.0,18,16.89469994075966,-87.21769971382811,True,1.15941e-07,ok
Ek1e-6,1e-06,50.0,19,16.60729970031068,-88.73889850561007,True,6.31028e-07,ok
Ek1e-6,1e-06,50.0,20,16.344499496599298,-90.11999741687217,True,1.13593e-06,ok
Ek1e-6,1e-06,50.0,21,16.104099405186226,-91.37079687025977,True,1.43248e-06,ok
Ek1e-6,1e-06,50.0,22,15.884000620855414,-92.5002032905337,True,1.57133e-06,ok
Ek1e-6,1e-06,50.0,23,15.68239979544252,-93.51569887460457,True,5.56731e-07,ok
Ek1e-6,1e-06,50.0,24,15.497799923151536,-94.42409956933652,True,2.21333e-07,ok
Ek1e-6,1e-06,50.0,25,15.32879992767549,-95.2313995879912,True,2.19886e-07,ok
Ek1e-6,1e-06,50.0,30,14.6793,-97.9165,True,3.42611e-09,ok
Ek1e-6,1e-06,50.0,35,14.282700043022016,-98.66510023901118,True,1.85929e-07,ok
Ek1e-6,1e-06,50.0,40,14.071500002944534,-97.7643000176672,True,1.62568e-08,ok
Ek1e-6,1e-06,50.0,45,14.003099997866991,-95.3899999879164,True,1.35886e-08,ok
Ek1e-6,1e-06,50.0,50,14.048999993777247,-91.65279996765165,True,4.48177e-08,ok
Ek1e-6,1e-06,50.0,55,14.188800003263866,-86.62350001436101,True,2.49237e-08,ok
Ek1e-6,1e-06,50.0,60,14.4066,-80.35,True,8.64252e-09,ok
Ek1e-6,1e-06,50.0,65,14.688100768117422,-72.8757025603914,True,8.20607e-06,ok
Ek1e-6,1e-06,50.0,70,15.018799983389332,-64.27099996476498,True,1.74988e-07,ok
Ek1e-6,1e-06,50.0,75,15.383102489178784,-54.6910025487005,True,2.85188e-05,ok
Ek1e-6,1e-06,50.0,80,15.767200001068495,-44.46850000008256,True,1.33494e-08,ok
Ek1e-6,1e-06,50.0,85,16.1688,-34.1641,True,2.3302e-11,ok
Ek1e-6,1e-06,50.0,90,16.6072,-24.3532,True,7.9045e-12,ok
Ek1e-6,1e-06,50.0,95,17.1104,-15.3024,True,1.86693e-12,ok
Ek1e-6,1e-06,50.0,100,17.6977,-7.01231,True,8.92587e-13,ok
Ek1e-6,1e-06,50.0,105,18.3795,0.591955,True,1.30497e-12,ok
Ek1e-6,1e-06,50.0,110,19.1621,7.58117,True,4.30711e-14,ok
Ek1e-6,1e-06,50.0,115,20.0507,14.0093,True,1.07039e-12,ok
Ek1e-6,1e-06,50.0,120,21.0507,19.9169,True,2.80758e-13,ok
Ek1e-6,1e-06,70.0,1,89.73910703706268,-5.679731325767058,True,3.14758e-06,ok
Ek1e-6,1e-06,70.0,2,74.37369340476953,7.975380299783204,True,1.37529e-05,ok
Ek1e-6,1e-06,70.0,3,32.72852807538294,-8.944021086489586,True,2.62791e-05,ok
Ek1e-6,1e-06,70.0,4,18.7106992657103,-25.233699033485745,True,2.34015e-07,ok
Ek1e-6,1e-06,70.0,5,17.75169757556335,-29.542296067765715,True,9.95434e-07,ok
Ek1e-6,1e-06,70.0,6,16.9525,0.0,True,0.0,ok
Ek1e-6,1e-06,70.0,7,16.27020006853708,-36.78620014642013,True,4.095e-08,ok
Ek1e-6,1e-06,70.0,8,15.678302804601785,-39.85660687127437,True,2.02118e-06,ok
Ek1e-6,1e-06,70.0,9,15.158802034925031,-42.625805486267566,True,1.68391e-06,ok
Ek1e-6,1e-06,70.0,10,14.698801502391875,-45.13160375597969,True,1.22542e-06,ok
Ek1e-6,1e-06,70.0,11,14.267999701191837,-51.11839910357551,True,2.47172e-07,ok
Ek1e-6,1e-06,70.0,12,13.861999462438057,-53.23019803905414,True,6.00006e-07,ok
Ek1e-6,1e-06,70.0,13,13.496299686064102,-55.145798784652186,True,3.90502e-07,ok
Ek1e-6,1e-06,70.0,14,13.16579992657128,-56.88619970017425,True,1.01003e-07,ok
Ek1e-6,1e-06,70.0,15,12.866199628322198,-58.46939840803601,True,5.61481e-07,ok
Ek1e-6,1e-06,70.0,16,12.593999351287192,-59.91039709933219,True,1.06973e-06,ok
Ek1e-6,1e-06,70.0,17,12.34609761309923,-61.22218890290716,True,4.27432e-06,ok
Ek1e-6,1e-06,70.0,18,12.119900438211165,-62.41570205622162,True,8.1701e-07,ok
Ek1e-6,1e-06,70.0,19,11.91329922756014,-63.50049616058043,True,1.60844e-06,ok
Ek1e-6,1e-06,70.0,20,11.72440050533896,-64.4848025266948,True,1.10618e-06,ok
Ek1e-6,1e-06,70.0,21,11.551399898839838,-65.37569947026961,True,2.40637e-07,ok
Ek1e-6,1e-06,70.0,22,11.392999717278382,-66.17949848138193,True,7.17356e-07,ok
Ek1e-6,1e-06,70.0,23,11.247801434841428,-66.90180758416183,True,3.7858e-06,ok
Ek1e-6,1e-06,70.0,24,11.114801091810351,-67.54730618692534,True,3.14475e-06,ok
Ek1e-6,1e-06,70.0,25,10.992899317357445,-68.12039612316491,True,2.05439e-06,ok
Ek1e-6,1e-06,70.0,30,10.523899991079052,-70.01849994669658,True,3.40412e-08,ok
Ek1e-6,1e-06,70.0,35,10.23600000934823,-70.53190005842643,True,4.53544e-08,ok
Ek1e-6,1e-06,70.0,40,10.08099981608252,-69.86709890699083,True,1.00904e-06,ok
Ek1e-6,1e-06,70.0,45,10.028299997070212,-68.15109998346844,True,1.85315e-08,ok
Ek1e-6,1e-06,70.0,50,10.057600002903673,-65.4638000150991,True,2.16891e-08,ok
Ek1e-6,1e-06,70.0,55,10.1542,-61.8563,True,3.68426e-09,ok
Ek1e-6,1e-06,70.0,60,10.3066,-57.3634,True,6.84341e-09,ok
Ek1e-6,1e-06,70.0,65,10.504700063701984,-52.01640019110595,True,6.66734e-07,ok
Ek1e-6,1e-06,70.0,70,10.7381,-45.8657,True,9.70668e-09,ok
Ek1e-6,1e-06,70.0,75,10.995693731765789,-39.02269373176579,True,7.16637e-05,ok
Ek1e-6,1e-06,70.0,80,11.2676,-31.7255,True,8.35838e-09,ok
Ek1e-6,1e-06,70.0,85,11.5524,-24.3743,True,4.40993e-12,ok
Ek1e-6,1e-06,70.0,90,11.8641,-17.3774,True,2.97752e-12,ok
Ek1e-6,1e-06,70.0,95,12.2226,-10.9217,True,6.85331e-13,ok
Ek1e-6,1e-06,70.0,100,12.6416,-5.0062,True,5.63444e-13,ok
Ek1e-6,1e-06,70.0,105,13.1282,0.422721,True,2.24156e-12,ok
Ek1e-6,1e-06,70.0,110,13.687,5.41525,True,2.93015e-14,ok
Ek1e-6,1e-06,70.0,115,14.3216,10.0095,True,4.76915e-13,ok
Ek1e-6,1e-06,70.0,120,15.0359,14.2342,True,3.48664e-13,ok
Ek1e-6,1e-06,100.0,1,57.496599546700864,-3.754429957188415,True,2.65748e-07,ok
Ek1e-6,1e-06,100.0,2,15.083000458592736,-10.303900458592738,True,6.27292e-08,ok
Ek1e-6,1e-06,100.0,3,13.959694867608484,-14.25149487174918,True,1.19199e-06,ok
Ek1e-6,1e-06,100.0,5,12.454301306830343,-20.705602178050576,True,5.56497e-07,ok
Ek1e-6,1e-06,100.0,7,11.418601437596632,-25.786003199811866,True,8.93853e-07,ok
Ek1e-6,1e-06,100.0,8,11.004399295664223,-27.939198271842912,True,5.02785e-07,ok
Ek1e-6,1e-06,100.0,9,10.640701641757763,-29.880904417443357,True,1.34771e-06,ok
Ek1e-6,1e-06,100.0,10,10.318503031761391,-31.63770909528417,True,2.94981e-06,ok
Ek1e-6,1e-06,100.0,11,10.019901820836962,-35.8419988512439,True,1.88837e-06,ok
Ek1e-6,1e-06,100.0,12,9.735140896098615,-37.32200326271804,True,9.89196e-07,ok
Ek1e-6,1e-06,100.0,13,9.478499597376969,-38.66399844494399,True,4.96356e-07,ok
Ek1e-6,1e-06,100.0,14,9.246459992637831,-39.88299997001066,True,1.00369e-08,ok
Ek1e-6,1e-06,100.0,15,9.03604993092603,-40.99149970485341,True,1.0343e-07,ok
Ek1e-6,1e-06,100.0,16,8.844778479128337,-42.00009321533743,True,1.23799e-06,ok
Ek1e-6,1e-06,100.0,17,8.6705503379875,-42.917901577275,True,5.98833e-07,ok
Ek1e-6,1e-06,100.0,18,8.511550624734355,-43.75260302290817,True,1.19428e-06,ok
Ek1e-6,1e-06,100.0,19,8.36624950988706,-44.51099756990639,True,1.01199e-06,ok
Ek1e-6,1e-06,100.0,20,8.233299189083874,-45.198795862469794,True,1.79484e-06,ok
Ek1e-6,1e-06,100.0,21,8.111559921820978,-45.82109959222132,True,1.84167e-07,ok
Ek1e-6,1e-06,100.0,22,7.999999708011726,-46.38229843536722,True,7.34949e-07,ok
Ek1e-6,1e-06,100.0,23,7.897749959697839,-46.88619977949943,True,1.07682e-07,ok
Ek1e-6,1e-06,100.0,24,7.804030097424629,-47.33630054124794,True,2.78593e-07,ok
Ek1e-6,1e-06,100.0,25,7.718139965088426,-47.73559980219369,True,1.04265e-07,ok
Ek1e-6,1e-06,100.0,30,7.387039936196131,-49.05389962024024,True,2.41521e-07,ok
Ek1e-6,1e-06,100.0,35,7.183090019132398,-49.40190011773783,True,8.82713e-08,ok
Ek1e-6,1e-06,100.0,40,7.072410080371546,-48.9254,True,7.11122e-08,ok
Ek1e-6,1e-06,100.0,45,7.033570002205099,-47.71360001218608,True,1.35756e-08,ok
Ek1e-6,1e-06,100.0,50,7.052210165751508,-45.823000853871406,True,1.16211e-06,ok
Ek1e-6,1e-06,100.0,55,7.11807,-43.2899,True,5.42794e-09,ok
Ek1e-6,1e-06,100.0,60,7.22313,-40.1387,True,1.45433e-09,ok
Ek1e-6,1e-06,100.0,65,7.360239980474253,-36.3914999415665,True,1.87726e-07,ok
Ek1e-6,1e-06,100.0,70,7.522120001216313,-32.08380000260638,True,1.2484e-08,ok
Ek1e-6,1e-06,100.0,75,7.701018201878385,-27.2936,True,3.67362e-05,ok
Ek1e-6,1e-06,100.0,80,7.89008,-22.188,True,3.20661e-09,ok
Ek1e-6,1e-06,100.0,85,8.08841,-17.047,True,8.85778e-13,ok
Ek1e-6,1e-06,100.0,90,8.30584,-12.1549,True,4.62859e-13,ok
Ek1e-6,1e-06,100.0,95,8.55631,-7.64068,True,2.44352e-12,ok
Ek1e-6,1e-06,100.0,100,8.84926,-3.50297,True,6.7708e-13,ok
Ek1e-6,1e-06,100.0,105,9.18972,0.29585,True,3.81508e-13,ok
Ek1e-6,1e-06,100.0,110,9.58077,3.79075,True,1.00508e-13,ok
Ek1e-6,1e-06,100.0,115,10.025,7.0082,True,2.89001e-13,ok
Ek1e-6,1e-06,100.0,120,10.5249,9.96805,True,9.10091e-14,ok
Ek3.162277660168379e-6,3.162277660168379e-06,0.1,1,2801.729943788822,-1521.819990535485,True,2.23842e-05,ok
Ek3.162277660168379e-6,3.162277660168379e-06,0.1,2,1890.490007168804,-2216.710001681571,True,5.45834e-06,ok
Ek3.162277660168379e-6,3.162277660168379e-06,0.1,3,1528.4797802409196,-2750.739928908049,True,0.000260984,ok
Ek3.162277660168379e-6,3.162277660168379e-06,0.1,4,1329.9794919789913,-3183.539791374329,True,0.000762471,ok
Ek3.162277660168379e-6,3.162277660168379e-06,0.1,5,1203.3201660633524,-3556.000074670848,True,0.000298026,ok
Ek3.162277660168379e-6,3.162277660168379e-06,0.1,6,1118.2490486685977,-3887.8195622780263,True,0.00198536,ok
Ek3.162277660168379e-6,3.162277660168379e-06,0.1,7,1059.5791768546785,-4188.299621265074,True,0.00195192,ok
Ek3.162277660168379e-6,3.162277660168379e-06,0.1,8,1018.6396971777268,-4463.219864167581,True,0.00080253,ok
Ek3.162277660168379e-6,3.162277660168379e-06,0.1,9,990.1651560761608,-4716.45,True,0.000545565,ok
Ek3.162277660168379e-6,3.162277660168379e-06,0.1,10,970.8598348200892,-4950.22,True,0.000682067,ok
Ek3.162277660168379e-6,3.162277660168379e-06,0.1,11,958.7195957702636,-5165.649911324669,True,0.00134926,ok
Ek3.162277660168379e-6,3.162277660168379e-06,0.1,12,952.6245870884658,-5363.51,True,0.00106129,ok
Ek3.162277660168379e-6,3.162277660168379e-06,0.1,13,951.9667229476568,-5544.87,True,0.00298635,ok
Ek3.162277660168379e-6,3.162277660168379e-06,0.1,14,956.348078105485,-5711.290070174149,True,0.00697372,ok
Ek3.162277660168379e-6,3.162277660168379e-06,0.1,15,965.391948915146,-5864.720003785319,True,0.000188367,ok
Ek3.162277660168379e-6,3.162277660168379e-06,0.1,16,978.6402912663848,-6007.1499121587485,True,0.00249743,ok
Ek3.162277660168379e-6,3.162277660168379e-06,0.1,17,995.5213785533584,-6140.313785533586,True,0.00209792,ok
Ek3.162277660168379e-6,3.162277660168379e-06,0.1,18,1015.3987278895598,-6265.160205416495,True,0.0049659,ok
Ek3.162277660168379e-6,3.162277660168379e-06,0.1,19,1037.6796167137863,-6381.550087219978,True,0.00152763,ok
Ek3.162277660168379e-6,3.162277660168379e-06,0.1,20,1062.0505112229982,-6488.35982107195,True,0.00208764,ok
Ek3.162277660168379e-6,3.162277660168379e-06,0.1,21,1088.5097984807444,-6584.280085984596,True,0.000818246,ok
Ek3.162277660168379e-6,3.162277660168379e-06,0.1,22,1117.3011587424558,-6668.629389026705,True,0.00469665,ok
Ek3.162277660168379e-6,3.162277660168379e-06,0.1,23,1148.7085226406905,-6741.570879078176,True,0.00591456,ok
Ek3.162277660168379e-6,3.162277660168379e-06,0.1,24,1182.919447884949,-6803.9003573173695,True,0.00218348,ok
Ek3.162277660168379e-6,3.162277660168379e-06,0.1,25,1219.9993043873133,-6856.700474810062,True,0.00271688,ok
Ek3.162277660168379e-6,3.162277660168379e-06,0.1,30,1445.198335649425,-7004.635933729245,True,203.822,ok
Ek3.162277660168379e-6,3.162277660168379e-06,0.1,35,1726.4933107659344,-6981.246109850027,True,0.0113604,ok
Ek3.162277660168379e-6,3.162277660168379e-06,0.1,40,2074.785355313685,-6777.624959704767,True,0.0161683,ok
Ek3.162277660168379e-6,3.162277660168379e-06,0.1,45,2499.299868039565,-6418.160167966058,True,0.000370518,ok
Ek3.162277660168379e-6,3.162277660168379e-06,0.1,50,3009.440005195595,-5894.099992302823,True,1.2685e-05,ok
Ek3.162277660168379e-6,3.162277660168379e-06,0.1,55,3621.8051715303136,-5159.897908052591,True,0.0106653,ok
Ek3.162277660168379e-6,3.162277660168379e-06,0.1,60,4359.950054655337,-4114.659885605107,True,0.000104807,ok
Ek3.162277660168379e-6,3.162277660168379e-06,0.1,65,5259.12,-2471.76,True,1.76398e-09,ok
Ek3.162277660168379e-6,3.162277660168379e-06,0.1,70,6265.58,874.877,True,1.67631e-10,ok
Ek3.162277660168379e-6,3.162277660168379e-06,0.1,75,6706.11,2374.58,True,6.81648e-11,ok
Ek3.162277660168379e-6,3.162277660168379e-06,0.1,80,7149.74,2617.82,True,3.45495e-11,ok
Ek3.162277660168379e-6,3.162277660168379e-06,0.1,85,7688.810000002376,2657.010000000153,True,1.16243e-08,ok
Ek3.162277660168379e-6,3.162277660168379e-06,0.1,90,8332.5,2630.19,True,5.62531e-11,ok
Ek3.162277660168379e-6,3.162277660168379e-06,0.1,95,9088.97,2576.07,True,2.62614e-11,ok
Ek3.162277660168379e-6,3.162277660168379e-06,0.1,100,9967.74,2509.7,True,2.04868e-12,ok
Ek3.162277660168379e-6,3.162277660168379e-06,0.1,105,10979.699999944649,2438.070000000714,True,1.40449e-07,ok
Ek3.162277660168379e-6,3.162277660168379e-06,0.1,110,12136.886485662446,2364.7701652099154,True,0.0301273,ok
Ek3.162277660168379e-6,3.162277660168379e-06,0.1,115,13452.652839160412,2291.768035643646,True,22.7159,ok
Ek3.162277660168379e-6,3.162277660168379e-06,0.1,120,14948.793184942904,2220.180068150571,True,603.651,ok
Ek3.162277660168379e-6,3.162277660168379e-06,0.3,1,1695.949998391858,-778.7289991959291,True,7.94886e-07,ok
Ek3.162277660168379e-6,3.162277660168379e-06,0.3,2,1195.2497399990052,-1193.259871303384,True,0.000212217,ok
Ek3.162277660168379e-6,3.162277660168379e-06,0.3,3,971.0320002642352,-1505.5800001563907,True,3.25426e-07,ok
Ek3.162277660168379e-6,3.162277660168379e-06,0.3,4,841.8819991901692,-1764.0599994607571,True,1.36972e-06,ok
Ek3.162277660168379e-6,3.162277660168379e-06,0.3,5,757.7209961446448,-1987.51,True,6.17807e-06,ok
Ek3.162277660168379e-6,3.162277660168379e-06,0.3,6,698.8958437865742,-2185.759882905932,True,0.000381349,ok
Ek3.162277660168379e-6,3.162277660168379e-06,0.3,7,655.9878220795007,-2364.6298664819988,True,0.000501549,ok
Ek3.162277660168379e-6,3.162277660168379e-06,0.3,8,623.8613810893329,-2527.909545530718,True,0.000500292,ok
Ek3.162277660168379e-6,3.162277660168379e-06,0.3,9,599.4630540869169,-2678.200040208499,True,0.000186004,ok
Ek3.162277660168379e-6,3.162277660168379e-06,0.3,10,580.8511767274107,-2817.420118160769,True,0.000658612,ok
Ek3.162277660168379e-6,3.162277660168379e-06,0.3,11,566.7339914662062,-2946.959994771958,True,3.45772e-05,ok
Ek3.162277660168379e-6,3.162277660168379e-06,0.3,12,556.2160137393257,-3067.9100078138345,True,5.8455e-05,ok
Ek3.162277660168379e-6,3.162277660168379e-06,0.3,13,548.656001586817,-3181.120000808569,True,7.05884e-06,ok
Ek3.162277660168379e-6,3.162277660168379e-06,0.3,14,543.5870212794606,-3287.260007954939,True,9.96415e-05,ok
Ek3.162277660168379e-6,3.162277660168379e-06,0.3,15,540.6569974629631,-3386.86,True,5.6774e-06,ok
Ek3.162277660168379e-6,3.162277660168379e-06,0.3,16,539.5999985087664,-3480.3499996955147,True,7.64503e-06,ok
Ek3.162277660168379e-6,3.162277660168379e-06,0.3,17,540.2121755288233,-3568.09,True,0.00119592,ok
Ek3.162277660168379e-6,3.162277660168379e-06,0.3,18,542.3320704399674,-3650.35,True,0.000372058,ok
Ek3.162277660168379e-6,3.162277660168379e-06,0.3,19,545.831811389321,-3727.370098456754,True,0.00641487,ok
Ek3.162277660168379e-6,3.162277660168379e-06,0.3,20,550.6182667344152,-3799.32,True,0.000838083,ok
Ek3.162277660168379e-6,3.162277660168379e-06,0.3,21,556.61007434049,-3866.339980938336,True,0.00041858,ok
Ek3.162277660168379e-6,3.162277660168379e-06,0.3,22,563.7468925376296,-3928.5200433643854,True,0.000605126,ok
Ek3.162277660168379e-6,3.162277660168379e-06,0.3,23,571.9849793740661,-3985.960010515771,True,0.000117157,ok
Ek3.162277660168379e-6,3.162277660168379e-06,0.3,24,581.2879666071074,-4038.700020639485,True,0.000190945,ok
Ek3.162277660168379e-6,3.162277660168379e-06,0.3,25,591.6298663258465,-4086.800096840016,True,0.000766916,ok
Ek3.162277660168379e-6,3.162277660168379e-06,0.3,30,658.417993651516,-4257.820007843693,True,3.67212e-05,ok
Ek3.162277660168379e-6,3.162277660168379e-06,0.3,35,750.2499999783923,-4309.820000037232,True,1.20223e-07,ok
Ek3.162277660168379e-6,3.162277660168379e-06,0.3,40,868.4110000185678,-4233.2199999594495,True,9.81119e-08,ok
Ek3.162277660168379e-6,3.162277660168379e-06,0.3,45,1015.079842834339,-4011.0804094957375,True,0.000791392,ok
Ek3.162277660168379e-6,3.162277660168379e-06,0.3,50,1192.7199922838838,-3616.050023987729,True,3.65851e-05,ok
Ek3.162277660168379e-6,3.162277660168379e-06,0.3,55,1402.590000173526,-3003.9799993140905,True,7.95059e-07,ok
Ek3.162277660168379e-6,3.162277660168379e-06,0.3,60,1640.28,-2107.43,True,8.19071e-10,ok
Ek3.162277660168379e-6,3.162277660168379e-06,0.3,65,1878.26,-909.946,True,5.38991e-10,ok
Ek3.162277660168379e-6,3.162277660168379e-06,0.3,70,2063.44,201.444,True,1.1261e-09,ok
Ek3.162277660168379e-6,3.162277660168379e-06,0.3,75,2215.32,883.506,True,6.16113e-11,ok
Ek3.162277660168379e-6,3.162277660168379e-06,0.3,80,2375.84,1271.27,True,4.55572e-11,ok
Ek3.162277660168379e-6,3.162277660168379e-06,0.3,85,2561.31,1497.29,True,1.94451e-12,ok
Ek3.162277660168379e-6,3.162277660168379e-06,0.3,90,2778.55,1629.66,True,1.23814e-11,ok
Ek3.162277660168379e-6,3.162277660168379e-06,0.3,95,3031.95,1704.33,True,1.63765e-11,ok
Ek3.162277660168379e-6,3.162277660168379e-06,0.3,100,3325.43,1741.78,True,9.20991e-12,ok
Ek3.162277660168379e-6,3.162277660168379e-06,0.3,105,3662.97,1754.41,True,8.00912e-12,ok
Ek3.162277660168379e-6,3.162277660168379e-06,0.3,110,4048.73,1750.13,True,9.63049e-12,ok
Ek3.162277660168379e-6,3.162277660168379e-06,0.3,115,4487.15,1734.19,True,6.84738e-12,ok
Ek3.162277660168379e-6,3.162277660168379e-06,0.3,120,4982.85,1710.23,True,2.53694e-12,ok
Ek3.162277660168379e-6,3.162277660168379e-06,0.5,1,1265.9199880849624,-538.4309950500973,True,2.97023e-06,ok
Ek3.162277660168379e-6,3.162277660168379e-06,0.5,2,937.0200045696976,-853.0810031404654,True,3.05932e-06,ok
Ek3.162277660168379e-6,3.162277660168379e-06,0.5,3,775.4780041200476,-1091.470003635336,True,4.65942e-06,ok
Ek3.162277660168379e-6,3.162277660168379e-06,0.5,4,678.2888497298693,-1288.559835738731,True,0.000245398,ok
Ek3.162277660168379e-6,3.162277660168379e-06,0.5,5,613.2010175540726,-1458.56002065185,True,3.5333e-05,ok
Ek3.162277660168379e-6,3.162277660168379e-06,0.5,6,566.7350075758746,-1608.92,True,3.88903e-06,ok
Ek3.162277660168379e-6,3.162277660168379e-06,0.5,7,532.1860240719983,-1744.1000324285983,True,6.87149e-05,ok
Ek3.162277660168379e-6,3.162277660168379e-06,0.5,8,505.8090227457475,-1867.04,True,3.37008e-05,ok
Ek3.162277660168379e-6,3.162277660168379e-06,0.5,9,485.33856148327567,-1979.779381380648,True,0.00162902,ok
Ek3.162277660168379e-6,3.162277660168379e-06,0.5,10,469.3159914967245,-2083.79998807986,True,3.47282e-05,ok
Ek3.162277660168379e-6,3.162277660168379e-06,0.5,11,456.7549082831768,-2180.209873944545,True,0.000406593,ok
Ek3.162277660168379e-6,3.162277660168379e-06,0.5,12,446.9669777967342,-2269.88,True,7.71272e-05,ok
Ek3.162277660168379e-6,3.162277660168379e-06,0.5,13,439.4530266331405,-2353.4700332914254,True,0.000130561,ok
Ek3.162277660168379e-6,3.162277660168379e-06,0.5,14,433.8449992138813,-2431.51,True,3.99137e-06,ok
Ek3.162277660168379e-6,3.162277660168379e-06,0.5,15,429.8649987479827,-2504.44,True,7.25655e-06,ok
Ek3.162277660168379e-6,3.162277660168379e-06,0.5,16,427.30000129933046,-2572.6000012523664,True,7.24518e-06,ok
Ek3.162277660168379e-6,3.162277660168379e-06,0.5,17,425.98382243633023,-2636.26,True,0.00073238,ok
Ek3.162277660168379e-6,3.162277660168379e-06,0.5,18,425.7848561665033,-2695.65,True,0.00122231,ok
Ek3.162277660168379e-6,3.162277660168379e-06,0.5,19,426.5999896193403,-2750.9499929946464,True,6.38448e-05,ok
Ek3.162277660168379e-6,3.162277660168379e-06,0.5,20,428.34796502607,-2802.30998039219,True,0.00021994,ok
Ek3.162277660168379e-6,3.162277660168379e-06,0.5,21,430.96002268311776,-2849.8400098266216,True,0.000145061,ok
Ek3.162277660168379e-6,3.162277660168379e-06,0.5,22,434.38498642439777,-2893.6199957839744,True,8.85836e-05,ok
Ek3.162277660168379e-6,3.162277660168379e-06,0.5,23,438.57899973435,-2933.7199999524946,True,1.75984e-06,ok
Ek3.162277660168379e-6,3.162277660168379e-06,0.5,24,443.50700353930455,-2970.180000272254,True,2.36686e-05,ok
Ek3.162277660168379e-6,3.162277660168379e-06,0.5,25,449.14299806209925,-3003.0200001719218,True,1.31266e-05,ok
Ek3.162277660168379e-6,3.162277660168379e-06,0.5,30,487.3340002205958,-3112.7899998240646,True,1.5244e-06,ok
Ek3.162277660168379e-6,3.162277660168379e-06,0.5,35,541.5289716015949,-3127.9200407950148,True,0.000197613,ok
Ek3.162277660168379e-6,3.162277660168379e-06,0.5,40,611.7079881365563,-3037.990024977688,True,8.01516e-05,ok
Ek3.162277660168379e-6,3.162277660168379e-06,0.5,45,698.1870001716668,-2826.7699995279163,True,1.1294e-06,ok
Ek3.162277660168379e-6,3.162277660168379e-06,0.5,50,800.6520000412289,-2472.469999854113,True,2.64948e-07,ok
Ek3.162277660168379e-6,3.162277660168379e-06,0.5,55,916.42,-1951.09,True,2.46193e-10,ok
Ek3.162277660168379e-6,3.162277660168379e-06,0.5,60,1036.72,-1260.33,True,8.88648e-11,ok
Ek3.162277660168379e-6,3.162277660168379e-06,0.5,65,1144.84,-504.855,True,6.96929e-11,ok
Ek3.162277660168379e-6,3.162277660168379e-06,0.5,70,1235.86,115.724,True,4.35123e-11,ok
Ek3.162277660168379e-6,3.162277660168379e-06,0.5,75,1324.41,549.046,True,1.30734e-11,ok
Ek3.162277660168379e-6,3.162277660168379e-06,0.5,80,1422.24,843.82,True,3.39674e-12,ok
Ek3.162277660168379e-6,3.162277660168379e-06,0.5,85,1535.22,1045.09,True,2.85386e-11,ok
Ek3.162277660168379e-6,3.162277660168379e-06,0.5,90,1666.83,1182.32,True,5.0014e-12,ok
Ek3.162277660168379e-6,3.162277660168379e-06,0.5,95,1819.72,1274.55,True,1.05676e-12,ok
Ek3.162277660168379e-6,3.162277660168379e-06,0.5,100,1996.35,1334.45,True,1.02328e-11,ok
Ek3.162277660168379e-6,3.162277660168379e-06,0.5,105,2199.2,1370.71,True,1.62963e-12,ok
Ek3.162277660168379e-6,3.162277660168379e-06,0.5,110,2430.86,1389.44,True,2.51171e-12,ok
Ek3.162277660168379e-6,3.162277660168379e-06,0.5,115,2694.01,1395.08,True,3.58721e-12,ok
Ek3.162277660168379e-6,3.162277660168379e-06,0.5,120,2991.47,1390.94,True,2.93667e-12,ok
Ek3.162277660168379e-6,3.162277660168379e-06,0.7,1,1009.0199855142608,-412.1389940429201,True,2.67756e-06,ok
Ek3.162277660168379e-6,3.162277660168379e-06,0.7,2,775.7389685288862,-668.5759755706125,True,1.69391e-05,ok
Ek3.162277660168379e-6,3.162277660168379e-06,0.7,3,652.7048590424079,-864.1058488377347,True,0.000133046,ok
Ek3.162277660168379e-6,3.162277660168379e-06,0.7,4,575.9820089731384,-1025.6700118021936,True,1.22717e-05,ok
Ek3.162277660168379e-6,3.162277660168379e-06,0.7,5,523.4249776461119,-1164.6899441152798,True,4.31111e-05,ok
Ek3.162277660168379e-6,3.162277660168379e-06,0.7,6,485.271989140416,-1287.239981300006,True,2.44771e-05,ok
Ek3.162277660168379e-6,3.162277660168379e-06,0.7,7,456.5050421048359,-1397.0000768128764,True,0.000111853,ok
Ek3.162277660168379e-6,3.162277660168379e-06,0.7,8,434.26003392485615,-1496.410066341941,True,0.000103983,ok
Ek3.162277660168379e-6,3.162277660168379e-06,0.7,9,416.77299252312906,-1587.1799844723434,True,2.65335e-05,ok
Ek3.162277660168379e-6,3.162277660168379e-06,0.7,10,402.8919957953187,-1670.549991027748,True,1.66e-05,ok
Ek3.162277660168379e-6,3.162277660168379e-06,0.7,11,391.832000588813,-1747.450001236182,True,2.4731e-06,ok
Ek3.162277660168379e-6,3.162277660168379e-06,0.7,12,383.0369295372592,-1818.619846970876,True,0.000330227,ok
Ek3.162277660168379e-6,3.162277660168379e-06,0.7,13,376.1040004971669,-1884.610001026262,True,2.42244e-06,ok
Ek3.162277660168379e-6,3.162277660168379e-06,0.7,14,370.7299957030532,-1945.89,True,1.94768e-05,ok
Ek3.162277660168379e-6,3.162277660168379e-06,0.7,15,366.686995814718,-2002.81,True,2.26779e-05,ok
Ek3.162277660168379e-6,3.162277660168379e-06,0.7,16,363.7970030775441,-2055.670005966667,True,1.75727e-05,ok
Ek3.162277660168379e-6,3.162277660168379e-06,0.7,17,361.9200001331181,-2104.7100002457564,True,7.86727e-07,ok
Ek3.162277660168379e-6,3.162277660168379e-06,0.7,18,360.9471840080637,-2150.1202706000936,True,0.00113673,ok
Ek3.162277660168379e-6,3.162277660168379e-06,0.7,19,360.7900205662672,-2192.0500342771124,True,0.000122482,ok
Ek3.162277660168379e-6,3.162277660168379e-06,0.7,20,361.3769436758223,-2230.639914602184,True,0.000368573,ok
Ek3.162277660168379e-6,3.162277660168379e-06,0.7,21,362.64902077261416,-2265.97,True,4.89388e-06,ok
Ek3.162277660168379e-6,3.162277660168379e-06,0.7,22,364.5610195753793,-2298.130025672629,True,0.000133997,ok
Ek3.162277660168379e-6,3.162277660168379e-06,0.7,23,367.0729984809252,-2327.169998295581,True,1.06272e-05,ok
Ek3.162277660168379e-6,3.162277660168379e-06,0.7,24,370.15400480480656,-2353.130004700354,True,3.43102e-05,ok
Ek3.162277660168379e-6,3.162277660168379e-06,0.7,25,373.77700120655766,-2376.0200010341923,True,8.7564e-06,ok
Ek3.162277660168379e-6,3.162277660168379e-06,0.7,30,399.402999992603,-2444.54,True,3.58964e-08,ok
Ek3.162277660168379e-6,3.162277660168379e-06,0.7,35,436.6170345104032,-2433.3799738090693,True,0.000263338,ok
Ek3.162277660168379e-6,3.162277660168379e-06,0.7,40,484.7989994008138,-2334.3500008902006,True,4.62044e-06,ok
Ek3.162277660168379e-6,3.162277660168379e-06,0.7,45,543.4309999900324,-2135.560000023011,True,7.58582e-08,ok
Ek3.162277660168379e-6,3.162277660168379e-06,0.7,50,611.227,-1823.92,True,5.82272e-09,ok
Ek3.162277660168379e-6,3.162277660168379e-06,0.7,55,684.878,-1392.96,True,1.0992e-10,ok
Ek3.162277660168379e-6,3.162277660168379e-06,0.7,60,757.632,-868.572,True,6.73983e-11,ok
Ek3.162277660168379e-6,3.162277660168379e-06,0.7,65,822.534,-345.106,True,1.25511e-11,ok
Ek3.162277660168379e-6,3.162277660168379e-06,0.7,70,882.116,81.2763,True,2.03517e-11,ok
Ek3.162277660168379e-6,3.162277660168379e-06,0.7,75,944.309,399.168,True,3.05424e-11,ok
Ek3.162277660168379e-6,3.162277660168379e-06,0.7,80,1014.51,632.51,True,6.67984e-12,ok
Ek3.162277660168379e-6,3.162277660168379e-06,0.7,85,1095.81,803.532,True,1.12005e-12,ok
Ek3.162277660168379e-6,3.162277660168379e-06,0.7,90,1190.36,928.33,True,4.11119e-12,ok
Ek3.162277660168379e-6,3.162277660168379e-06,0.7,95,1300.01,1018.36,True,1.0794e-11,ok
Ek3.162277660168379e-6,3.162277660168379e-06,0.7,100,1426.49,1081.88,True,1.90354e-12,ok
Ek3.162277660168379e-6,3.162277660168379e-06,0.7,105,1571.62,1124.98,True,1.13888e-11,ok
Ek3.162277660168379e-6,3.162277660168379e-06,0.7,110,1737.24,1152.2,True,7.91641e-12,ok
Ek3.162277660168379e-6,3.162277660168379e-06,0.7,115,1925.31,1167.03,True,4.1346e-12,ok
Ek3.162277660168379e-6,3.162277660168379e-06,0.7,120,2137.84,1172.21,True,3.87342e-12,ok
Ek3.162277660168379e-6,3.162277660168379e-06,1.0,1,770.5740030711124,-304.48600119653355,True,4.36227e-07,ok
Ek3.162277660168379e-6,3.162277660168379e-06,1.0,2,616.1080053618864,-505.866004184887,True,2.17398e-06,ok
Ek3.162277660168379e-6,3.162277660168379e-06,1.0,3,528.3619830590453,-660.9469801693152,True,1.23839e-05,ok
Ek3.162277660168379e-6,3.162277660168379e-06,1.0,4,471.3120022455848,-789.0500033138726,True,2.44253e-06,ok
Ek3.162277660168379e-6,3.162277660168379e-06,1.0,5,431.1609986671911,-898.9219976423717,True,1.95003e-06,ok
Ek3.162277660168379e-6,3.162277660168379e-06,1.0,6,401.4290099137936,-995.3450200341246,True,1.83035e-05,ok
Ek3.162277660168379e-6,3.162277660168379e-06,1.0,7,378.6469940335105,-1081.269986397866,True,1.34374e-05,ok
Ek3.162277660168379e-6,3.162277660168379e-06,1.0,8,360.77799947180216,-1158.6499987122363,True,1.38833e-06,ok
Ek3.162277660168379e-6,3.162277660168379e-06,1.0,9,346.53693178629754,-1228.8898188515786,True,0.000207215,ok
Ek3.162277660168379e-6,3.162277660168379e-06,1.0,10,335.0740135143462,-1292.9900364804437,True,4.55351e-05,ok
Ek3.162277660168379e-6,3.162277660168379e-06,1.0,11,325.7980037828281,-1351.7400105567297,True,1.40855e-05,ok
Ek3.162277660168379e-6,3.162277660168379e-06,1.0,12,318.28799713495505,-1405.7199914274145,True,1.18871e-05,ok
Ek3.162277660168379e-6,3.162277660168379e-06,1.0,13,312.2329475703013,-1455.3998400985852,True,0.000235579,ok
Ek3.162277660168379e-6,3.162277660168379e-06,1.0,14,307.3999899546808,-1501.1699690348942,True,4.84361e-05,ok
Ek3.162277660168379e-6,3.162277660168379e-06,1.0,15,303.6090017873041,-1543.3300052702557,True,8.96695e-06,ok
Ek3.162277660168379e-6,3.162277660168379e-06,1.0,16,300.7214203333677,-1582.1132774947912,True,0.328943,ok
Ek3.162277660168379e-6,3.162277660168379e-06,1.0,21,296.61098366249155,-1731.3899552100445,True,0.000108385,ok
Ek3.162277660168379e-6,3.162277660168379e-06,1.0,22,297.431006377501,-1753.0800159437524,True,4.26389e-05,ok
Ek3.162277660168379e-6,3.162277660168379e-06,1.0,23,298.7019974416268,-1772.2099940418689,True,1.75418e-05,ok
Ek3.162277660168379e-6,3.162277660168379e-06,1.0,24,300.39699749817305,-1788.829994502712,True,1.75365e-05,ok
Ek3.162277660168379e-6,3.162277660168379e-06,1.0,25,302.49299917106566,-1802.9399982875543,True,5.9359e-06,ok
Ek3.162277660168379e-6,3.162277660168379e-06,1.0,60,538.834,-583.401,True,2.66429e-11,ok
Ek3.162277660168379e-6,3.162277660168379e-06,1.0,65,578.057,-233.099,True,8.71874e-12,ok
Ek3.162277660168379e-6,3.162277660168379e-06,1.0,70,617.15,56.2127,True,1.79793e-11,ok
Ek3.162277660168379e-6,3.162277660168379e-06,1.0,75,660.051,283.505,True,2.93498e-11,ok
Ek3.162277660168379e-6,3.162277660168379e-06,1.0,80,709.292,460.226,True,8.72643e-12,ok
Ek3.162277660168379e-6,3.162277660168379e-06,1.0,85,766.529,597.095,True,5.02505e-12,ok
Ek3.162277660168379e-6,3.162277660168379e-06,1.0,90,833.071,702.468,True,5.56412e-12,ok
Ek3.162277660168379e-6,3.162277660168379e-06,1.0,95,910.131,782.752,True,9.30009e-13,ok
Ek3.162277660168379e-6,3.162277660168379e-06,1.0,100,998.923,842.897,True,2.92714e-12,ok
Ek3.162277660168379e-6,3.162277660168379e-06,1.0,105,1100.7,886.764,True,1.70513e-13,ok
Ek3.162277660168379e-6,3.162277660168379e-06,1.0,110,1216.78,917.418,True,5.11015e-12,ok
Ek3.162277660168379e-6,3.162277660168379e-06,1.0,115,1348.53,937.338,True,3.81033e-13,ok
Ek3.162277660168379e-6,3.162277660168379e-06,1.0,120,1497.38,948.565,True,1.36576e-12,ok
Ek3.162277660168379e-6,3.162277660168379e-06,3.0,1,294.4229252130084,-110.15797008520336,True,6.16267e-06,ok
Ek3.162277660168379e-6,3.162277660168379e-06,3.0,2,255.2580827449277,-192.07406162324884,True,1.72306e-05,ok
Ek3.162277660168379e-6,3.162277660168379e-06,3.0,3,229.5800088736708,-257.63400984966694,True,3.18323e-06,ok
Ek3.162277660168379e-6,3.162277660168379e-06,3.0,4,210.92499691672452,-312.0719957955335,True,1.52511e-06,ok
Ek3.162277660168379e-6,3.162277660168379e-06,3.0,5,196.69199618797427,-358.40599301128617,True,2.78724e-06,ok
Ek3.162277660168379e-6,3.162277660168379e-06,3.0,6,185.48002643405164,-398.5190548579659,True,2.43622e-05,ok
Ek3.162277660168379e-6,3.162277660168379e-06,3.0,7,176.44394488392896,-433.66786955863193,True,6.18727e-05,ok
Ek3.162277660168379e-6,3.162277660168379e-06,3.0,60,183.452,-178.864,True,2.96912e-12,ok
Ek3.162277660168379e-6,3.162277660168379e-06,3.0,65,193.737,-73.2782,True,5.02075e-12,ok
Ek3.162277660168379e-6,3.162277660168379e-06,3.0,70,205.549,18.4083,True,4.95195e-12,ok
Ek3.162277660168379e-6,3.162277660168379e-06,3.0,75,219.468,96.9069,True,3.35589e-12,ok
Ek3.162277660168379e-6,3.162277660168379e-06,3.0,80,235.886,163.803,True,2.58324e-12,ok
Ek3.162277660168379e-6,3.162277660168379e-06,3.0,85,255.132,220.543,True,0.0,ok
Ek3.162277660168379e-6,3.162277660168379e-06,3.0,90,277.538,268.36,True,1.12437e-12,ok
Ek3.162277660168379e-6,3.162277660168379e-06,3.0,95,303.456,308.302,True,2.06107e-13,ok
Ek3.162277660168379e-6,3.162277660168379e-06,3.0,100,333.269,341.266,True,1.3637e-12,ok
Ek3.162277660168379e-6,3.162277660168379e-06,3.0,105,367.385,368.027,True,2.93696e-13,ok
Ek3.162277660168379e-6,3.162277660168379e-06,3.0,110,406.237,389.271,True,2.43151e-12,ok
Ek3.162277660168379e-6,3.162277660168379e-06,3.0,115,450.283,405.631,True,1.1417e-12,ok
Ek3.162277660168379e-6,3.162277660168379e-06,3.0,120,499.998,417.704,True,2.49701e-12,ok
Ek3.162277660168379e-6,3.162277660168379e-06,5.0,60,110.473,-105.327,True,3.66608e-12,ok
Ek3.162277660168379e-6,3.162277660168379e-06,5.0,65,116.357,-43.4424,True,4.58338e-12,ok
Ek3.162277660168379e-6,3.162277660168379e-06,5.0,70,123.309,11.0074,True,2.69373e-12,ok
Ek3.162277660168379e-6,3.162277660168379e-06,5.0,75,131.611,58.4617,True,2.96444e-12,ok
Ek3.162277660168379e-6,3.162277660168379e-06,5.0,80,141.456,99.6718,True,4.27392e-12,ok
Ek3.162277660168379e-6,3.162277660168379e-06,5.0,85,153.023,135.303,True,3.65211e-13,ok
Ek3.162277660168379e-6,3.162277660168379e-06,5.0,90,166.497,165.922,True,4.29813e-13,ok
Ek3.162277660168379e-6,3.162277660168379e-06,5.0,95,182.085,192.015,True,1.75886e-12,ok
Ek3.162277660168379e-6,3.162277660168379e-06,5.0,100,200.011,214.002,True,4.36947e-13,ok
Ek3.162277660168379e-6,3.162277660168379e-06,5.0,105,220.516,232.252,True,1.09948e-12,ok
Ek3.162277660168379e-6,3.162277660168379e-06,5.0,110,243.861,247.098,True,4.2367e-13,ok
Ek3.162277660168379e-6,3.162277660168379e-06,5.0,115,270.319,258.86,True,8.13688e-13,ok
Ek3.162277660168379e-6,3.162277660168379e-06,5.0,120,300.173,267.856,True,1.18238e-12,ok
Ek3.162277660168379e-6,3.162277660168379e-06,7.0,60,79.028,-74.6211,True,3.11035e-12,ok
Ek3.162277660168379e-6,3.162277660168379e-06,7.0,65,83.1464,-30.8705,True,1.9276e-12,ok
Ek3.162277660168379e-6,3.162277660168379e-06,7.0,70,88.072,7.85108,True,2.5731e-12,ok
Ek3.162277660168379e-6,3.162277660168379e-06,7.0,75,93.9857,41.8579,True,1.4589e-12,ok
Ek3.162277660168379e-6,3.162277660168379e-06,7.0,80,101.016,71.6318,True,4.36152e-13,ok
Ek3.162277660168379e-6,3.162277660168379e-06,7.0,85,109.284,97.5909,True,9.91288e-13,ok
Ek3.162277660168379e-6,3.162277660168379e-06,7.0,90,118.918,120.089,True,1.36344e-12,ok
Ek3.162277660168379e-6,3.162277660168379e-06,7.0,95,130.065,139.432,True,1.23097e-12,ok
Ek3.162277660168379e-6,3.162277660168379e-06,7.0,100,142.881,155.88,True,1.26455e-13,ok
Ek3.162277660168379e-6,3.162277660168379e-06,7.0,105,157.541,169.666,True,2.74651e-13,ok
Ek3.162277660168379e-6,3.162277660168379e-06,7.0,110,174.228,180.999,True,6.25138e-13,ok
Ek3.162277660168379e-6,3.162277660168379e-06,7.0,115,193.137,190.087,True,8.77533e-13,ok
Ek3.162277660168379e-6,3.162277660168379e-06,7.0,120,214.471,197.14,True,7.41604e-13,ok
Ek3.162277660168379e-6,3.162277660168379e-06,10.0,60,55.3807,-51.9131,True,1.31836e-12,ok
Ek3.162277660168379e-6,3.162277660168379e-06,10.0,65,58.2203,-21.5257,True,6.35962e-12,ok
Ek3.162277660168379e-6,3.162277660168379e-06,10.0,70,61.6472,5.48982,True,1.22129e-13,ok
Ek3.162277660168379e-6,3.162277660168379e-06,10.0,75,65.7784,29.3534,True,1.08813e-12,ok
Ek3.162277660168379e-6,3.162277660168379e-06,10.0,80,70.6984,50.3755,True,2.64131e-13,ok
Ek3.162277660168379e-6,3.162277660168379e-06,10.0,85,76.4886,68.8202,True,2.05401e-13,ok
Ek3.162277660168379e-6,3.162277660168379e-06,10.0,90,83.2383,84.9099,True,8.37958e-13,ok
Ek3.162277660168379e-6,3.162277660168379e-06,10.0,95,91.0472,98.8355,True,1.86401e-12,ok
Ek3.162277660168379e-6,3.162277660168379e-06,10.0,100,100.026,110.761,True,4.89472e-13,ok
Ek3.162277660168379e-6,3.162277660168379e-06,10.0,105,110.295,120.828,True,3.79892e-13,ok
Ek3.162277660168379e-6,3.162277660168379e-06,10.0,110,121.983,129.172,True,9.84113e-13,ok
Ek3.162277660168379e-6,3.162277660168379e-06,10.0,115,135.225,135.923,True,2.24342e-13,ok
Ek3.162277660168379e-6,3.162277660168379e-06,10.0,120,150.164,141.218,True,3.63245e-13,ok
Ek3.162277660168379e-6,3.162277660168379e-06,30.0,60,18.4912,-17.1375,True,1.05972e-12,ok
Ek3.162277660168379e-6,3.162277660168379e-06,30.0,65,19.4159,-7.132,True,3.61421e-13,ok
Ek3.162277660168379e-6,3.162277660168379e-06,30.0,70,20.5474,1.82689,True,6.16206e-13,ok
Ek3.162277660168379e-6,3.162277660168379e-06,30.0,75,21.9201,9.8123,True,6.41362e-14,ok
Ek3.162277660168379e-6,3.162277660168379e-06,30.0,80,23.5593,16.9148,True,6.55146e-14,ok
Ek3.162277660168379e-6,3.162277660168379e-06,30.0,85,25.4909,23.2086,True,2.84056e-13,ok
Ek3.162277660168379e-6,3.162277660168379e-06,30.0,90,27.7436,28.7553,True,6.62687e-13,ok
Ek3.162277660168379e-6,3.162277660168379e-06,30.0,95,30.3502,33.6069,True,1.13636e-13,ok
Ek3.162277660168379e-6,3.162277660168379e-06,30.0,100,33.347,37.8077,True,2.0829e-13,ok
Ek3.162277660168379e-6,3.162277660168379e-06,30.0,105,36.774,41.3956,True,4.75619e-14,ok
Ek3.162277660168379e-6,3.162277660168379e-06,30.0,110,40.6738,44.4065,True,1.09464e-13,ok
Ek3.162277660168379e-6,3.162277660168379e-06,30.0,115,45.0916,46.8769,True,7.6239e-14,ok
Ek3.162277660168379e-6,3.162277660168379e-06,30.0,120,50.0747,48.8468,True,2.81457e-13,ok
Ek3.162277660168379e-6,3.162277660168379e-06,50.0,60,11.0984,-10.2625,True,2.8355e-13,ok
Ek3.162277660168379e-6,3.162277660168379e-06,50.0,65,11.6506,-4.27403,True,3.38689e-13,ok
Ek3.162277660168379e-6,3.162277660168379e-06,50.0,70,12.3283,1.09577,True,5.58549e-14,ok
Ek3.162277660168379e-6,3.162277660168379e-06,50.0,75,13.1513,5.89075,True,1.18467e-13,ok
Ek3.162277660168379e-6,3.162277660168379e-06,50.0,80,14.1348,10.1638,True,3.67007e-13,ok
Ek3.162277660168379e-6,3.162277660168379e-06,50.0,85,15.2939,13.958,True,4.86672e-14,ok
Ek3.162277660168379e-6,3.162277660168379e-06,50.0,90,16.6459,17.3086,True,9.3546e-14,ok
Ek3.162277660168379e-6,3.162277660168379e-06,50.0,95,18.2102,20.2456,True,3.69739e-14,ok
Ek3.162277660168379e-6,3.162277660168379e-06,50.0,100,20.0088,22.7943,True,3.60531e-14,ok
Ek3.162277660168379e-6,3.162277660168379e-06,50.0,105,22.0655,24.9763,True,2.51059e-13,ok
Ek3.162277660168379e-6,3.162277660168379e-06,50.0,110,24.4059,26.812,True,3.99062e-14,ok
Ek3.162277660168379e-6,3.162277660168379e-06,50.0,115,27.057110484905976,28.32239963171698,True,0.00105625,ok
Ek1e-5,1e-05,0.1,1,1658.94,-842.416,True,4.77602e-09,ok
Ek1e-5,1e-05,0.1,2,1154.4500077460686,-1232.8000017213485,True,5.86458e-06,ok
Ek1e-5,1e-05,0.1,3,943.4860197334738,-1507.660008579771,True,1.97165e-05,ok
Ek1e-5,1e-05,0.1,4,832.7568859956006,-1736.6199687550186,True,0.000147542,ok
Ek1e-5,1e-05,0.1,5,770.7669660701382,-1933.48,True,5.54375e-05,ok
Ek1e-5,1e-05,0.1,6,735.7381190503229,-2106.170034020204,True,0.000212176,ok
Ek1e-5,1e-05,0.1,7,717.2448823936147,-2260.4999632480044,True,0.000236615,ok
Ek1e-5,1e-05,0.1,8,709.3489886433745,-2399.69,True,2.57188e-05,ok
Ek1e-5,1e-05,0.1,9,708.639170936298,-2524.19,True,0.000447101,ok
Ek1e-5,1e-05,0.1,10,713.7278707388562,-2633.0800101600425,True,0.000325597,ok
Ek1e-5,1e-05,0.1,11,724.457041499081,-2726.0999917551494,True,0.000105093,ok
Ek1e-5,1e-05,0.1,12,740.9744490230876,-2804.2898633803998,True,0.00113659,ok
Ek1e-5,1e-05,0.1,13,763.2745526429514,-2869.460155865848,True,0.000234675,ok
Ek1e-5,1e-05,0.1,14,791.1330580193255,-2923.669976221588,True,0.000143679,ok
Ek1e-5,1e-05,0.1,15,824.1238573415661,-2968.7900559979,True,0.000352739,ok
Ek1e-5,1e-05,0.1,16,861.6841840224754,-3006.339914408151,True,0.000451601,ok
Ek1e-5,1e-05,0.1,17,903.173167740954,-3037.2603538454946,True,0.00204729,ok
Ek1e-5,1e-05,0.1,18,948.0048399000613,-3061.780071529367,True,0.000395418,ok
Ek1e-5,1e-05,0.1,19,995.799417040509,-3079.46,True,0.000286325,ok
Ek1e-5,1e-05,0.1,20,1046.4999125182896,-3089.5200492263616,True,0.000213946,ok
Ek1e-5,1e-05,0.1,21,1100.3699528907423,-3091.250030458798,True,0.000112305,ok
Ek1e-5,1e-05,0.1,22,1157.810019543743,-3084.3599857863687,True,4.52827e-05,ok
Ek1e-5,1e-05,0.1,23,1219.239964489676,-3068.960026742772,True,7.98311e-05,ok
Ek1e-5,1e-05,0.1,24,1285.0199980540046,-3045.39296859404,True,0.946251,ok
Ek1e-5,1e-05,0.1,25,1355.4300349188306,-3014.1499705684146,True,7.2323e-05,ok
Ek1e-5,1e-05,0.1,30,1783.1700002805262,-2752.489999730547,True,4.88027e-07,ok
Ek1e-5,1e-05,0.1,35,2354.1700021925485,-2300.149997487192,True,3.1794e-06,ok
Ek1e-5,1e-05,0.1,40,3111.18,-1532.57,True,6.6135e-09,ok
Ek1e-5,1e-05,0.1,45,4096.47,191.57,True,1.15866e-11,ok
Ek1e-5,1e-05,0.1,50,4567.82,1215.38,True,3.09096e-11,ok
Ek1e-5,1e-05,0.1,55,5058.54,1290.04,True,2.51884e-10,ok
Ek1e-5,1e-05,0.1,60,5709.44,1267.53,True,1.42837e-11,ok
Ek1e-5,1e-05,0.1,65,6541.74,1220.29,True,2.42176e-12,ok
Ek1e-5,1e-05,0.1,70,7579.82,1165.89,True,7.81091e-12,ok
Ek1e-5,1e-05,0.1,75,8851.02,1110.59,True,2.27334e-12,ok
Ek1e-5,1e-05,0.1,80,10384.8,1057.02,True,7.2682e-13,ok
Ek1e-5,1e-05,0.1,85,12211.999177565733,1006.320004767077,True,0.000798383,ok
Ek1e-5,1e-05,0.1,90,14371.30271442592,958.9256114561814,True,395.392,ok
Ek1e-5,1e-05,0.1,95,16877.3,914.89,True,1.9965e-12,ok
Ek1e-5,1e-05,0.1,100,19784.1,874.1,True,4.97031e-13,ok
Ek1e-5,1e-05,0.1,105,23121.6,836.355,True,5.4604e-12,ok
Ek1e-5,1e-05,0.1,110,26927.8,801.423,True,7.24214e-12,ok
Ek1e-5,1e-05,0.1,115,31242.0,769.061,True,4.87355e-12,ok
Ek1e-5,1e-05,0.1,120,36105.3,739.04,True,7.22447e-12,ok
Ek1e-5,1e-05,0.3,1,989.347,-431.238,True,7.07285e-09,ok
Ek1e-5,1e-05,0.3,2,704.4919946732151,-658.8009975263934,True,4.34705e-06,ok
Ek1e-5,1e-05,0.3,3,579.4609462922475,-828.8989731461238,True,6.16935e-05,ok
Ek1e-5,1e-05,0.3,4,509.5020051594044,-967.6770028784046,True,8.26841e-06,ok
Ek1e-5,1e-05,0.3,5,465.7550276662466,-1085.980014874326,True,5.40554e-05,ok
Ek1e-5,1e-05,0.3,6,436.9500341279496,-1189.4100176714303,True,7.76469e-05,ok
Ek1e-5,1e-05,0.3,7,417.6739906956724,-1281.199995756932,True,2.38456e-05,ok
Ek1e-5,1e-05,0.3,8,404.9920133654327,-1363.4300050541551,True,3.73983e-05,ok
Ek1e-5,1e-05,0.3,9,397.1739968174706,-1437.4799990847168,True,9.77641e-06,ok
Ek1e-5,1e-05,0.3,10,393.1400003979438,-1504.35000008746,True,1.26426e-06,ok
Ek1e-5,1e-05,0.3,11,392.1809998333872,-1564.7499999839265,True,5.63156e-07,ok
Ek1e-5,1e-05,0.3,12,393.8139999450398,-1619.2300000003238,True,1.91568e-07,ok
Ek1e-5,1e-05,0.3,13,397.6969999049355,-1668.1700000105277,True,3.38577e-07,ok
Ek1e-5,1e-05,0.3,14,403.58600020127847,-1711.8299999589226,True,7.29243e-07,ok
Ek1e-5,1e-05,0.3,15,411.31,-1750.36,True,6.28427e-09,ok
Ek1e-5,1e-05,0.3,16,420.75399999044384,-1783.8400000042454,True,3.5977e-08,ok
Ek1e-5,1e-05,0.3,17,431.8490000035079,-1812.26999999804,True,1.31576e-08,ok
Ek1e-5,1e-05,0.3,18,444.5587941769801,-1835.650137912837,True,0.000773679,ok
Ek1e-5,1e-05,0.3,19,458.86500620601583,-1853.97076894523,True,0.00375081,ok
Ek1e-5,1e-05,0.3,20,474.7670448822343,-1867.1899602605215,True,0.000167477,ok
Ek1e-5,1e-05,0.3,21,492.26003539044206,-1875.289965396012,True,0.000130686,ok
Ek1e-5,1e-05,0.3,22,511.3509030801012,-1878.1801043707803,True,0.000358483,ok
Ek1e-5,1e-05,0.3,23,532.0469656818443,-1875.7600402279888,True,0.000125812,ok
Ek1e-5,1e-05,0.3,24,554.3659999702378,-1867.87000003777,True,1.07543e-07,ok
Ek1e-5,1e-05,0.3,25,578.3340039150913,-1854.289994865454,True,1.38503e-05,ok
Ek1e-5,1e-05,0.3,30,724.2829975470955,-1691.8700045209314,True,8.0873e-06,ok
Ek1e-5,1e-05,0.3,35,916.6789999887482,-1337.8600000267895,True,3.45654e-08,ok
Ek1e-5,1e-05,0.3,40,1147.68,-724.972,True,1.19666e-11,ok
Ek1e-5,1e-05,0.3,45,1354.8158584593448,44.686258704836966,True,25.1556,ok
Ek1e-5,1e-05,0.3,50,1510.3799999718308,514.2729999411418,True,1.82322e-07,ok
Ek1e-5,1e-05,0.3,55,1683.95,722.926,True,2.37984e-12,ok
Ek1e-5,1e-05,0.3,60,1904.14,815.794,True,2.4533e-12,ok
Ek1e-5,1e-05,0.3,65,2182.64,851.739,True,4.71927e-13,ok
Ek1e-5,1e-05,0.3,70,2528.96,857.207,True,0.0,ok
Ek1e-5,1e-05,0.3,75,2952.7,845.779,True,1.39604e-12,ok
Ek1e-5,1e-05,0.3,80,3463.83,825.071,True,3.98554e-12,ok
Ek1e-5,1e-05,0.3,85,4072.74,799.547,True,6.93104e-13,ok
Ek1e-5,1e-05,0.3,90,4790.23,771.868,True,3.48811e-12,ok
Ek1e-5,1e-05,0.3,95,5627.53,743.619,True,5.99531e-13,ok
Ek1e-5,1e-05,0.3,100,6596.29,715.729,True,5.88726e-12,ok
Ek1e-5,1e-05,0.3,105,7708.66,688.724,True,3.49711e-12,ok
Ek1e-5,1e-05,0.3,110,8977.26,662.886,True,2.95379e-12,ok
Ek1e-5,1e-05,0.3,115,10415.2,638.343,True,2.03225e-12,ok
Ek1e-5,1e-05,0.3,120,12036.2,615.135,True,5.16918e-12,ok
Ek1e-5,1e-05,0.5,1,732.35,-296.508,True,2.69543e-09,ok
Ek1e-5,1e-05,0.5,2,546.4549956990614,-468.2689971327076,True,3.56774e-06,ok
Ek1e-5,1e-05,0.5,3,457.1879652539429,-596.9669711156251,True,3.9391e-05,ok
Ek1e-5,1e-05,0.5,4,404.7999981848679,-701.793,True,2.09458e-06,ok
Ek1e-5,1e-05,0.5,5,370.92497468458566,-790.817974883647,True,5.00127e-05,ok
Ek1e-5,1e-05,0.5,6,347.88799471464745,-868.2519946345063,True,1.25871e-05,ok
Ek1e-5,1e-05,0.5,7,331.87100892607765,-936.5970088216792,True,2.40509e-05,ok
Ek1e-5,1e-05,0.5,8,320.7449923429966,-997.47,True,9.95892e-07,ok
Ek1e-5,1e-05,0.5,9,313.22899890164416,-1051.969999025116,True,3.70866e-06,ok
Ek1e-5,1e-05,0.5,10,308.507999938481,-1100.87,True,1.33868e-07,ok
Ek1e-5,1e-05,0.5,11,306.03600000936063,-1144.73000000634,True,3.49252e-08,ok
Ek1e-5,1e-05,0.5,12,305.44199990359954,-1183.9499999450668,True,3.81565e-07,ok
Ek1e-5,1e-05,0.5,13,306.46099996735074,-1218.8299999855817,True,1.32864e-07,ok
Ek1e-5,1e-05,0.5,14,308.9029999942938,-1249.5799999982023,True,2.40762e-08,ok
Ek1e-5,1e-05,0.5,15,312.632,-1276.33,True,4.20341e-09,ok
Ek1e-5,1e-05,0.5,16,317.546,-1299.16,True,3.39318e-09,ok
Ek1e-5,1e-05,0.5,17,323.5730685152858,-1318.109995339096,True,0.000303038,ok
Ek1e-5,1e-05,0.5,18,330.6618962204864,-1333.17,True,0.000208901,ok
Ek1e-5,1e-05,0.5,19,338.77682795107904,-1344.310065724172,True,0.000783224,ok
Ek1e-5,1e-05,0.5,20,347.8960042669301,-1351.4499978180472,True,1.93846e-05,ok
Ek1e-5,1e-05,0.5,21,358.00499635689107,-1354.5200024217718,True,1.66876e-05,ok
Ek1e-5,1e-05,0.5,22,369.0959989108088,-1353.400000870277,True,5.0208e-06,ok
Ek1e-5,1e-05,0.5,23,381.1630010031971,-1347.979999026022,True,4.55705e-06,ok
Ek1e-5,1e-05,0.5,24,394.2029998816212,-1338.1000001277116,True,5.39814e-07,ok
Ek1e-5,1e-05,0.5,25,408.2160000980926,-1323.609999877384,True,4.40418e-07,ok
Ek1e-5,1e-05,0.5,30,492.70999999774034,-1174.5400000042573,True,1.00499e-08,ok
Ek1e-5,1e-05,0.5,35,598.968,-877.123,True,2.09365e-11,ok
Ek1e-5,1e-05,0.5,40,713.755,-428.873,True,2.5765e-11,ok
Ek1e-5,1e-05,0.5,45,812.165,28.0287,True,9.39249e-12,ok
Ek1e-5,1e-05,0.5,50,902.593,329.627,True,9.14148e-12,ok
Ek1e-5,1e-05,0.5,55,1008.81,503.966,True,2.20294e-12,ok
Ek1e-5,1e-05,0.5,60,1142.43,602.376,True,2.83255e-12,ok
Ek1e-5,1e-05,0.5,65,1310.36,654.664,True,1.76576e-12,ok
Ek1e-5,1e-05,0.5,70,1518.56,678.03,True,1.19624e-12,ok
Ek1e-5,1e-05,0.5,75,1772.97,683.086,True,0.0,ok
Ek1e-5,1e-05,0.5,80,2079.69,676.681,True,1.68794e-12,ok
Ek1e-5,1e-05,0.5,85,2445.01,663.307,True,4.38861e-12,ok
Ek1e-5,1e-05,0.5,90,2875.44,645.903,True,3.52809e-12,ok
Ek1e-5,1e-05,0.5,95,3377.74,626.378,True,3.31801e-12,ok
Ek1e-5,1e-05,0.5,100,3958.92,605.952,True,2.14972e-12,ok
Ek1e-5,1e-05,0.5,105,4626.26,585.398,True,1.33757e-12,ok
Ek1e-5,1e-05,0.5,110,5387.35,565.189,True,4.29457e-12,ok
Ek1e-5,1e-05,0.5,115,6250.06,545.609,True,2.45294e-12,ok
Ek1e-5,1e-05,0.5,120,7222.59,526.813,True,2.70811e-12,ok
Ek1e-5,1e-05,0.7,1,581.4189999158552,-226.0919999681136,True,1.66209e-08,ok
Ek1e-5,1e-05,0.7,2,449.28698630305166,-364.9389899375417,True,7.59695e-06,ok
Ek1e-5,1e-05,0.7,3,381.6580372605844,-469.5690367524856,True,3.58267e-05,ok
Ek1e-5,1e-05,0.7,4,340.52897029604776,-554.6399632879545,True,4.22121e-05,ok
Ek1e-5,1e-05,0.7,5,313.2649066283013,-626.5678764904554,True,0.000168402,ok
Ek1e-5,1e-05,0.7,6,294.3230204039592,-688.7760285132249,True,4.47047e-05,ok
Ek1e-5,1e-05,0.7,7,280.858987185143,-743.3279809801761,True,3.3468e-05,ok
Ek1e-5,1e-05,0.7,8,271.2520038088616,-791.570005497859,True,1.10715e-05,ok
Ek1e-5,1e-05,0.7,9,264.5090005533661,-834.424000782132,True,1.78122e-06,ok
Ek1e-5,1e-05,0.7,10,259.9860002073989,-872.5420002828167,True,7.28705e-07,ok
Ek1e-5,1e-05,0.7,11,257.25000016340056,-906.39700021046,True,6.17345e-07,ok
Ek1e-5,1e-05,0.7,12,255.99600003053047,-936.3310000360028,True,1.21205e-07,ok
Ek1e-5,1e-05,0.7,13,256.0100000036329,-962.5940000035954,True,1.46896e-08,ok
Ek1e-5,1e-05,0.7,14,257.13199999322137,-985.3649999935088,True,2.9568e-08,ok
Ek1e-5,1e-05,0.7,15,259.246,-1004.76,True,3.59666e-09,ok
Ek1e-5,1e-05,0.7,16,262.2640059401712,-1020.87,True,2.50554e-05,ok
Ek1e-5,1e-05,0.7,17,266.1210045073296,-1033.710002575617,True,2.12188e-05,ok
Ek1e-5,1e-05,0.7,18,270.7660013367047,-1043.3100003765364,True,6.37526e-06,ok
Ek1e-5,1e-05,0.7,19,276.16308962550045,-1049.620020216278,True,0.000437517,ok
Ek1e-5,1e-05,0.7,20,282.2830034230208,-1052.62,True,1.68139e-05,ok
Ek1e-5,1e-05,0.7,21,289.1050001733577,-1052.219999988595,True,8.62312e-07,ok
Ek1e-5,1e-05,0.7,22,296.6110002449285,-1048.369999927536,True,1.21935e-06,ok
Ek1e-5,1e-05,0.7,23,304.7880015240334,-1040.9499993573354,True,7.64565e-06,ok
Ek1e-5,1e-05,0.7,24,313.6210000677232,-1029.8599999585367,True,3.39215e-07,ok
Ek1e-5,1e-05,0.7,25,323.099000011381,-1014.9799999915068,True,5.74288e-08,ok
Ek1e-5,1e-05,0.7,30,379.521,-879.222,True,2.70714e-10,ok
Ek1e-5,1e-05,0.7,35,447.69,-632.693,True,3.90605e-12,ok
Ek1e-5,1e-05,0.7,40,517.585,-297.66,True,7.72337e-12,ok
Ek1e-5,1e-05,0.7,45,579.846,19.731,True,6.18078e-12,ok
Ek1e-5,1e-05,0.7,50,643.328,243.15,True,6.66642e-13,ok
Ek1e-5,1e-05,0.7,55,719.818,387.351,True,5.07545e-12,ok
Ek1e-5,1e-05,0.7,60,815.931,477.835,True,5.19859e-12,ok
Ek1e-5,1e-05,0.7,65,936.346,531.883,True,2.20838e-12,ok
Ek1e-5,1e-05,0.7,70,1085.34,560.948,True,2.5928e-12,ok
Ek1e-5,1e-05,0.7,75,1267.21,572.969,True,1.85087e-12,ok
Ek1e-5,1e-05,0.7,80,1486.36,573.58,True,4.77972e-12,ok
Ek1e-5,1e-05,0.7,85,1747.32,566.765,True,2.29859e-12,ok
Ek1e-5,1e-05,0.7,90,2054.75,555.301,True,2.34026e-12,ok
Ek1e-5,1e-05,0.7,95,2413.5,541.081,True,2.60284e-12,ok
Ek1e-5,1e-05,0.7,100,2828.58,525.378,True,4.54882e-12,ok
Ek1e-5,1e-05,0.7,105,3305.2,509.034,True,3.03409e-12,ok
Ek1e-5,1e-05,0.7,110,3848.79,492.593,True,4.84067e-12,ok
Ek1e-5,1e-05,0.7,115,4464.97,476.402,True,1.96855e-12,ok
Ek1e-5,1e-05,0.7,120,5159.59,460.671,True,3.68139e-12,ok
Ek1e-5,1e-05,1.0,1,442.9359999068597,-166.49699996369108,True,1.45917e-08,ok
Ek1e-5,1e-05,1.0,2,354.4899999534407,-274.3519999663738,True,1.98555e-08,ok
Ek1e-5,1e-05,1.0,3,306.3420183426349,-356.3370198100457,True,1.39897e-05,ok
Ek1e-5,1e-05,1.0,4,275.89299991526457,-422.8709998825311,True,9.58251e-08,ok
Ek1e-5,1e-05,1.0,5,255.13899979220733,-478.8129996766176,True,3.11204e-07,ok
Ek1e-5,1e-05,1.0,6,240.38203085224865,-526.8430519616818,True,5.70308e-05,ok
Ek1e-5,1e-05,1.0,7,229.65398945346584,-568.60398020854,True,2.36071e-05,ok
Ek1e-5,1e-05,1.0,8,221.80301206576084,-605.1820228231862,True,3.09193e-05,ok
Ek1e-5,1e-05,1.0,9,216.10700251714547,-637.3270049308466,True,7.33687e-06,ok
Ek1e-5,1e-05,1.0,10,212.09000040205945,-665.5760007907169,True,1.29464e-06,ok
Ek1e-5,1e-05,1.0,11,209.42499994997343,-690.3189998985064,True,1.76289e-07,ok
Ek1e-5,1e-05,1.0,12,207.88100002142863,-711.842000040047,True,7.98554e-08,ok
Ek1e-5,1e-05,1.0,13,207.2890000040074,-730.3590000064736,True,1.46365e-08,ok
Ek1e-5,1e-05,1.0,14,207.526,-746.021,True,4.55858e-09,ok
Ek1e-5,1e-05,1.0,15,208.495,-758.939,True,3.70534e-09,ok
Ek1e-5,1e-05,1.0,16,210.12498735095144,-769.185980429847,True,5.79309e-05,ok
Ek1e-5,1e-05,1.0,17,212.36077347427624,-776.8067000256405,True,0.00105719,ok
Ek1e-5,1e-05,1.0,18,215.15699923612425,-781.8179990499433,True,3.70313e-06,ok
Ek1e-5,1e-05,1.0,19,218.47920265962307,-784.222193306102,True,0.000993933,ok
Ek1e-5,1e-05,1.0,20,222.299000478189,-783.9980004031015,True,2.38737e-06,ok
Ek1e-5,1e-05,1.0,21,226.59300057722697,-781.1190003824129,True,2.91216e-06,ok
Ek1e-5,1e-05,1.0,22,231.34099989694263,-775.5399999439998,True,5.3435e-07,ok
Ek1e-5,1e-05,1.0,23,236.52400048465927,-767.2110001507829,True,2.5414e-06,ok
Ek1e-5,1e-05,1.0,24,242.1250000069296,-756.075000000924,True,3.62354e-08,ok
Ek1e-5,1e-05,1.0,25,248.12699999652213,-742.0720000000679,True,1.85121e-08,ok
Ek1e-5,1e-05,1.0,30,283.428,-627.172,True,4.0237e-11,ok
Ek1e-5,1e-05,1.0,35,324.693,-437.912,True,2.86921e-12,ok
Ek1e-5,1e-05,1.0,40,366.17,-202.15,True,1.33271e-11,ok
Ek1e-5,1e-05,1.0,45,405.752,13.6673,True,3.42186e-13,ok
Ek1e-5,1e-05,1.0,50,449.515,174.711,True,1.98564e-12,ok
Ek1e-5,1e-05,1.0,55,503.36,287.814,True,0.0,ok
Ek1e-5,1e-05,1.0,60,571.069,364.946,True,2.54144e-12,ok
Ek1e-5,1e-05,1.0,65,655.71,415.264,True,8.9743e-13,ok
Ek1e-5,1e-05,1.0,70,760.25,445.65,True,2.75619e-12,ok
Ek1e-5,1e-05,1.0,75,887.708,461.468,True,1.57001e-12,ok
Ek1e-5,1e-05,1.0,80,1041.19,466.92,True,8.50937e-13,ok
Ek1e-5,1e-05,1.0,85,1223.89,465.229,True,1.97117e-12,ok
Ek1e-5,1e-05,1.0,90,1439.09,458.787,True,2.00824e-12,ok
Ek1e-5,1e-05,1.0,95,1690.19,449.315,True,2.62659e-12,ok
Ek1e-5,1e-05,1.0,100,1980.72,438.02,True,3.49468e-12,ok
Ek1e-5,1e-05,1.0,105,2314.32,425.735,True,1.49349e-12,ok
Ek1e-5,1e-05,1.0,110,2694.79,413.021,True,5.40053e-12,ok
Ek1e-5,1e-05,1.0,115,3126.07,400.25,True,1.18109e-12,ok
Ek1e-5,1e-05,1.0,120,3612.27,387.664,True,3.97568e-12,ok
Ek1e-5,1e-05,3.0,1,169.20100025862996,-60.00840009124531,True,2.64735e-08,ok
Ek1e-5,1e-05,3.0,2,145.26396007402306,-102.7669705808591,True,9.85157e-06,ok
Ek1e-5,1e-05,3.0,3,130.72499966459117,-136.16699966459117,True,1.38046e-07,ok
Ek1e-5,1e-05,3.0,4,120.61300011462043,-163.22500015018994,True,6.93253e-08,ok
Ek1e-5,1e-05,3.0,5,113.17900011392986,-185.6460001793851,True,9.2392e-08,ok
Ek1e-5,1e-05,3.0,6,107.54000025744348,-204.48600046516964,True,2.6434e-07,ok
Ek1e-5,1e-05,3.0,7,103.1829999904894,-220.4449999801142,True,1.21967e-08,ok
Ek1e-5,1e-05,3.0,8,99.78569838019588,-234.0059964717138,True,2.38253e-06,ok
Ek1e-5,1e-05,3.0,9,97.13020960125844,-245.51602219985944,True,1.63235e-05,ok
Ek1e-5,1e-05,3.0,10,95.06609860439004,-255.23399658627775,True,2.68707e-06,ok
Ek1e-5,1e-05,3.0,11,93.48460021771926,-263.35100054041004,True,4.68617e-07,ok
Ek1e-5,1e-05,3.0,12,92.30520011894517,-270.0180003003665,True,2.82202e-07,ok
Ek1e-5,1e-05,3.0,13,91.46699998389498,-275.34699995973745,True,4.14944e-08,ok
Ek1e-5,1e-05,3.0,14,90.92280005865156,-279.4310001485062,True,1.64041e-07,ok
Ek1e-5,1e-05,3.0,15,90.6356,-282.338,True,7.9257e-10,ok
Ek1e-5,1e-05,3.0,16,90.5758,-284.126,True,2.75125e-09,ok
Ek1e-5,1e-05,3.0,17,90.71981076285304,-284.8382615577475,True,0.000374808,ok
Ek1e-5,1e-05,3.0,18,91.04749641722,-284.50799203826665,True,1.26996e-05,ok
Ek1e-5,1e-05,3.0,19,91.54299857557996,-283.16599664842346,True,5.33179e-06,ok
Ek1e-5,1e-05,3.0,20,92.19250062307266,-280.8320013217237,True,2.42396e-06,ok
Ek1e-5,1e-05,3.0,21,92.98400020636238,-277.523000409,True,8.35948e-07,ok
Ek1e-5,1e-05,3.0,22,93.90730012503067,-273.2540002287237,True,5.25782e-07,ok
Ek1e-5,1e-05,3.0,23,94.95279990867148,-268.03399985949454,True,3.99152e-07,ok
Ek1e-5,1e-05,3.0,24,96.11200000870302,-261.8740000129824,True,3.91317e-08,ok
Ek1e-5,1e-05,3.0,25,97.3765,-254.784,True,5.85288e-09,ok
Ek1e-5,1e-05,3.0,30,104.998,-205.914,True,6.79067e-12,ok
Ek1e-5,1e-05,3.0,35,114.041,-138.292,True,5.3736e-12,ok
Ek1e-5,1e-05,3.0,40,123.864,-63.5074,True,2.89654e-12,ok
Ek1e-5,1e-05,3.0,45,135.18,4.48496,True,3.16444e-12,ok
Ek1e-5,1e-05,3.0,50,149.355,60.9057,True,5.79147e-13,ok
Ek1e-5,1e-05,3.0,55,167.431,106.352,True,2.3545e-13,ok
Ek1e-5,1e-05,3.0,60,190.281,142.012,True,7.52174e-13,ok
Ek1e-5,1e-05,3.0,65,218.782,168.943,True,3.21829e-13,ok
Ek1e-5,1e-05,3.0,70,253.869,188.218,True,6.4527e-13,ok
Ek1e-5,1e-05,3.0,75,296.532,201.017,True,2.80385e-13,ok
Ek1e-5,1e-05,3.0,80,347.809,208.576,True,9.81079e-13,ok
Ek1e-5,1e-05,3.0,85,408.774,212.082,True,3.12103e-13,ok
Ek1e-5,1e-05,3.0,90,480.535,212.575,True,1.25422e-12,ok
Ek1e-5,1e-05,3.0,95,564.238,210.911,True,6.17329e-13,ok
Ek1e-5,1e-05,3.0,100,661.063,207.758,True,6.36451e-13,ok
Ek1e-5,1e-05,3.0,105,772.235,203.621,True,6.83282e-13,ok
Ek1e-5,1e-05,3.0,110,899.024,198.87,True,9.60499e-13,ok
Ek1e-5,1e-05,3.0,115,1042.75,193.77,True,1.3678e-12,ok
Ek1e-5,1e-05,3.0,120,1204.77,188.508,True,2.31164e-12,ok
Ek1e-5,1e-05,5.0,1,104.314,-36.5472,True,4.70911e-10,ok
Ek1e-5,1e-05,5.0,2,90.96020004802628,-63.08750003274783,True,1.01176e-08,ok
Ek1e-5,1e-05,5.0,3,82.69157366836923,-83.9771,True,1.19242e-07,ok
Ek1e-5,1e-05,5.0,4,76.79499947625283,-100.90599923354073,True,2.67669e-07,ok
Ek1e-5,1e-05,5.0,5,72.35940011392023,-114.88100017413184,True,7.74522e-08,ok
Ek1e-5,1e-05,5.0,6,68.92509998261698,-126.5509999710283,True,1.51586e-08,ok
Ek1e-5,1e-05,5.0,7,66.2201,-136.356,True,3.65046e-09,ok
Ek1e-5,1e-05,5.0,8,64.0689,-144.608,True,3.06712e-09,ok
Ek1e-5,1e-05,5.0,9,62.35199789769621,-151.5329952933497,True,3.01097e-06,ok
Ek1e-5,1e-05,5.0,10,60.98460068362618,-157.30000162382464,True,1.11637e-06,ok
Ek1e-5,1e-05,5.0,11,59.90449974151662,-162.03999934469002,True,4.7456e-07,ok
Ek1e-5,1e-05,5.0,12,59.06499966154537,-165.85199914123453,True,6.87527e-07,ok
Ek1e-5,1e-05,5.0,13,58.43039993491141,-168.81499984812663,True,1.40505e-07,ok
Ek1e-5,1e-05,5.0,14,57.9725,-170.992,True,6.74022e-09,ok
Ek1e-5,1e-05,5.0,15,57.6694,-172.433,True,3.18741e-09,ok
Ek1e-5,1e-05,5.0,16,57.503,-173.179,True,2.30541e-10,ok
Ek1e-5,1e-05,5.0,17,57.45896207927932,-173.263,True,0.000122789,ok
Ek1e-5,1e-05,5.0,18,57.5253,-172.712,True,2.58392e-10,ok
Ek1e-5,1e-05,5.0,19,57.69197298895436,-171.547,True,0.000193089,ok
Ek1e-5,1e-05,5.0,20,57.95060041839041,-169.78900092039052,True,1.4727e-06,ok
Ek1e-5,1e-05,5.0,21,58.293899924653566,-167.45099984930712,True,2.71093e-07,ok
Ek1e-5,1e-05,5.0,22,58.71549962094571,-164.5479992418914,True,1.41453e-06,ok
Ek1e-5,1e-05,5.0,23,59.2096000924013,-161.08800016822417,True,3.71095e-07,ok
Ek1e-5,1e-05,5.0,24,59.77109999816344,-157.084,True,1.33463e-08,ok
Ek1e-5,1e-05,5.0,25,60.3951,-152.544,True,1.67466e-09,ok
Ek1e-5,1e-05,5.0,30,64.2885,-122.244,True,3.75143e-12,ok
Ek1e-5,1e-05,5.0,35,69.0757,-81.6733,True,5.1609e-12,ok
Ek1e-5,1e-05,5.0,40,74.5153,-37.6033,True,6.18134e-13,ok
Ek1e-5,1e-05,5.0,45,81.0996,2.68281,True,1.22459e-12,ok
Ek1e-5,1e-05,5.0,50,89.5489,36.8988,True,3.30661e-13,ok
Ek1e-5,1e-05,5.0,55,100.406,65.26,True,8.71779e-13,ok
Ek1e-5,1e-05,5.0,60,114.155,88.1988,True,8.23162e-13,ok
Ek1e-5,1e-05,5.0,65,131.305,106.082,True,2.73303e-13,ok
Ek1e-5,1e-05,5.0,70,152.404,119.337,True,5.18802e-13,ok
Ek1e-5,1e-05,5.0,75,178.042,128.522,True,3.4385e-13,ok
Ek1e-5,1e-05,5.0,80,208.838,134.301,True,1.36106e-12,ok
Ek1e-5,1e-05,5.0,85,245.437,137.361,True,6.87352e-13,ok
Ek1e-5,1e-05,5.0,90,288.505,138.346,True,9.96055e-14,ok
Ek1e-5,1e-05,5.0,95,338.732,137.803,True,7.57664e-13,ok
Ek1e-5,1e-05,5.0,100,396.827,136.178,True,9.16828e-13,ok
Ek1e-5,1e-05,5.0,105,463.526,133.813,True,7.45485e-13,ok
Ek1e-5,1e-05,5.0,110,539.594,130.967,True,1.26457e-12,ok
Ek1e-5,1e-05,5.0,115,625.821,127.828,True,3.68491e-13,ok
Ek1e-5,1e-05,5.0,120,723.03,124.533,True,8.87791e-13,ok
Ek1e-5,1e-05,7.0,1,75.3765,-26.2699,True,2.85654e-09,ok
Ek1e-5,1e-05,7.0,2,66.168,-45.4983,True,2.61226e-09,ok
Ek1e-5,1e-05,7.0,3,60.424199721994135,-60.68349972680676,True,9.10229e-08,ok
Ek1e-5,1e-05,7.0,4,56.28159937261636,-72.99259905892454,True,3.61793e-07,ok
Ek1e-5,1e-05,7.0,5,53.13150009184873,-83.13750013810986,True,5.7685e-08,ok
Ek1e-5,1e-05,7.0,6,50.668099939867695,-91.58469989727398,True,4.6848e-08,ok
Ek1e-5,1e-05,7.0,7,48.70950001726981,-98.65510003317029,True,1.6701e-08,ok
Ek1e-5,1e-05,7.0,8,47.1373,-104.578,True,1.01801e-09,ok
Ek1e-5,1e-05,7.0,9,45.870299631353845,-109.52099918078632,True,4.88105e-07,ok
Ek1e-5,1e-05,7.0,10,44.84999839472576,-113.61099614734182,True,2.38192e-06,ok
Ek1e-5,1e-05,7.0,11,44.03340102014089,-116.94500247884702,True,1.73553e-06,ok
Ek1e-5,1e-05,7.0,12,43.38800006621478,-119.598000165135,True,1.25102e-07,ok
Ek1e-5,1e-05,7.0,13,42.8887,-121.631,True,2.85874e-09,ok
Ek1e-5,1e-05,7.0,14,42.5155999739519,-123.09199992706532,True,5.82303e-08,ok
Ek1e-5,1e-05,7.0,15,42.2531,-124.018,True,7.86706e-10,ok
Ek1e-5,1e-05,7.0,16,42.0885,-124.441,True,9.83189e-12,ok
Ek1e-5,1e-05,7.0,17,42.01137618386706,-124.38719045966768,True,0.000214299,ok
Ek1e-5,1e-05,7.0,18,42.013301329348685,-123.87800322887476,True,3.98286e-06,ok
Ek1e-5,1e-05,7.0,19,42.08705738436992,-122.932,True,0.000142095,ok
Ek1e-5,1e-05,7.0,20,42.22670135693134,-121.56300307054178,True,4.54268e-06,ok
Ek1e-5,1e-05,7.0,21,42.42680020490045,-119.78400044215913,True,7.21183e-07,ok
Ek1e-5,1e-05,7.0,22,42.6831,-117.605,True,1.50914e-09,ok
Ek1e-5,1e-05,7.0,23,42.99129983092163,-115.03599966184326,True,6.35466e-07,ok
Ek1e-5,1e-05,7.0,24,43.3476999841323,-112.0839999682646,True,6.69712e-08,ok
Ek1e-5,1e-05,7.0,25,43.7489,-108.758,True,3.7097e-09,ok
Ek1e-5,1e-05,7.0,30,46.3114,-86.8542,True,8.64982e-13,ok
Ek1e-5,1e-05,7.0,35,49.534,-57.9184,True,5.93558e-13,ok
Ek1e-5,1e-05,7.0,40,53.284,-26.7045,True,8.36271e-13,ok
Ek1e-5,1e-05,7.0,45,57.9258,1.91381,True,4.44457e-13,ok
Ek1e-5,1e-05,7.0,50,63.9434,26.468,True,4.03469e-13,ok
Ek1e-5,1e-05,7.0,55,71.7015,47.0754,True,2.92168e-13,ok
Ek1e-5,1e-05,7.0,60,81.5351,63.9656,True,2.83912e-13,ok
Ek1e-5,1e-05,7.0,65,93.8012,77.3192,True,1.03706e-13,ok
Ek1e-5,1e-05,7.0,70,108.889,87.369,True,3.17802e-13,ok
Ek1e-5,1e-05,7.0,75,127.216,94.4609,True,6.19148e-14,ok
Ek1e-5,1e-05,7.0,80,149.225,99.0367,True,2.04176e-13,ok
Ek1e-5,1e-05,7.0,85,175.375,101.577,True,3.22175e-13,ok
Ek1e-5,1e-05,7.0,90,206.143,102.541,True,5.28963e-13,ok
Ek1e-5,1e-05,7.0,95,242.021,102.333,True,5.99482e-13,ok
Ek1e-5,1e-05,7.0,100,283.518,101.283,True,4.80471e-13,ok
Ek1e-5,1e-05,7.0,105,331.16,99.6503,True,4.13427e-13,ok
Ek1e-5,1e-05,7.0,110,385.492,97.6315,True,6.11804e-13,ok
Ek1e-5,1e-05,7.0,115,447.08,95.3724,True,2.20904e-13,ok
Ek1e-5,1e-05,7.0,120,516.512,92.9782,True,9.14792e-13,ok
Ek1e-5,1e-05,10.0,1,53.221,-18.4749,True,1.76738e-09,ok
Ek1e-5,1e-05,10.0,2,46.9537,-32.0766,True,5.15037e-10,ok
Ek1e-5,1e-05,10.0,3,43.024600508506936,-42.84540050850693,True,1.6689e-07,ok
Ek1e-5,1e-05,10.0,4,40.16609980255434,-51.57659975383058,True,8.79903e-08,ok
Ek1e-5,1e-05,10.0,5,37.97359991873583,-58.76369987852148,True,4.80855e-08,ok
Ek1e-5,1e-05,10.0,6,36.24549996425667,-64.73469993867865,True,2.66945e-08,ok
Ek1e-5,1e-05,10.0,7,34.8611,-69.7175,True,3.33329e-10,ok
Ek1e-5,1e-05,10.0,8,33.7417,-73.8762,True,7.03484e-09,ok
Ek1e-5,1e-05,10.0,9,32.83259942869855,-77.33199862887652,True,7.74713e-07,ok
Ek1e-5,1e-05,10.0,10,32.09439525496807,-80.17638892825883,True,6.93126e-06,ok
Ek1e-5,1e-05,10.0,11,31.49769970900424,-82.47989933070976,True,4.51818e-07,ok
Ek1e-5,1e-05,10.0,12,31.02029997087465,-84.29779993115825,True,4.94122e-08,ok
Ek1e-5,1e-05,10.0,13,30.64479989417981,-85.67379968253944,True,2.50698e-07,ok
Ek1e-5,1e-05,10.0,14,30.3578,-86.6431,True,2.83405e-09,ok
Ek1e-5,1e-05,10.0,15,30.14820001652004,-87.2343000419858,True,3.85296e-08,ok
Ek1e-5,1e-05,10.0,16,30.0072,-87.4707,True,2.78664e-10,ok
Ek1e-5,1e-05,10.0,17,29.927574870697832,-87.37179948279133,True,5.37357e-05,ok
Ek1e-5,1e-05,10.0,18,29.9035,-86.9537,True,2.63634e-12,ok
Ek1e-5,1e-05,10.0,19,29.929900223819224,-86.22990052156524,True,6.82916e-07,ok
Ek1e-5,1e-05,10.0,20,30.002502567389374,-85.21170581067418,True,8.27918e-06,ok
Ek1e-5,1e-05,10.0,21,30.11770021449809,-83.9088004643026,True,7.28952e-07,ok
Ek1e-5,1e-05,10.0,22,30.27239995464804,-82.32919990362709,True,1.58094e-07,ok
Ek1e-5,1e-05,10.0,23,30.46350007620195,-80.4799001457996,True,2.85183e-07,ok
Ek1e-5,1e-05,10.0,24,30.6887,-78.3672,True,6.28305e-10,ok
Ek1e-5,1e-05,10.0,25,30.9453,-75.9972,True,1.8161e-09,ok
Ek1e-5,1e-05,10.0,30,32.6218,-60.5383,True,9.92612e-14,ok
Ek1e-5,1e-05,10.0,35,34.7743,-40.3173,True,1.31683e-12,ok
Ek1e-5,1e-05,10.0,40,37.3292,-18.6115,True,8.2201e-13,ok
Ek1e-5,1e-05,10.0,45,40.5467,1.33838,True,6.50698e-13,ok
Ek1e-5,1e-05,10.0,50,44.7497,18.5871,True,4.07532e-14,ok
Ek1e-5,1e-05,10.0,55,50.1818,33.2,True,7.26591e-14,ok
Ek1e-5,1e-05,10.0,60,57.0721,45.2983,True,1.06786e-13,ok
Ek1e-5,1e-05,10.0,65,65.6675,54.966,True,2.62052e-13,ok
Ek1e-5,1e-05,10.0,70,76.2382,62.3267,True,1.95423e-13,ok
Ek1e-5,1e-05,10.0,75,89.0757,67.5922,True,2.21912e-13,ok
Ek1e-5,1e-05,10.0,80,104.488,71.0529,True,2.18944e-13,ok
Ek1e-5,1e-05,10.0,85,122.798,73.0369,True,5.18206e-13,ok
Ek1e-5,1e-05,10.0,90,144.339,73.8665,True,7.57207e-14,ok
Ek1e-5,1e-05,10.0,95,169.455,73.8287,True,3.40395e-13,ok
Ek1e-5,1e-05,10.0,100,198.503,73.1622,True,4.45703e-13,ok
Ek1e-5,1e-05,10.0,105,231.852,72.0563,True,4.50343e-13,ok
Ek1e-5,1e-05,10.0,110,269.884,70.6555,True,5.45585e-13,ok
Ek1e-5,1e-05,10.0,115,312.994,69.0678,True,4.8824e-13,ok
Ek1e-5,1e-05,10.0,120,361.595,67.3719,True,7.87387e-13,ok
Ek1e-5,1e-05,30.0,1,17.9788,-6.20264,True,1.10299e-09,ok
Ek1e-5,1e-05,30.0,2,15.9851,-10.8095,True,4.71308e-10,ok
Ek1e-5,1e-05,30.0,3,14.7263,-14.4712,True,1.85388e-09,ok
Ek1e-5,1e-05,30.0,4,13.79769994707978,-17.44129993545591,True,2.15946e-08,ok
Ek1e-5,1e-05,30.0,5,13.075399005665217,-19.881398548495504,True,5.36796e-07,ok
Ek1e-5,1e-05,30.0,6,12.498400273166853,-21.901300462282364,True,1.83369e-07,ok
Ek1e-5,1e-05,30.0,7,12.030500015419536,-23.57880002929712,True,1.33427e-08,ok
Ek1e-5,1e-05,30.0,8,11.6474,-24.9705,True,4.02451e-09,ok
Ek1e-5,1e-05,30.0,9,11.3324,-26.1185,True,6.0352e-10,ok
Ek1e-5,1e-05,30.0,10,11.073199959638451,-27.05529990803744,True,5.26412e-08,ok
Ek1e-5,1e-05,30.0,11,10.8603998450412,-27.80559963242637,True,2.27966e-07,ok
Ek1e-5,1e-05,30.0,12,10.687100082632051,-28.38910019280812,True,1.35339e-07,ok
Ek1e-5,1e-05,30.0,13,10.547500056811552,-28.82150014202888,True,1.07389e-07,ok
Ek1e-5,1e-05,30.0,14,10.437400014502964,-29.11560004350889,True,3.58833e-08,ok
Ek1e-5,1e-05,30.0,15,10.3531,-29.2815,True,7.10193e-09,ok
Ek1e-5,1e-05,30.0,16,10.2918,-29.3281,True,4.7788e-10,ok
Ek1e-5,1e-05,30.0,17,10.251000540623586,-29.26220133300816,True,1.35375e-06,ok
Ek1e-5,1e-05,30.0,18,10.2289,-29.0901,True,4.44651e-11,ok
Ek1e-5,1e-05,30.0,19,10.223707452647266,-28.816617628377195,True,2.12335e-05,ok
Ek1e-5,1e-05,30.0,20,10.23410020479286,-28.446100461998125,True,6.20737e-07,ok
Ek1e-5,1e-05,30.0,21,10.258899926784204,-27.98209983655037,True,2.35064e-07,ok
Ek1e-5,1e-05,30.0,22,10.296999979640862,-27.42769995719772,True,6.88369e-08,ok
Ek1e-5,1e-05,30.0,23,10.3474000087634,-26.785600017114223,True,3.11737e-08,ok
Ek1e-5,1e-05,30.0,24,10.4093,-26.0581,True,4.81037e-10,ok
Ek1e-5,1e-05,30.0,25,10.481799914127397,-25.24739985052244,True,3.36043e-07,ok
Ek1e-5,1e-05,30.0,30,10.9786,-20.0358,True,2.71422e-13,ok
Ek1e-5,1e-05,30.0,35,11.6426,-13.3194,True,6.33204e-13,ok
Ek1e-5,1e-05,30.0,40,12.4586,-6.16127,True,2.23371e-13,ok
Ek1e-5,1e-05,30.0,45,13.5149,0.445458,True,2.98733e-14,ok
Ek1e-5,1e-05,30.0,50,14.9109,6.22703,True,3.55161e-14,ok
Ek1e-5,1e-05,30.0,55,16.7224,11.1979,True,5.91658e-14,ok
Ek1e-5,1e-05,30.0,60,19.0227,15.3793,True,6.8931e-14,ok
Ek1e-5,1e-05,30.0,65,21.8928,18.7776,True,3.91461e-14,ok
Ek1e-5,1e-05,30.0,70,25.4217,21.4128,True,1.17717e-13,ok
Ek1e-5,1e-05,30.0,75,29.7057,23.3384,True,1.4362e-13,ok
Ek1e-5,1e-05,30.0,80,34.8472,24.6398,True,7.16168e-14,ok
Ek1e-5,1e-05,30.0,85,40.9535,25.4212,True,1.3901e-13,ok
Ek1e-5,1e-05,30.0,90,48.1356,25.7892,True,1.06144e-13,ok
Ek1e-5,1e-05,30.0,95,56.5088,25.8419,True,1.85352e-13,ok
Ek1e-5,1e-05,30.0,100,66.1919,25.6624,True,1.18811e-13,ok
Ek1e-5,1e-05,30.0,105,77.3081,25.3181,True,1.64571e-13,ok
Ek1e-5,1e-05,30.0,110,89.9847,24.861,True,1.97281e-13,ok
Ek1e-5,1e-05,30.0,115,104.354,24.3306,True,2.21815e-13,ok
Ek1e-5,1e-05,30.0,120,120.554,23.756,True,1.76217e-13,ok
Ek1e-5,1e-05,50.0,1,10.816,-3.72688,True,6.57585e-10,ok
Ek1e-5,1e-05,50.0,2,9.63147,-6.49971,True,3.03204e-10,ok
Ek1e-5,1e-05,50.0,3,8.8825697783334,-8.705339789531333,True,6.25138e-08,ok
Ek1e-5,1e-05,50.0,4,8.328560377365024,-10.494600450068376,True,1.51968e-07,ok
Ek1e-5,1e-05,50.0,5,7.89635,-11.9639,True,9.04141e-09,ok
Ek1e-5,1e-05,50.0,6,7.55017,-13.1794,True,9.15291e-09,ok
Ek1e-5,1e-05,50.0,7,7.26865,-14.1878,True,6.826e-09,ok
Ek1e-5,1e-05,50.0,8,7.03764,-15.0233,True,1.44202e-09,ok
Ek1e-5,1e-05,50.0,9,6.84717,-15.7115,True,2.91851e-10,ok
Ek1e-5,1e-05,50.0,10,6.689990808156869,-16.27200186497739,True,1.04547e-06,ok
Ek1e-5,1e-05,50.0,11,6.560599897866542,-16.719999759244637,True,1.47575e-07,ok
Ek1e-5,1e-05,50.0,12,6.454790157246629,-17.067200404348473,True,2.5239e-07,ok
Ek1e-5,1e-05,50.0,13,6.369240022737448,-17.323400050527663,True,4.01872e-08,ok
Ek1e-5,1e-05,50.0,14,6.301330009497833,-17.496200023744585,True,1.865e-08,ok
Ek1e-5,1e-05,50.0,15,6.24893,-17.5919,True,5.57083e-11,ok
Ek1e-5,1e-05,50.0,16,6.21032,-17.6158,True,3.47364e-11,ok
Ek1e-5,1e-05,50.0,17,6.18408366531225,-17.5723,True,1.04008e-05,ok
Ek1e-5,1e-05,50.0,18,6.16904,-17.4651,True,1.34296e-11,ok
Ek1e-5,1e-05,50.0,19,6.16419663373456,-17.297033168672804,True,8.95658e-06,ok
Ek1e-5,1e-05,50.0,20,6.168709920856516,-17.07099981671015,True,2.3738e-07,ok
Ek1e-5,1e-05,50.0,21,6.1818699620919535,-16.78909991541949,True,1.20344e-07,ok
Ek1e-5,1e-05,50.0,22,6.203040018738793,-16.4532,True,7.92283e-08,ok
Ek1e-5,1e-05,50.0,23,6.23164,-16.0649,True,4.23716e-09,ok
Ek1e-5,1e-05,50.0,24,6.26715,-15.6257,True,1.91825e-10,ok
Ek1e-5,1e-05,50.0,25,6.3091,-15.1369,True,5.03857e-10,ok
Ek1e-5,1e-05,50.0,30,6.59966,-12.0035,True,1.76913e-14,ok
Ek1e-5,1e-05,50.0,35,6.99163,-7.97703,True,1.01563e-13,ok
Ek1e-5,1e-05,50.0,40,7.47701,-3.69164,True,3.9112e-13,ok
Ek1e-5,1e-05,50.0,45,8.10884,0.267195,True,8.16401e-14,ok
Ek1e-5,1e-05,50.0,50,8.94588,3.74002,True,5.35769e-14,ok
Ek1e-5,1e-05,50.0,55,10.0328,6.73475,True,5.66507e-14,ok
Ek1e-5,1e-05,50.0,60,11.4135,9.26201,True,3.21436e-14,ok
Ek1e-5,1e-05,50.0,65,13.1362,11.3229,True,7.29494e-14,ok
Ek1e-5,1e-05,50.0,70,15.2542,12.927,True,9.27638e-14,ok
Ek1e-5,1e-05,50.0,75,17.8252,14.1042,True,6.07352e-14,ok
Ek1e-5,1e-05,50.0,80,20.9106,14.9042,True,3.69931e-14,ok
Ek1e-5,1e-05,50.0,85,24.5748,15.3888,True,3.94374e-14,ok
Ek1e-5,1e-05,50.0,90,28.8843,15.6217,True,7.62005e-14,ok
Ek1e-5,1e-05,50.0,95,33.9084,15.662,True,9.19132e-14,ok
Ek1e-5,1e-05,50.0,100,39.7183,15.5602,True,3.52807e-14,ok
Ek1e-5,1e-05,50.0,105,46.388,15.357,True,1.0146e-13,ok
Ek1e-5,1e-05,50.0,110,53.9939,15.0843,True,7.57849e-14,ok
Ek1e-5,1e-05,50.0,115,62.6155,14.7662,True,6.3544e-14,ok
Ek1e-5,1e-05,50.0,120,72.335,14.4204,True,6.06026e-14,ok
Ek1e-5,1e-05,70.0,1,7.73454,-2.66367,True,1.75413e-09,ok
Ek1e-5,1e-05,70.0,2,6.89201,-4.64692,True,1.75324e-09,ok
Ek1e-5,1e-05,70.0,3,6.35906,-6.22501,True,5.16778e-09,ok
Ek1e-5,1e-05,70.0,4,5.9643200943538055,-7.505230113679284,True,3.75157e-08,ok
Ek1e-5,1e-05,70.0,5,5.655969958384198,-8.556389939677906,True,2.18822e-08,ok
Ek1e-5,1e-05,70.0,6,5.408710023592128,-9.42564003887717,True,1.55144e-08,ok
Ek1e-5,1e-05,70.0,7,5.2074,-10.1465,True,3.05809e-09,ok
Ek1e-5,1e-05,70.0,8,5.04202,-10.7434,True,7.53588e-09,ok
Ek1e-5,1e-05,70.0,9,4.90552,-11.2349,True,4.14846e-09,ok
Ek1e-5,1e-05,70.0,10,4.792740237744428,-11.634700536842256,True,3.03026e-07,ok
Ek1e-5,1e-05,70.0,11,4.699790017878207,-11.954000042343122,True,2.59672e-08,ok
Ek1e-5,1e-05,70.0,12,4.623650087136405,-12.201100224065044,True,1.37724e-07,ok
Ek1e-5,1e-05,70.0,13,4.561979991468097,-12.38309997887839,True,1.50988e-08,ok
Ek1e-5,1e-05,70.0,14,4.51291,-12.5054,True,1.70388e-09,ok
Ek1e-5,1e-05,70.0,15,4.47492,-12.5726,True,6.94816e-10,ok
Ek1e-5,1e-05,70.0,16,4.44678,-12.5884,True,7.079e-11,ok
Ek1e-5,1e-05,70.0,17,4.4274903233466425,-12.556101077822143,True,9.38188e-07,ok
Ek1e-5,1e-05,70.0,18,4.41619,-12.4783,True,1.35865e-11,ok
Ek1e-5,1e-05,70.0,19,4.4121756036892,-12.357065507820026,True,4.04529e-05,ok
Ek1e-5,1e-05,70.0,20,4.414880242769737,-12.194500606924342,True,7.19116e-07,ok
Ek1e-5,1e-05,70.0,21,4.423759959431302,-11.992099909804828,True,1.2814e-07,ok
Ek1e-5,1e-05,70.0,22,4.43836,-11.7511,True,8.00901e-09,ok
Ek1e-5,1e-05,70.0,23,4.458280010069627,-11.472800033565422,True,2.96594e-08,ok
Ek1e-5,1e-05,70.0,24,4.48315,-11.1583,True,5.23668e-09,ok
Ek1e-5,1e-05,70.0,25,4.51262,-10.8084,True,6.47626e-10,ok
Ek1e-5,1e-05,70.0,30,4.71785,-8.56837,True,6.13175e-15,ok
Ek1e-5,1e-05,70.0,35,4.99587,-5.69339,True,1.18759e-13,ok
Ek1e-5,1e-05,70.0,40,5.34129,-2.63532,True,7.36343e-14,ok
Ek1e-5,1e-05,70.0,45,5.792,0.190829,True,9.41524e-14,ok
Ek1e-5,1e-05,70.0,50,6.3897,2.67261,True,7.93016e-15,ok
Ek1e-5,1e-05,70.0,55,7.1661,4.81546,True,3.15371e-14,ok
Ek1e-5,1e-05,70.0,60,8.15243,6.62632,True,2.07178e-14,ok
Ek1e-5,1e-05,70.0,65,9.38312,8.1052,True,3.09975e-14,ok
Ek1e-5,1e-05,70.0,70,10.8962,9.25813,True,2.49796e-14,ok
Ek1e-5,1e-05,70.0,75,12.7328,10.1057,True,3.11802e-14,ok
Ek1e-5,1e-05,70.0,80,14.9369,10.6831,True,4.43483e-14,ok
Ek1e-5,1e-05,70.0,85,17.5542,11.0341,True,4.9e-14,ok
Ek1e-5,1e-05,70.0,90,20.6326,11.2043,True,7.66555e-14,ok
Ek1e-5,1e-05,70.0,95,24.2212,11.2359,True,8.58478e-14,ok
Ek1e-5,1e-05,70.0,100,28.3712,11.165,True,8.64978e-14,ok
Ek1e-5,1e-05,70.0,105,33.1353,11.021,True,1.28107e-13,ok
Ek1e-5,1e-05,70.0,110,38.5681,10.8267,True,8.29623e-14,ok
Ek1e-5,1e-05,70.0,115,44.7263,10.5995,True,1.34087e-13,ok
Ek1e-5,1e-05,70.0,120,51.6688,10.3522,True,1.39801e-13,ok
Ek1e-5,1e-05,100.0,1,5.4188,-1.86542,True,8.97829e-11,ok
Ek1e-5,1e-05,100.0,2,4.83091,-3.25509,True,4.56763e-10,ok
Ek1e-5,1e-05,100.0,3,4.45889,-4.36114,True,9.71586e-09,ok
Ek1e-5,1e-05,100.0,4,4.1831,-5.25843,True,6.06959e-09,ok
Ek1e-5,1e-05,100.0,5,3.96746,-5.9951,True,5.70877e-09,ok
Ek1e-5,1e-05,100.0,6,3.79438,-6.60413,True,7.03524e-09,ok
Ek1e-5,1e-05,100.0,7,3.65334,-7.10903,True,5.38075e-09,ok
Ek1e-5,1e-05,100.0,8,3.53739,-7.52697,True,3.70258e-10,ok
Ek1e-5,1e-05,100.0,9,3.4416,-7.87086,True,7.5683e-10,ok
Ek1e-5,1e-05,100.0,10,3.362388713654134,-8.15052,True,1.7603e-07,ok
Ek1e-5,1e-05,100.0,11,3.29703,-8.37361,True,1.45324e-09,ok
Ek1e-5,1e-05,100.0,12,3.243439911082352,-8.54614978587731,True,1.41318e-07,ok
Ek1e-5,1e-05,100.0,13,3.19998,-8.67297,True,2.26392e-09,ok
Ek1e-5,1e-05,100.0,14,3.165330010197951,-8.757990024928324,True,1.93159e-08,ok
Ek1e-5,1e-05,100.0,15,3.13844,-8.80441,True,2.72844e-10,ok
Ek1e-5,1e-05,100.0,16,3.11844,-8.81488,True,2.95861e-10,ok
Ek1e-5,1e-05,100.0,17,3.104638080363705,-8.791605225288198,True,4.70158e-06,ok
Ek1e-5,1e-05,100.0,18,3.09645,-8.73647,True,8.77893e-12,ok
Ek1e-5,1e-05,100.0,19,3.0933591489160794,-8.65101796230193,True,2.38174e-06,ok
Ek1e-5,1e-05,100.0,20,3.0949700228055463,-8.536600052452757,True,6.98383e-08,ok
Ek1e-5,1e-05,100.0,21,3.1008999880551,-8.394309973544024,True,3.75847e-08,ok
Ek1e-5,1e-05,100.0,22,3.1108499956848985,-8.225129990901424,True,1.43297e-08,ok
Ek1e-5,1e-05,100.0,23,3.1245300084155474,-8.029860016831094,True,2.81752e-08,ok
Ek1e-5,1e-05,100.0,24,3.14168,-7.80925,True,1.93553e-10,ok
Ek1e-5,1e-05,100.0,25,3.16205,-7.56396,True,2.61222e-10,ok
Ek1e-5,1e-05,100.0,30,3.30449,-5.99492,True,2.00899e-13,ok
Ek1e-5,1e-05,100.0,35,3.49808,-3.98302,True,1.88817e-14,ok
Ek1e-5,1e-05,100.0,40,3.7392,-1.8439,True,7.22859e-14,ok
Ek1e-5,1e-05,100.0,45,4.05439,0.133568,True,9.8463e-14,ok
Ek1e-5,1e-05,100.0,50,4.47268,1.87144,True,8.94316e-15,ok
Ek1e-5,1e-05,100.0,55,5.01618,3.37341,True,2.08465e-14,ok
Ek1e-5,1e-05,100.0,60,5.70668,4.644,True,3.47187e-14,ok
Ek1e-5,1e-05,100.0,65,6.56826,5.68281,True,8.06713e-15,ok
Ek1e-5,1e-05,100.0,70,7.62752,6.49362,True,7.02224e-15,ok
Ek1e-5,1e-05,100.0,75,8.91328,7.09054,True,1.53498e-14,ok
Ek1e-5,1e-05,100.0,80,10.4562,7.49789,True,1.09226e-14,ok
Ek1e-5,1e-05,100.0,85,12.2884,7.7462,True,1.83198e-14,ok
Ek1e-5,1e-05,100.0,90,14.4433,7.86733,True,5.58326e-14,ok
Ek1e-5,1e-05,100.0,95,22.0692,5.06688,True,4.703e-14,ok
Ek1e-5,1e-05,100.0,100,19.8604,7.84224,True,3.75537e-14,ok
Ek1e-5,1e-05,100.0,105,23.1952,7.74201,True,3.07773e-14,ok
Ek1e-5,1e-05,100.0,110,26.9982,7.60629,True,3.85397e-14,ok
Ek1e-5,1e-05,100.0,115,31.3089,7.44728,True,8.15871e-14,ok
Ek1e-5,1e-05,100.0,120,36.1686,7.27401,True,1.32172e-14,ok
Ek1.7e-5,1.7e-05,0.1,1,1345.191311191453,-642.2653845999104,True,0.207164,ok
Ek1.7e-5,1.7e-05,0.1,2,908.262999946976,-925.0369999923098,True,3.73862e-08,ok
Ek1.7e-5,1.7e-05,0.1,3,752.8619996181071,-1143.7599999537829,True,3.96953e-07,ok
Ek1.7e-5,1.7e-05,0.1,4,676.7990013008608,-1316.7000001061929,True,1.69502e-06,ok
Ek1.7e-5,1.7e-05,0.1,5,636.570997339867,-1458.5299999225651,True,4.0051e-06,ok
Ek1.7e-5,1.7e-05,0.1,6,617.6900099042028,-1577.33,True,1.60685e-05,ok
Ek1.7e-5,1.7e-05,0.1,7,613.6889977003393,-1678.3000001102362,True,4.01596e-06,ok
Ek1.7e-5,1.7e-05,0.1,8,620.9159935211626,-1765.540000268943,True,1.1669e-05,ok
Ek1.7e-5,1.7e-05,0.1,9,636.7019956471227,-1842.340000212322,True,8.21783e-06,ok
Ek1.7e-5,1.7e-05,0.1,10,658.6600018110689,-1910.8,True,3.56368e-06,ok
Ek1.7e-5,1.7e-05,0.1,11,684.7690429567272,-1971.0899928405452,True,8.94489e-05,ok
Ek1.7e-5,1.7e-05,0.1,12,714.0430067018332,-2021.4499981523768,True,1.42608e-05,ok
Ek1.7e-5,1.7e-05,0.1,13,746.8059931393902,-2059.97000257354,True,1.47177e-05,ok
Ek1.7e-5,1.7e-05,0.1,14,783.9769913050304,-2086.1300041122804,True,1.82073e-05,ok
Ek1.7e-5,1.7e-05,0.1,15,826.3360162280891,-2100.7099911275,True,3.22745e-05,ok
Ek1.7e-5,1.7e-05,0.1,16,874.3129694677376,-2105.050017621743,True,5.93596e-05,ok
Ek1.7e-5,1.7e-05,0.1,17,928.068004149672,-2100.4699975172903,True,7.64567e-06,ok
Ek1.7e-5,1.7e-05,0.1,18,987.6079981817952,-2088.110001126224,True,3.27512e-06,ok
Ek1.7e-5,1.7e-05,0.1,19,1052.8699979982664,-2068.7600012713656,True,3.47891e-06,ok
Ek1.7e-5,1.7e-05,0.1,20,1123.799999087283,-2042.930000595267,True,1.53224e-06,ok
Ek1.7e-5,1.7e-05,0.1,21,1200.3800001667064,-2010.8299998833056,True,2.69162e-07,ok
Ek1.7e-5,1.7e-05,0.1,22,1282.6600002639796,-1972.4299998096892,True,4.0845e-07,ok
Ek1.7e-5,1.7e-05,0.1,23,1370.8099998958237,-1927.4400000755647,True,1.57692e-07,ok
Ek1.7e-5,1.7e-05,0.1,24,1465.109966163538,-1875.4400256231363,True,4.93564e-05,ok
Ek1.7e-5,1.7e-05,0.1,26,1673.8500684304552,-1747.7899411498086,True,9.10058e-05,ok
Ek1.7e-5,1.7e-05,0.1,28,1913.210028933173,-1582.7799721796416,True,3.57058e-05,ok
Ek1.7e-5,1.7e-05,0.1,30,2188.579999253588,-1369.8000007582364,True,8.34956e-07,ok
Ek1.7e-5,1.7e-05,0.1,32,2506.249999978283,-1089.6200000263732,True,2.18882e-08,ok
Ek1.7e-5,1.7e-05,0.1,34,2873.24,-699.601,True,1.32663e-11,ok
Ek1.7e-5,1.7e-05,0.1,36,3287.58,-79.3102,True,2.21396e-11,ok
Ek1.7e-5,1.7e-05,0.1,38,3578.19,638.097,True,4.28208e-11,ok
Ek1.7e-5,1.7e-05,1.0,1,,,False,6.97039,no_onset_in_range
Ek1.7e-5,1.7e-05,1.0,2,276.83699986906896,-205.85599990560783,True,5.76479e-08,ok
Ek1.7e-5,1.7e-05,1.0,3,240.50699998090104,-266.2119999804185,True,1.48314e-08,ok
Ek1.7e-5,1.7e-05,1.0,4,218.07399965765916,-314.59999955925474,True,3.89825e-07,ok
Ek1.7e-5,1.7e-05,1.0,5,203.2260001877542,-354.6950002569268,True,2.76003e-07,ok
Ek1.7e-5,1.7e-05,1.0,6,193.08199994205984,-388.51699991040175,True,1.07271e-07,ok
Ek1.7e-5,1.7e-05,1.0,7,186.120000005182,-417.29700000811846,True,1.12475e-08,ok
Ek1.7e-5,1.7e-05,1.0,8,181.4560000052757,-441.8380000083045,True,1.29661e-08,ok
Ek1.7e-5,1.7e-05,1.0,9,178.5379999962828,-462.6799999938271,True,1.0403e-08,ok
Ek1.7e-5,1.7e-05,1.0,10,177.006,-480.194,True,3.15753e-10,ok
Ek1.7e-5,1.7e-05,1.0,12,177.18898953586603,-506.1839853468424,True,3.63995e-05,ok
Ek1.7e-5,1.7e-05,1.0,13,178.6110001963471,-514.9470002399798,True,7.25785e-07,ok
Ek1.7e-5,1.7e-05,1.0,14,180.78699944520991,-520.9929993972777,True,2.09456e-06,ok
Ek1.7e-5,1.7e-05,1.0,15,183.65100054598813,-524.3530004944797,True,2.10119e-06,ok
Ek1.7e-5,1.7e-05,1.0,16,187.14999991128676,-525.0259999305302,True,3.56704e-07,ok
Ek1.7e-5,1.7e-05,1.0,17,191.2430000216753,-522.9880000130053,True,8.84885e-08,ok
Ek1.7e-5,1.7e-05,1.0,18,195.8950000029911,-518.1950000012595,True,1.25392e-08,ok
Ek1.7e-5,1.7e-05,1.0,19,201.074,-510.587,True,8.12931e-09,ok
Ek1.7e-5,1.7e-05,1.0,20,206.754,-500.096,True,6.0666e-09,ok
Ek1.7e-5,1.7e-05,1.0,21,212.905,-486.654,True,1.55714e-09,ok
Ek1.7e-5,1.7e-05,1.0,22,219.499,-470.2,True,2.15574e-09,ok
Ek1.7e-5,1.7e-05,1.0,23,226.5,-450.688,True,3.52687e-11,ok
Ek1.7e-5,1.7e-05,1.0,24,233.869,-428.101,True,5.6034e-12,ok
Ek1.7e-5,1.7e-05,1.0,26,249.518,-373.84,True,6.36401e-13,ok
Ek1.7e-5,1.7e-05,1.0,28,265.975,-308.361,True,2.26805e-12,ok
Ek1.7e-5,1.7e-05,1.0,30,282.674,-234.111,True,1.25977e-12,ok
Ek1.7e-5,1.7e-05,1.0,32,299.117,-155.453,True,1.57202e-12,ok
Ek1.7e-5,1.7e-05,1.0,34,315.154,-77.9751,True,5.19982e-12,ok
Ek1.7e-5,1.7e-05,1.0,36,331.132,-6.43355,True,9.55816e-13,ok
Ek1.7e-5,1.7e-05,1.0,38,347.703,56.7622,True,1.92268e-12,ok
Ek1.7e-5,1.7e-05,10.0,1,41.5647,-13.9196,True,2.11577e-11,ok
Ek1.7e-5,1.7e-05,10.0,2,36.431,-23.8736,True,6.13497e-09,ok
Ek1.7e-5,1.7e-05,10.0,3,33.36260067357985,-31.598400449053237,True,2.05633e-07,ok
Ek1.7e-5,1.7e-05,10.0,4,31.20030825549313,-37.73471100732417,True,3.58605e-06,ok
Ek1.7e-5,1.7e-05,10.0,5,29.58819996291492,-42.67059996291492,True,3.13168e-08,ok
Ek1.7e-5,1.7e-05,10.0,6,28.35390014474503,-46.6595002252736,True,1.1599e-07,ok
Ek1.7e-5,1.7e-05,10.0,7,27.39710014006461,-49.87520023911114,True,1.36207e-07,ok
Ek1.7e-5,1.7e-05,10.0,8,26.6532,-52.4412,True,2.89492e-09,ok
Ek1.7e-5,1.7e-05,10.0,9,26.0781,-54.4478,True,7.82966e-10,ok
Ek1.7e-5,1.7e-05,10.0,10,25.6404,-55.9626,True,1.1911e-09,ok
Ek1.7e-5,1.7e-05,10.0,11,25.3171,-57.0372,True,3.67966e-10,ok
Ek1.7e-5,1.7e-05,10.0,12,25.0908,-57.7117,True,2.35917e-10,ok
Ek1.7e-5,1.7e-05,10.0,13,24.94830255339664,-58.01770516950829,True,5.24934e-06,ok
Ek1.7e-5,1.7e-05,10.0,14,24.87899981812445,-57.9802996362489,True,4.91997e-07,ok
Ek1.7e-5,1.7e-05,10.0,15,24.874800006857825,-57.6196000132258,True,1.64864e-08,ok
Ek1.7e-5,1.7e-05,10.0,16,24.929000090328024,-56.951700165269145,True,2.34632e-07,ok
Ek1.7e-5,1.7e-05,10.0,17,25.035900007823265,-55.98920001360054,True,2.17049e-08,ok
Ek1.7e-5,1.7e-05,10.0,18,25.1908,-54.7426,True,8.67232e-09,ok
Ek1.7e-5,1.7e-05,10.0,19,25.3894,-53.2205,True,2.99202e-09,ok
Ek1.7e-5,1.7e-05,10.0,20,25.628,-51.4305,True,5.03023e-11,ok
Ek1.7e-5,1.7e-05,10.0,21,25.9029,-49.3804,True,1.81507e-11,ok
Ek1.7e-5,1.7e-05,10.0,22,26.2109,-47.0789,True,5.46137e-12,ok
Ek1.7e-5,1.7e-05,10.0,23,26.5489,-44.5364,True,6.13924e-13,ok
Ek1.7e-5,1.7e-05,10.0,24,26.9141,-41.7667,True,2.07635e-13,ok
Ek1.7e-5,1.7e-05,10.0,26,27.7156,-35.6199,True,1.01222e-14,ok
Ek1.7e-5,1.7e-05,10.0,28,28.6003,-28.8356,True,3.23099e-13,ok
Ek1.7e-5,1.7e-05,10.0,30,,,False,7.34995,no_onset_in_range
Ek6.7e-5,6.7e-05,0.01,1,2080.126855406213,-1032.9521599475086,True,0.0189385,ok
Ek6.7e-5,6.7e-05,0.01,2,1794.3499447903794,-1387.9200077712785,True,1.13498e-05,ok
Ek6.7e-5,6.7e-05,0.01,3,1962.230030446336,-1505.9099953909094,True,6.78481e-06,ok
Ek6.7e-5,6.7e-05,0.01,4,2295.200010290913,-1518.8699984333973,True,2.29627e-06,ok
Ek6.7e-5,6.7e-05,0.01,5,2723.52,0.0,True,0.0,ok
Ek6.7e-5,6.7e-05,0.01,6,3213.56,0.0,True,0.0,ok
Ek6.7e-5,6.7e-05,0.01,7,3744.7403592833016,-1335.249954261213,True,7.46862e-05,ok
Ek6.7e-5,6.7e-05,0.01,8,4308.14999360831,-1256.1600007375027,True,1.26809e-06,ok
Ek6.7e-5,6.7e-05,0.01,9,4908.140791006363,-1180.5499272637826,True,0.000147454,ok
Ek6.7e-5,6.7e-05,0.01,10,5558.94995540689,-1109.6600036705704,True,7.5616e-06,ok
Ek6.7e-5,6.7e-05,0.01,11,6278.480021234647,-1042.5399984771966,True,3.21398e-06,ok
Ek6.7e-5,6.7e-05,0.01,12,7084.419996228998,-977.3940002522612,True,5.1e-07,ok
Ek6.7e-5,6.7e-05,0.01,13,7993.69764993028,-912.2311508753183,True,0.000282743,ok
Ek6.7e-5,6.7e-05,0.01,14,9023.19032698834,-844.9709789230408,True,3.48926e-05,ok
Ek6.7e-5,6.7e-05,0.01,15,10190.800235615012,-773.3169844990123,True,2.23677e-05,ok
Ek6.7e-5,6.7e-05,0.03,1,1548.689999950737,-733.0910000112756,True,1.84391e-08,ok
Ek6.7e-5,6.7e-05,0.03,2,1294.5401443030598,-1001.60992784847,True,7.67101e-05,ok
Ek6.7e-5,6.7e-05,0.03,3,1220.1799980843869,-1115.9900011383518,True,1.04259e-06,ok
Ek6.7e-5,6.7e-05,0.03,4,1222.920008672029,-1155.4899947004265,True,5.26273e-06,ok
Ek6.7e-5,6.7e-05,0.03,5,1270.009997601616,-1157.2700013849824,True,1.60349e-06,ok
Ek6.7e-5,6.7e-05,0.03,6,1348.900044789568,-1140.319955210432,True,3.83378e-05,ok
Ek6.7e-5,6.7e-05,0.03,7,1456.430068850909,-1112.9299755901384,True,4.46611e-05,ok
Ek6.7e-5,6.7e-05,0.03,8,1592.2700422447886,-1078.7299871428904,True,2.54026e-05,ok
Ek6.7e-5,6.7e-05,0.03,9,1756.9599913771208,-1039.630002096605,True,4.49888e-06,ok
Ek6.7e-5,6.7e-05,0.03,10,1951.830001116611,-996.6799997602031,True,5.18535e-07,ok
Ek6.7e-5,6.7e-05,0.03,11,2178.959999684368,-950.3310000622372,True,1.29669e-07,ok
Ek6.7e-5,6.7e-05,0.03,12,2441.249999954625,-900.5100000085047,True,1.6601e-08,ok
Ek6.7e-5,6.7e-05,0.03,13,2742.2799927254846,-846.6800013339807,True,2.37964e-06,ok
Ek6.7e-5,6.7e-05,0.03,14,3086.340003295744,-787.847999387541,True,9.61154e-07,ok
Ek6.7e-5,6.7e-05,0.03,15,3478.5299780396526,-722.4780041308057,True,5.80463e-06,ok
Ek6.7e-5,6.7e-05,0.05,1,1343.0500407414331,-496.59200407414335,True,6.03554e-06,ok
Ek6.7e-5,6.7e-05,0.05,2,901.0136627171588,-583.5469437861932,True,0.000115599,ok
Ek6.7e-5,6.7e-05,0.05,3,807.916,-691.035,True,5.29365e-09,ok
Ek6.7e-5,6.7e-05,0.05,4,814.5589998920681,-774.0589999801177,True,6.41826e-08,ok
Ek6.7e-5,6.7e-05,0.05,5,857.220999768898,-842.4529999480375,True,1.81467e-07,ok
Ek6.7e-5,6.7e-05,0.05,6,907.0679999045966,-896.4699999920828,True,9.68626e-08,ok
Ek6.7e-5,6.7e-05,0.05,7,961.269001079602,-927.011,True,1.08894e-06,ok
Ek6.7e-5,6.7e-05,0.05,8,1030.1499942915327,-934.4000005708468,True,3.12957e-06,ok
Ek6.7e-5,6.7e-05,0.05,9,1118.689999713993,-924.727000085802,True,2.4495e-07,ok
Ek6.7e-5,6.7e-05,0.05,10,1228.340000170312,-902.9599999506096,True,1.1877e-07,ok
Ek6.7e-5,6.7e-05,0.05,11,1359.9600000914045,-872.1539999738394,True,5.58929e-08,ok
Ek6.7e-5,6.7e-05,0.05,12,1514.7601708241489,-833.9219511931003,True,9.41517e-05,ok
Ek6.7e-5,6.7e-05,0.05,13,1694.450104246928,-788.8409699221978,True,5.16813e-05,ok
Ek6.7e-5,6.7e-05,0.05,14,1901.2099898978008,-736.6640029521593,True,4.55422e-06,ok
Ek6.7e-5,6.7e-05,0.05,15,2137.770000276884,-676.3779999158701,True,1.12458e-07,ok
Ek6.7e-5,6.7e-05,0.07,1,1019.5399996012128,-374.47199993436624,True,9.26151e-08,ok
Ek6.7e-5,6.7e-05,0.07,2,685.244974832955,-506.4829984034624,True,1.12223e-05,ok
Ek6.7e-5,6.7e-05,0.07,3,609.4070340257648,-608.6980015466256,True,2.06009e-05,ok
Ek6.7e-5,6.7e-05,0.07,4,602.4843465032513,-682.7600133135728,True,0.00024311,ok
Ek6.7e-5,6.7e-05,0.07,5,627.234,-738.714,True,2.70881e-09,ok
Ek6.7e-5,6.7e-05,0.07,6,668.322000459433,-782.376,True,1.1789e-07,ok
Ek6.7e-5,6.7e-05,0.07,7,717.3209997939384,-814.5920000058624,True,2.04244e-07,ok
Ek6.7e-5,6.7e-05,0.07,8,772.6319998875774,-832.982,True,1.09195e-07,ok
Ek6.7e-5,6.7e-05,0.07,9,837.4679187463504,-836.5880270845498,True,7.48726e-05,ok
Ek6.7e-5,6.7e-05,0.07,10,915.267098478725,-826.9559677471425,True,8.46322e-05,ok
Ek6.7e-5,6.7e-05,0.07,11,1008.2799461453488,-806.280018903344,True,4.17132e-05,ok
Ek6.7e-5,6.7e-05,0.07,12,1118.0800695197686,-776.2319739300867,True,4.99143e-05,ok
Ek6.7e-5,6.7e-05,0.07,13,1246.1300059016432,-737.6749977828962,True,3.74671e-06,ok
Ek6.7e-5,6.7e-05,0.07,14,1394.0300044305836,-690.6739982671495,True,2.5732e-06,ok
Ek6.7e-5,6.7e-05,0.07,15,1563.6299990304246,-634.4840003928724,True,5.19598e-07,ok
Ek6.7e-5,6.7e-05,0.1,1,795.8240006160227,-305.2370000726376,True,1.67029e-07,ok
Ek6.7e-5,6.7e-05,0.1,2,549.4120038435552,-434.3080001770058,True,2.08726e-06,ok
Ek6.7e-5,6.7e-05,0.1,3,482.0160084728964,-527.267,True,6.19154e-06,ok
Ek6.7e-5,6.7e-05,0.1,4,465.5050245017114,-594.6329991886851,True,2.07891e-05,ok
Ek6.7e-5,6.7e-05,0.1,5,474.2740820555132,-644.8439949761931,True,7.73191e-05,ok
Ek6.7e-5,6.7e-05,0.1,6,498.53394011473335,-682.9240049418921,True,5.98748e-05,ok
Ek6.7e-5,6.7e-05,0.1,7,532.8409941227034,-711.4160006977652,True,6.22875e-06,ok
Ek6.7e-5,6.7e-05,0.1,8,574.195902961485,-730.6470178590289,True,0.000106924,ok
Ek6.7e-5,6.7e-05,0.1,9,622.0967004643331,-739.6980809167143,True,0.000330605,ok
Ek6.7e-5,6.7e-05,0.1,10,677.8769257283569,-737.922074271643,True,7.09877e-05,ok
Ek6.7e-5,6.7e-05,0.1,11,743.3939986062841,-725.533001393716,True,1.99687e-06,ok
Ek6.7e-5,6.7e-05,0.1,12,820.3049978450887,-703.1620009948969,True,1.92726e-06,ok
Ek6.7e-5,6.7e-05,0.1,13,909.9990050935288,-671.2979975124626,True,4.19044e-06,ok
Ek6.7e-5,6.7e-05,0.1,14,1013.7499993365026,-629.9590003413758,True,5.05214e-07,ok
Ek6.7e-5,6.7e-05,0.1,15,1132.8300001019898,-578.5019999435414,True,7.25315e-08,ok
Ek6.7e-5,6.7e-05,0.2,1,541.334,-205.151,True,5.87463e-09,ok
Ek6.7e-5,6.7e-05,0.2,2,388.394,-304.992,True,6.115e-09,ok
Ek6.7e-5,6.7e-05,0.2,3,335.6020055450344,-375.774,True,4.93783e-07,ok
Ek6.7e-5,6.7e-05,0.2,4,314.054999414253,-428.9959999926798,True,6.91256e-07,ok
Ek6.7e-5,6.7e-05,0.2,5,308.4879942575467,-469.942,True,1.27677e-06,ok
Ek6.7e-5,6.7e-05,0.2,6,313.30899824701703,-501.3110002727105,True,2.37644e-06,ok
Ek6.7e-5,6.7e-05,0.2,7,325.81599984017424,-524.7140000368544,True,2.24386e-07,ok
Ek6.7e-5,6.7e-05,0.2,8,344.43199951596307,-541.0390001474524,True,6.93359e-07,ok
Ek6.7e-5,6.7e-05,0.2,9,368.22299990477256,-550.5170000365724,True,1.37524e-07,ok
Ek6.7e-5,6.7e-05,0.2,10,396.8209995408342,-552.8590002156465,True,6.59503e-07,ok
Ek6.7e-5,6.7e-05,0.2,11,430.3700000423125,-547.4989999759487,True,5.89574e-08,ok
Ek6.7e-5,6.7e-05,0.2,12,469.3639999612626,-533.837000024753,True,5.26584e-08,ok
Ek6.7e-5,6.7e-05,0.2,13,514.441,-511.309,True,2.16686e-09,ok
Ek6.7e-5,6.7e-05,0.2,14,566.221,-479.292,True,9.87788e-11,ok
Ek6.7e-5,6.7e-05,0.2,15,625.206,-436.941,True,3.83021e-10,ok
Ek6.7e-5,6.7e-05,0.3,1,433.129,-157.167,True,1.4283e-09,ok
Ek6.7e-5,6.7e-05,0.3,2,318.48799935554,-238.35799980090155,True,5.00056e-07,ok
Ek6.7e-5,6.7e-05,0.3,3,275.18699964499285,-296.0689999058078,True,3.88474e-07,ok
Ek6.7e-5,6.7e-05,0.3,4,255.62299974214457,-340.007999955503,True,3.41662e-07,ok
Ek6.7e-5,6.7e-05,0.3,5,248.2330001302406,-374.2550000079902,True,1.93127e-07,ok
Ek6.7e-5,6.7e-05,0.3,6,248.6479999215254,-400.72700000453824,True,1.24907e-07,ok
Ek6.7e-5,6.7e-05,0.3,7,254.8439999435984,-420.48700000958536,True,9.38755e-08,ok
Ek6.7e-5,6.7e-05,0.3,8,265.7219998745018,-434.1220000348876,True,2.14346e-07,ok
Ek6.7e-5,6.7e-05,0.3,9,280.62600001728146,-441.8409999933434,True,2.95179e-08,ok
Ek6.7e-5,6.7e-05,0.3,10,299.195,-443.506,True,9.42172e-09,ok
Ek6.7e-5,6.7e-05,0.3,11,321.322,-438.705,True,2.54608e-09,ok
Ek6.7e-5,6.7e-05,0.3,12,347.1,-426.862,True,3.72586e-11,ok
Ek6.7e-5,6.7e-05,0.3,13,376.744,-407.321,True,1.13062e-09,ok
Ek6.7e-5,6.7e-05,0.3,14,410.475,-379.381,True,6.58216e-11,ok
Ek6.7e-5,6.7e-05,0.3,15,448.402,-342.275,True,1.96114e-11,ok
Ek6.7e-5,6.7e-05,0.4,1,364.673,-127.655,True,1.65146e-09,ok
Ek6.7e-5,6.7e-05,0.4,2,273.7139998983962,-196.3809998983962,True,8.90214e-08,ok
Ek6.7e-5,6.7e-05,0.4,3,237.44200015631245,-245.379000064074,True,1.69509e-07,ok
Ek6.7e-5,6.7e-05,0.4,4,220.23300005380185,-282.7410000179339,True,7.38883e-08,ok
Ek6.7e-5,6.7e-05,0.4,5,212.90000008596004,-311.8690000194434,True,1.35951e-07,ok
Ek6.7e-5,6.7e-05,0.4,6,211.853000108126,-334.34600000954055,True,1.83803e-07,ok
Ek6.7e-5,6.7e-05,0.4,7,215.421,-351.0,True,8.46281e-09,ok
Ek6.7e-5,6.7e-05,0.4,8,222.71599998009427,-362.2620000032635,True,3.79917e-08,ok
Ek6.7e-5,6.7e-05,0.4,9,233.2180000061934,-368.2739999981506,True,1.18715e-08,ok
Ek6.7e-5,6.7e-05,0.4,10,246.616,-368.927,True,1.70818e-09,ok
Ek6.7e-5,6.7e-05,0.4,11,262.751,-363.902,True,6.80315e-10,ok
Ek6.7e-5,6.7e-05,0.4,12,281.585,-352.727,True,4.56448e-10,ok
Ek6.7e-5,6.7e-05,0.4,13,303.144,-334.849,True,7.41544e-12,ok
Ek6.7e-5,6.7e-05,0.4,14,327.45,-309.695,True,2.49568e-13,ok
Ek6.7e-5,6.7e-05,0.4,15,354.419,-276.732,True,3.32116e-13,ok
Ek6.7e-5,6.7e-05,0.5,1,315.663,-107.483,True,6.05325e-10,ok
Ek6.7e-5,6.7e-05,0.5,2,241.04499997552577,-167.13899998822944,True,1.65003e-08,ok
Ek6.7e-5,6.7e-05,0.5,3,210.14699991112755,-209.77899995125668,True,9.48471e-08,ok
Ek6.7e-5,6.7e-05,0.5,4,195.00500004755028,-242.2270000229106,True,6.48746e-08,ok
Ek6.7e-5,6.7e-05,0.5,5,188.1240000296439,-267.41600001165995,True,4.78073e-08,ok
Ek6.7e-5,6.7e-05,0.5,6,186.49700002480697,-286.7270000062017,True,4.40171e-08,ok
Ek6.7e-5,6.7e-05,0.5,7,188.7,-300.867,True,2.84328e-09,ok
Ek6.7e-5,6.7e-05,0.5,8,193.976,-310.186,True,3.43952e-09,ok
Ek6.7e-5,6.7e-05,0.5,9,201.881,-314.793,True,4.67194e-09,ok
Ek6.7e-5,6.7e-05,0.5,10,212.138,-314.597,True,2.55235e-10,ok
Ek6.7e-5,6.7e-05,0.5,11,224.577,-309.343,True,9.42266e-11,ok
Ek6.7e-5,6.7e-05,0.5,12,239.103,-298.661,True,4.7697e-11,ok
Ek6.7e-5,6.7e-05,0.5,13,255.659,-282.121,True,4.83248e-12,ok
Ek6.7e-5,6.7e-05,0.5,14,274.171,-259.31,True,6.41549e-13,ok
Ek6.7e-5,6.7e-05,0.5,15,294.48,-229.917,True,8.02379e-13,ok
Ek6.7e-5,6.7e-05,0.6,1,278.413,-92.792,True,1.16064e-11,ok
Ek6.7e-5,6.7e-05,0.6,2,215.661,-145.492,True,3.24888e-09,ok
Ek6.7e-5,6.7e-05,0.6,3,188.94499985764676,-183.23499990872543,True,1.43601e-07,ok
Ek6.7e-5,6.7e-05,0.6,4,175.52900037556466,-211.8670002280214,True,4.98077e-07,ok
Ek6.7e-5,6.7e-05,0.6,5,169.167,-233.968,True,4.77842e-09,ok
Ek6.7e-5,6.7e-05,0.6,6,167.299,-250.771,True,4.84551e-09,ok
Ek6.7e-5,6.7e-05,0.6,7,168.694,-262.907,True,3.08383e-09,ok
Ek6.7e-5,6.7e-05,0.6,8,172.688,-270.685,True,1.89032e-09,ok
Ek6.7e-5,6.7e-05,0.6,9,178.889,-274.196,True,3.89002e-10,ok
Ek6.7e-5,6.7e-05,0.6,10,187.046,-273.372,True,1.91884e-10,ok
Ek6.7e-5,6.7e-05,0.6,11,196.988,-268.013,True,2.81923e-12,ok
Ek6.7e-5,6.7e-05,0.6,12,208.599,-257.829,True,1.23101e-11,ok
Ek6.7e-5,6.7e-05,0.6,13,221.781,-242.502,True,4.33562e-13,ok
Ek6.7e-5,6.7e-05,0.6,14,236.421,-221.754,True,6.82441e-13,ok
Ek6.7e-5,6.7e-05,0.6,15,252.341,-195.445,True,4.6385e-13,ok
Ek6.7e-5,6.7e-05,0.7,1,249.031,-81.6112,True,1.118e-09,ok
Ek6.7e-5,6.7e-05,0.7,2,195.1999999352544,-128.78999996361006,True,3.71477e-08,ok
Ek6.7e-5,6.7e-05,0.7,3,171.78999992069657,-162.6289999441588,True,7.49737e-08,ok
Ek6.7e-5,6.7e-05,0.7,4,159.80300006914183,-188.2160000480477,True,8.68127e-08,ok
Ek6.7e-5,6.7e-05,0.7,5,153.93599999122975,-207.84699999391248,True,1.38652e-08,ok
Ek6.7e-5,6.7e-05,0.7,6,151.98000001167486,-222.64400000663343,True,2.12302e-08,ok
Ek6.7e-5,6.7e-05,0.7,7,152.853,-233.181,True,2.41938e-09,ok
Ek6.7e-5,6.7e-05,0.7,8,155.969,-239.742,True,1.81434e-09,ok
Ek6.7e-5,6.7e-05,0.7,9,160.974,-242.417,True,1.84924e-10,ok
Ek6.7e-5,6.7e-05,0.7,10,167.639,-241.154,True,7.34555e-11,ok
Ek6.7e-5,6.7e-05,0.7,11,175.797,-235.799,True,3.47953e-11,ok
Ek6.7e-5,6.7e-05,0.7,12,185.324,-226.132,True,1.7076e-12,ok
Ek6.7e-5,6.7e-05,0.7,13,196.108,-211.922,True,7.79078e-14,ok
Ek6.7e-5,6.7e-05,0.7,14,208.023,-192.993,True,1.00149e-12,ok
Ek6.7e-5,6.7e-05,0.7,15,220.894,-169.322,True,3.73007e-13,ok
Ek6.7e-5,6.7e-05,0.8,1,225.232,-72.8187,True,8.36629e-10,ok
Ek6.7e-5,6.7e-05,0.8,2,178.29499969498642,-115.5059998197647,True,1.66573e-07,ok
Ek6.7e-5,6.7e-05,0.8,3,157.54200015568054,-146.15700010989215,True,1.36534e-07,ok
Ek6.7e-5,6.7e-05,0.8,4,146.74200003078371,-169.2580000230878,True,3.72975e-08,ok
Ek6.7e-5,6.7e-05,0.8,5,141.32099998553326,-186.8799999886133,True,2.19944e-08,ok
Ek6.7e-5,6.7e-05,0.8,6,139.34899997969907,-200.04999998518173,True,3.61153e-08,ok
Ek6.7e-5,6.7e-05,0.8,7,139.868,-209.302,True,1.48047e-09,ok
Ek6.7e-5,6.7e-05,0.8,8,142.351,-214.9,True,8.46195e-10,ok
Ek6.7e-5,6.7e-05,0.8,9,146.479,-216.935,True,8.11271e-11,ok
Ek6.7e-5,6.7e-05,0.8,10,152.038,-215.376,True,1.15271e-11,ok
Ek6.7e-5,6.7e-05,0.8,11,158.871,-210.105,True,3.77144e-12,ok
Ek6.7e-5,6.7e-05,0.8,12,166.852,-200.955,True,1.08582e-12,ok
Ek6.7e-5,6.7e-05,0.8,13,175.866,-187.763,True,6.11574e-13,ok
Ek6.7e-5,6.7e-05,0.8,14,185.787,-170.429,True,1.76354e-13,ok
Ek6.7e-5,6.7e-05,0.8,15,196.456,-149.003,True,1.05914e-12,ok
Ek6.7e-5,6.7e-05,1.0,1,189.023,-59.883,True,6.80069e-10,ok
Ek6.7e-5,6.7e-05,1.0,2,151.9369994941273,-95.70539970166482,True,2.43612e-07,ok
Ek6.7e-5,6.7e-05,1.0,3,135.1370001179112,-121.46300008867014,True,9.32548e-08,ok
Ek6.7e-5,6.7e-05,1.0,4,126.16999988536458,-140.7639999007046,True,1.26592e-07,ok
Ek6.7e-5,6.7e-05,1.0,5,121.4940000373544,-155.33400003076247,True,5.16226e-08,ok
Ek6.7e-5,6.7e-05,1.0,6,119.5850000068784,-166.05600000589578,True,1.18495e-08,ok
Ek6.7e-5,6.7e-05,1.0,7,119.671,-173.4,True,2.10098e-09,ok
Ek6.7e-5,6.7e-05,1.0,8,121.32,-177.609,True,1.24993e-09,ok
Ek6.7e-5,6.7e-05,1.0,9,124.263,-178.778,True,6.58672e-10,ok
Ek6.7e-5,6.7e-05,1.0,10,128.317,-176.905,True,2.68187e-11,ok
Ek6.7e-5,6.7e-05,1.0,11,133.341,-171.927,True,5.17892e-12,ok
Ek6.7e-5,6.7e-05,1.0,12,139.219,-163.753,True,6.16344e-13,ok
Ek6.7e-5,6.7e-05,1.0,13,145.843,-152.307,True,7.64579e-13,ok
Ek6.7e-5,6.7e-05,1.0,14,153.102,-137.582,True,4.59709e-13,ok
Ek6.7e-5,6.7e-05,1.0,15,160.869,-119.704,True,1.24285e-14,ok
Ek6.7e-5,6.7e-05,1.2,1,162.782,-50.8313,True,1.80757e-09,ok
Ek6.7e-5,6.7e-05,1.2,2,132.31500006015176,-81.66210003486628,True,2.59401e-08,ok
Ek6.7e-5,6.7e-05,1.2,3,118.2800005231555,-103.846000405276,True,3.77637e-07,ok
Ek6.7e-5,6.7e-05,1.2,4,110.643,-120.388,True,5.31421e-09,ok
Ek6.7e-5,6.7e-05,1.2,5,106.54600006530454,-132.76600005993288,True,8.45167e-08,ok
Ek6.7e-5,6.7e-05,1.2,6,104.743,-141.756,True,1.63663e-10,ok
Ek6.7e-5,6.7e-05,1.2,7,104.595,-147.781,True,4.66561e-09,ok
Ek6.7e-5,6.7e-05,1.2,8,105.735,-151.066,True,1.3945e-09,ok
Ek6.7e-5,6.7e-05,1.2,9,107.934,-151.712,True,1.1903e-10,ok
Ek6.7e-5,6.7e-05,1.2,10,111.033,-149.736,True,2.00644e-11,ok
Ek6.7e-5,6.7e-05,1.2,11,114.908,-145.109,True,3.8354e-13,ok
Ek6.7e-5,6.7e-05,1.2,12,119.456,-137.788,True,7.65728e-13,ok
Ek6.7e-5,6.7e-05,1.2,13,124.58,-127.745,True,1.41544e-13,ok
Ek6.7e-5,6.7e-05,1.2,14,130.188,-115.021,True,2.18026e-13,ok
Ek6.7e-5,6.7e-05,1.2,15,136.178,-99.7651,True,4.48912e-13,ok
Ek6.7e-5,6.7e-05,1.4,1,142.903,-44.1471,True,2.45956e-10,ok
Ek6.7e-5,6.7e-05,1.4,2,117.1409999406971,-71.19099996560432,True,2.35951e-08,ok
Ek6.7e-5,6.7e-05,1.4,3,105.12899985080882,-90.65659988624172,True,9.67318e-08,ok
Ek6.7e-5,6.7e-05,1.4,4,98.49300003082683,-105.11100002753793,True,2.93078e-08,ok
Ek6.7e-5,6.7e-05,1.4,5,94.8530999872838,-115.84899998749226,True,1.5539e-08,ok
Ek6.7e-5,6.7e-05,1.4,6,93.16299999116292,-123.56199999137846,True,1.30223e-08,ok
Ek6.7e-5,6.7e-05,1.4,7,92.8794,-128.635,True,1.32902e-09,ok
Ek6.7e-5,6.7e-05,1.4,8,93.6885,-131.28,True,5.99103e-11,ok
Ek6.7e-5,6.7e-05,1.4,9,95.3907,-131.598,True,2.32325e-10,ok
Ek6.7e-5,6.7e-05,1.4,10,97.8457,-129.622,True,1.94517e-11,ok
Ek6.7e-5,6.7e-05,1.4,11,100.945,-125.344,True,1.9078e-12,ok
Ek6.7e-5,6.7e-05,1.4,12,104.595,-118.746,True,3.66912e-13,ok
Ek6.7e-5,6.7e-05,1.4,13,108.715,-109.834,True,9.52169e-13,ok
Ek6.7e-5,6.7e-05,1.4,14,113.223,-98.6667,True,6.16403e-13,ok
Ek6.7e-5,6.7e-05,1.4,15,118.04,-85.4013,True,2.78344e-13,ok
Ek6.7e-5,6.7e-05,1.6,1,127.33,-39.0113,True,3.21649e-09,ok
Ek6.7e-5,6.7e-05,1.6,2,105.062999934773,-63.0872999478184,True,3.41768e-08,ok
Ek6.7e-5,6.7e-05,1.6,3,94.5851,-80.4185,True,5.82133e-11,ok
Ek6.7e-5,6.7e-05,1.6,4,88.72550101532667,-93.24380092158448,True,9.10897e-07,ok
Ek6.7e-5,6.7e-05,1.6,5,85.45329990632422,-102.71299990513845,True,1.07426e-07,ok
Ek6.7e-5,6.7e-05,1.6,6,83.8710999925484,-109.45099999295118,True,1.02656e-08,ok
Ek6.7e-5,6.7e-05,1.6,7,83.5089,-113.813,True,3.59264e-10,ok
Ek6.7e-5,6.7e-05,1.6,8,84.0926,-115.997,True,2.99231e-10,ok
Ek6.7e-5,6.7e-05,1.6,9,85.4465,-116.105,True,8.39062e-11,ok
Ek6.7e-5,6.7e-05,1.6,10,87.4462,-114.176,True,7.656e-12,ok
Ek6.7e-5,6.7e-05,1.6,11,89.9948,-110.219,True,1.25729e-12,ok
Ek6.7e-5,6.7e-05,1.6,12,93.0106,-104.234,True,7.53888e-13,ok
Ek6.7e-5,6.7e-05,1.6,13,96.4205,-96.2401,True,3.21345e-13,ok
Ek6.7e-5,6.7e-05,1.6,14,100.156,-86.3094,True,2.59742e-12,ok
Ek6.7e-5,6.7e-05,1.6,15,104.154,-74.5946,True,0.0,ok
Ek6.7e-5,6.7e-05,1.8,1,114.805,-34.9429,True,1.63368e-09,ok
Ek6.7e-5,6.7e-05,1.8,2,95.22689993806968,-56.63229996387399,True,2.19e-08,ok
Ek6.7e-5,6.7e-05,1.8,3,85.94699945007636,-72.24509955870325,True,3.31067e-07,ok
Ek6.7e-5,6.7e-05,1.8,4,80.70480018169592,-83.76500016630676,True,1.55194e-07,ok
Ek6.7e-5,6.7e-05,1.8,5,77.73389992472255,-92.2266999238156,True,8.25548e-08,ok
Ek6.7e-5,6.7e-05,1.8,6,76.2509,-98.2002,True,2.7808e-09,ok
Ek6.7e-5,6.7e-05,1.8,7,75.8432,-102.014,True,1.28976e-09,ok
Ek6.7e-5,6.7e-05,1.8,8,76.2681,-103.855,True,1.65917e-09,ok
Ek6.7e-5,6.7e-05,1.8,9,77.369,-103.824,True,4.26682e-11,ok
Ek6.7e-5,6.7e-05,1.8,10,79.0347,-101.966,True,1.86882e-11,ok
Ek6.7e-5,6.7e-05,1.8,11,81.1782,-98.2972,True,1.69291e-12,ok
Ek6.7e-5,6.7e-05,1.8,12,83.7265,-92.8295,True,2.69076e-13,ok
Ek6.7e-5,6.7e-05,1.8,13,86.6151,-85.5928,True,7.43466e-13,ok
Ek6.7e-5,6.7e-05,1.8,14,89.7852,-76.6624,True,6.52492e-13,ok
Ek6.7e-5,6.7e-05,1.8,15,93.1832,-66.1845,True,3.79938e-13,ok
Ek6.7e-5,6.7e-05,2.0,1,104.515,-31.641,True,3.01514e-10,ok
Ek6.7e-5,6.7e-05,2.0,2,87.0634998169854,-51.37069989572424,True,6.29224e-08,ok
Ek6.7e-5,6.7e-05,2.0,3,78.74339989394232,-65.57149991751069,True,5.99819e-08,ok
Ek6.7e-5,6.7e-05,2.0,4,74.00301210949213,-76.0235,True,1.31659e-08,ok
Ek6.7e-5,6.7e-05,2.0,5,71.2830999652673,-83.6668999646241,True,3.65228e-08,ok
Ek6.7e-5,6.7e-05,2.0,6,69.89019997095139,-89.02599996966033,True,3.74199e-08,ok
Ek6.7e-5,6.7e-05,2.0,7,69.4571,-92.4066,True,4.16455e-09,ok
Ek6.7e-5,6.7e-05,2.0,8,69.7669,-93.986,True,4.75217e-10,ok
Ek6.7e-5,6.7e-05,2.0,9,70.6786,-93.8618,True,2.85511e-10,ok
Ek6.7e-5,6.7e-05,2.0,10,72.0916,-92.0823,True,3.92316e-11,ok
Ek6.7e-5,6.7e-05,2.0,11,73.9276,-88.6702,True,2.73556e-12,ok
Ek6.7e-5,6.7e-05,2.0,12,76.1207,-83.6438,True,3.11759e-13,ok
Ek6.7e-5,6.7e-05,2.0,13,78.6135,-77.039,True,3.5005e-13,ok
Ek6.7e-5,6.7e-05,2.0,14,81.3546,-68.9319,True,1.73097e-13,ok
Ek6.7e-5,6.7e-05,2.0,15,84.2986,-59.4608,True,3.3733e-13,ok
Ek6.7e-5,6.7e-05,2.2,1,95.9127,-28.9082,True,4.1346e-09,ok
Ek6.7e-5,6.7e-05,2.2,2,80.1817999004335,-47.00059994351516,True,3.32718e-08,ok
Ek6.7e-5,6.7e-05,2.2,3,72.64599974369318,-60.02129979976029,True,1.41572e-07,ok
Ek6.7e-5,6.7e-05,2.2,4,68.32130007004172,-69.58400006448011,True,5.53687e-08,ok
Ek6.7e-5,6.7e-05,2.2,5,65.81339996341198,-76.55049996268984,True,3.72804e-08,ok
Ek6.7e-5,6.7e-05,2.2,6,64.5018,-81.4064,True,7.08283e-10,ok
Ek6.7e-5,6.7e-05,2.2,7,64.0562,-84.4374,True,9.51205e-10,ok
Ek6.7e-5,6.7e-05,2.2,8,64.2806,-85.8119,True,1.01734e-10,ok
Ek6.7e-5,6.7e-05,2.2,9,65.0471,-85.6246,True,1.85154e-10,ok
Ek6.7e-5,6.7e-05,2.2,10,66.2643,-83.9253,True,6.01782e-11,ok
Ek6.7e-5,6.7e-05,2.2,11,67.8607,-80.7406,True,1.25514e-12,ok
Ek6.7e-5,6.7e-05,2.2,12,69.7768,-76.0933,True,4.04129e-13,ok
Ek6.7e-5,6.7e-05,2.2,13,71.9608,-70.0225,True,1.19079e-13,ok
Ek6.7e-5,6.7e-05,2.2,14,74.3674,-62.6035,True,1.6317e-13,ok
Ek6.7e-5,6.7e-05,2.2,15,76.9575,-53.9666,True,1.46514e-13,ok
Ek6.7e-5,6.7e-05,2.4,1,88.6154,-26.6091,True,5.71714e-09,ok
Ek6.7e-5,6.7e-05,2.4,2,74.30319980161283,-43.31359988740188,True,6.43928e-08,ok
Ek6.7e-5,6.7e-05,2.4,3,67.41959975205583,-55.33369979854536,True,1.35414e-07,ok
Ek6.7e-5,6.7e-05,2.4,4,63.44419987328537,-64.1448998814605,True,9.69007e-08,ok
Ek6.7e-5,6.7e-05,2.4,5,61.11800004359589,-70.54280004424433,True,4.32756e-08,ok
Ek6.7e-5,6.7e-05,2.4,6,59.8797,-74.9794,True,1.68416e-09,ok
Ek6.7e-5,6.7e-05,2.4,7,59.4298,-77.7232,True,1.17265e-09,ok
Ek6.7e-5,6.7e-05,2.4,8,59.5896,-78.9341,True,9.27809e-10,ok
Ek6.7e-5,6.7e-05,2.4,9,60.2425,-78.7039,True,5.46969e-11,ok
Ek6.7e-5,6.7e-05,2.4,10,61.3046,-77.0828,True,2.41031e-11,ok
Ek6.7e-5,6.7e-05,2.4,11,62.7104,-74.0998,True,1.905e-13,ok
Ek6.7e-5,6.7e-05,2.4,12,64.4055,-69.7809,True,2.19622e-13,ok
Ek6.7e-5,6.7e-05,2.4,13,66.3431,-64.1667,True,2.85699e-13,ok
Ek6.7e-5,6.7e-05,2.4,14,68.4828,-57.3305,True,4.21923e-13,ok
Ek6.7e-5,6.7e-05,2.4,15,70.7905,-49.3951,True,1.10045e-13,ok
Ek6.7e-5,6.7e-05,2.6,1,82.3476,-24.6482,True,6.99158e-09,ok
Ek6.7e-5,6.7e-05,2.6,2,69.22419994912154,-40.16159997138087,True,1.60326e-08,ok
Ek6.7e-5,6.7e-05,2.6,3,62.89080109033994,-51.32270084683971,True,5.68188e-07,ok
Ek6.7e-5,6.7e-05,2.6,4,59.21319986050483,-59.49079987032843,True,1.03252e-07,ok
Ek6.7e-5,6.7e-05,2.6,5,57.04409995475236,-65.40459995370009,True,4.35596e-08,ok
Ek6.7e-5,6.7e-05,2.6,6,55.872000009878505,-69.48700001046004,True,1.17057e-08,ok
Ek6.7e-5,6.7e-05,2.6,7,55.423,-71.9911,True,9.14128e-10,ok
Ek6.7e-5,6.7e-05,2.6,8,55.5334,-73.0691,True,5.22225e-10,ok
Ek6.7e-5,6.7e-05,2.6,9,56.0957,-72.8097,True,9.0383e-11,ok
Ek6.7e-5,6.7e-05,2.6,10,57.0326,-71.2631,True,1.72929e-11,ok
Ek6.7e-5,6.7e-05,2.6,11,58.2839,-68.4598,True,3.21143e-13,ok
Ek6.7e-5,6.7e-05,2.6,12,59.7996,-64.4275,True,1.33212e-13,ok
Ek6.7e-5,6.7e-05,2.6,13,61.5368,-59.2075,True,4.74327e-13,ok
Ek6.7e-5,6.7e-05,2.6,14,63.4593,-52.8708,True,0.0,ok
Ek6.7e-5,6.7e-05,2.6,15,65.537,-45.5332,True,1.29476e-13,ok
Ek6.7e-5,6.7e-05,2.8,1,76.9061,-22.9561,True,1.06044e-09,ok
Ek6.7e-5,6.7e-05,2.8,2,64.79249990913198,-37.43609994951777,True,2.82522e-08,ok
Ek6.7e-5,6.7e-05,2.8,3,58.92940201956627,-47.8521015439102,True,1.04127e-06,ok
Ek6.7e-5,6.7e-05,2.8,4,55.5082,-55.4638,True,1.63276e-09,ok
Ek6.7e-5,6.7e-05,2.8,5,53.47649996868976,-60.96069996789373,True,2.94134e-08,ok
Ek6.7e-5,6.7e-05,2.8,6,52.364300018700014,-64.7401000198551,True,2.16977e-08,ok
Ek6.7e-5,6.7e-05,2.8,7,51.9197,-67.0415,True,1.70463e-09,ok
Ek6.7e-5,6.7e-05,2.8,8,51.9916,-68.0098,True,6.38095e-10,ok
Ek6.7e-5,6.7e-05,2.8,9,52.4806,-67.7309,True,7.48159e-11,ok
Ek6.7e-5,6.7e-05,2.8,10,53.3151,-66.2544,True,1.93654e-11,ok
Ek6.7e-5,6.7e-05,2.8,11,54.4392,-63.6117,True,7.12614e-13,ok
Ek6.7e-5,6.7e-05,2.8,12,55.8067,-59.8315,True,7.14147e-14,ok
Ek6.7e-5,6.7e-05,2.8,13,57.3783,-54.955,True,1.41452e-13,ok
Ek6.7e-5,6.7e-05,2.8,14,59.1211,-49.0509,True,1.41907e-13,ok
Ek6.7e-5,6.7e-05,2.8,15,61.0084,-42.2283,True,1.23737e-13,ok
Ek6.7e-5,6.7e-05,3.0,1,72.138,-21.4812,True,9.72663e-13,ok
Ek6.7e-5,6.7e-05,3.0,2,60.892200129107714,-35.056400071667746,True,3.95748e-08,ok
Ek6.7e-5,6.7e-05,3.0,3,55.43530195938657,-44.819901494432166,True,9.8955e-07,ok
Ek6.7e-5,6.7e-05,3.0,4,52.23749997903885,-51.94559998065125,True,1.4874e-08,ok
Ek6.7e-5,6.7e-05,3.0,5,50.3267000246284,-57.07980002504471,True,2.28421e-08,ok
Ek6.7e-5,6.7e-05,3.0,6,49.269,-60.5973,True,2.44892e-09,ok
Ek6.7e-5,6.7e-05,3.0,7,48.831,-62.7251,True,8.95964e-10,ok
Ek6.7e-5,6.7e-05,3.0,8,48.8727,-63.6018,True,6.06274e-10,ok
Ek6.7e-5,6.7e-05,3.0,9,49.3016,-63.3103,True,8.0927e-11,ok
Ek6.7e-5,6.7e-05,3.0,10,50.051,-61.8993,True,9.17969e-12,ok
Ek6.7e-5,6.7e-05,3.0,11,51.0688,-59.4007,True,7.90788e-13,ok
Ek6.7e-5,6.7e-05,3.0,12,52.3123,-55.8436,True,1.0549e-13,ok
Ek6.7e-5,6.7e-05,3.0,13,53.7452,-51.269,True,1.09434e-13,ok
Ek6.7e-5,6.7e-05,3.0,14,55.3371,-45.743,True,2.64973e-13,ok
Ek6.7e-5,6.7e-05,3.0,15,57.0644,-39.3687,True,1.12923e-13,ok
Ek6.7e-5,6.7e-05,3.2,1,67.9257,-20.1841,True,2.28674e-10,ok
Ek6.7e-5,6.7e-05,3.2,2,57.43350012573657,-32.9605000696048,True,3.7903e-08,ok
Ek6.7e-5,6.7e-05,3.2,3,52.33070006995622,-42.14810005323215,True,3.46872e-08,ok
Ek6.7e-5,6.7e-05,3.2,4,49.32920017819609,-48.84570016330635,True,1.24951e-07,ok
Ek6.7e-5,6.7e-05,3.2,5,47.52580002293633,-53.66170002331407,True,2.09005e-08,ok
Ek6.7e-5,6.7e-05,3.2,6,46.51760004249894,-56.95060004525577,True,4.76075e-08,ok
Ek6.7e-5,6.7e-05,3.2,7,46.0877,-58.9284,True,5.92932e-10,ok
Ek6.7e-5,6.7e-05,3.2,8,46.1054,-59.7276,True,4.89066e-10,ok
Ek6.7e-5,6.7e-05,3.2,9,46.4844,-59.4283,True,1.99854e-11,ok
Ek6.7e-5,6.7e-05,3.2,10,47.1622,-58.0784,True,6.00744e-12,ok
Ek6.7e-5,6.7e-05,3.2,11,48.0904,-55.7096,True,8.52692e-13,ok
Ek6.7e-5,6.7e-05,3.2,12,49.2288,-52.3513,True,1.83991e-12,ok
Ek6.7e-5,6.7e-05,3.2,13,50.5438,-48.044,True,1.28132e-13,ok
Ek6.7e-5,6.7e-05,3.2,14,52.0077,-42.8511,True,2.54826e-14,ok
Ek6.7e-5,6.7e-05,3.2,15,53.5988,-36.8704,True,2.35822e-14,ok
Ek6.7e-5,6.7e-05,3.4,1,64.1776,-19.0347,True,2.75394e-10,ok
Ek6.7e-5,6.7e-05,3.4,2,54.3453997389364,-31.100799853689637,True,7.73436e-08,ok
Ek6.7e-5,6.7e-05,3.4,3,49.55430026379973,-39.7763002002876,True,1.28686e-07,ok
Ek6.7e-5,6.7e-05,3.4,4,46.7264,-46.0939,True,2.8982e-09,ok
Ek6.7e-5,6.7e-05,3.4,5,45.01900003612597,-50.62840003669937,True,3.24042e-08,ok
Ek6.7e-5,6.7e-05,3.4,6,44.0561,-53.7162,True,2.40033e-09,ok
Ek6.7e-5,6.7e-05,3.4,7,43.6351,-55.5632,True,1.19713e-10,ok
Ek6.7e-5,6.7e-05,3.4,8,43.6336,-56.2962,True,3.69605e-10,ok
Ek6.7e-5,6.7e-05,3.4,9,43.9707,-55.9926,True,1.1087e-12,ok
Ek6.7e-5,6.7e-05,3.4,10,44.5878,-54.6994,True,8.99744e-12,ok
Ek6.7e-5,6.7e-05,3.4,11,45.4394,-52.4481,True,6.63744e-13,ok
Ek6.7e-5,6.7e-05,3.4,12,46.4878,-49.2681,True,4.08445e-13,ok
Ek6.7e-5,6.7e-05,3.4,13,47.7018,-45.1989,True,1.27582e-13,ok
Ek6.7e-5,6.7e-05,3.4,14,49.0556,-40.3016,True,1.9723e-13,ok
Ek6.7e-5,6.7e-05,3.4,15,50.5296,-34.6691,True,1.54293e-13,ok
Ek6.7e-5,6.7e-05,3.6,1,60.8209,-18.009,True,9.17289e-11,ok
Ek6.7e-5,6.7e-05,3.6,2,51.57170014337146,-29.43930007897378,True,4.20221e-08,ok
Ek6.7e-5,6.7e-05,3.6,3,47.05670097119689,-37.656600735786505,True,4.66878e-07,ok
Ek6.7e-5,6.7e-05,3.6,4,44.38349977061965,-43.634899788865816,True,1.55715e-07,ok
Ek6.7e-5,6.7e-05,3.6,5,42.76240002335657,-47.918700023708126,True,2.06551e-08,ok
Ek6.7e-5,6.7e-05,3.6,6,41.8411,-50.8283,True,7.7292e-10,ok
Ek6.7e-5,6.7e-05,3.6,7,41.4294,-52.5601,True,4.22934e-10,ok
Ek6.7e-5,6.7e-05,3.6,8,41.4125,-53.236,True,7.82931e-10,ok
Ek6.7e-5,6.7e-05,3.6,9,41.7142,-52.9308,True,9.13795e-13,ok
Ek6.7e-5,6.7e-05,3.6,10,42.2792,-51.6903,True,9.4362e-12,ok
Ek6.7e-5,6.7e-05,3.6,11,43.0647,-49.5458,True,1.51727e-13,ok
Ek6.7e-5,6.7e-05,3.6,12,44.0354,-46.5263,True,2.36575e-13,ok
Ek6.7e-5,6.7e-05,3.6,13,45.1619,-42.6706,True,1.83196e-13,ok
Ek6.7e-5,6.7e-05,3.6,14,46.4203,-38.0374,True,1.00395e-13,ok
Ek6.7e-5,6.7e-05,3.6,15,47.7926,-32.715,True,6.31254e-14,ok
Ek6.7e-5,6.7e-05,3.8,1,57.7975,-17.0881,True,3.58975e-11,ok
Ek6.7e-5,6.7e-05,3.8,2,49.06679981229332,-27.946199896761325,True,5.37086e-08,ok
Ek6.7e-5,6.7e-05,3.8,3,44.79810011583704,-35.75100008757993,True,5.49555e-08,ok
Ek6.7e-5,6.7e-05,3.8,4,42.26360011382821,-41.424300103803965,True,7.63554e-08,ok
Ek6.7e-5,6.7e-05,3.8,5,40.720500021918376,-45.48360002222661,True,1.91365e-08,ok
Ek6.7e-5,6.7e-05,3.8,6,39.8374,-48.234,True,9.24785e-09,ok
Ek6.7e-5,6.7e-05,3.8,7,39.4353,-49.8638,True,9.999e-10,ok
Ek6.7e-5,6.7e-05,3.8,8,39.406,-50.4902,True,8.31729e-10,ok
Ek6.7e-5,6.7e-05,3.8,9,39.6773,-50.1852,True,9.40271e-11,ok
Ek6.7e-5,6.7e-05,3.8,10,40.1974,-48.9937,True,6.99901e-14,ok
Ek6.7e-5,6.7e-05,3.8,11,40.9254,-46.9465,True,9.42294e-13,ok
Ek6.7e-5,6.7e-05,3.8,12,41.8283,-44.0725,True,1.78583e-13,ok
Ek6.7e-5,6.7e-05,3.8,13,42.8784,-40.4092,True,1.13305e-14,ok
Ek6.7e-5,6.7e-05,3.8,14,44.0534,-36.0133,True,4.63471e-13,ok
Ek6.7e-5,6.7e-05,3.8,15,45.3366,-30.9689,True,8.31864e-14,ok
Ek6.7e-5,6.7e-05,4.0,1,55.0602,-16.2567,True,6.56352e-09,ok
Ek6.7e-5,6.7e-05,4.0,2,46.793400161603216,-26.59700008863327,True,4.6305e-08,ok
Ek6.7e-5,6.7e-05,4.0,3,42.74580042317123,-34.02860031933348,True,1.98378e-07,ok
Ek6.7e-5,6.7e-05,4.0,4,40.33639998269391,-39.42649998409711,True,1.14252e-08,ok
Ek6.7e-5,6.7e-05,4.0,5,38.864100050550434,-43.28330005121309,True,4.36228e-08,ok
Ek6.7e-5,6.7e-05,4.0,6,38.0163,-45.891,True,1.87616e-09,ok
Ek6.7e-5,6.7e-05,4.0,7,37.6238,-47.4299,True,7.70089e-10,ok
Ek6.7e-5,6.7e-05,4.0,8,37.5843,-48.0127,True,1.61488e-09,ok
Ek6.7e-5,6.7e-05,4.0,9,37.8297,-47.7094,True,1.41166e-10,ok
Ek6.7e-5,6.7e-05,4.0,10,38.3105,-46.5635,True,1.93384e-12,ok
Ek6.7e-5,6.7e-05,4.0,11,38.9882,-44.6055,True,1.09643e-13,ok
Ek6.7e-5,6.7e-05,4.0,12,39.8315,-41.8636,True,1.79372e-13,ok
Ek6.7e-5,6.7e-05,4.0,13,40.8144,-38.3746,True,0.0,ok
Ek6.7e-5,6.7e-05,4.0,14,41.9158,-34.1931,True,8.88342e-13,ok
Ek6.7e-5,6.7e-05,4.0,15,43.1206,-29.3993,True,1.13951e-13,ok
Ek6.7e-5,6.7e-05,5.0,1,44.5158,-13.0755,True,1.31249e-12,ok
Ek6.7e-5,6.7e-05,5.0,2,37.98850016992266,-21.423800092435343,True,4.67275e-08,ok
Ek6.7e-5,6.7e-05,5.0,3,34.77499992011222,-27.42059993723103,True,3.61062e-08,ok
Ek6.7e-5,6.7e-05,5.0,4,32.842899973081025,-31.762899975234543,True,1.68385e-08,ok
Ek6.7e-5,6.7e-05,5.0,5,31.6454,-34.8489,True,7.31866e-09,ok
Ek6.7e-5,6.7e-05,5.0,6,30.9392,-36.9178,True,1.42068e-09,ok
Ek6.7e-5,6.7e-05,5.0,7,30.5923,-38.119,True,2.89765e-10,ok
Ek6.7e-5,6.7e-05,5.0,8,30.5243,-38.5473,True,2.60121e-10,ok
Ek6.7e-5,6.7e-05,5.0,9,30.6815,-38.2625,True,4.99956e-11,ok
Ek6.7e-5,6.7e-05,5.0,10,31.0248,-37.3031,True,1.10423e-12,ok
Ek6.7e-5,6.7e-05,5.0,11,31.5238,-35.6967,True,8.97203e-14,ok
Ek6.7e-5,6.7e-05,5.0,12,32.1538,-33.4688,True,2.21521e-13,ok
Ek6.7e-5,6.7e-05,5.0,13,32.8946,-30.6516,True,1.30384e-14,ok
Ek6.7e-5,6.7e-05,5.0,14,33.7305,-27.2909,True,3.5401e-13,ok
Ek6.7e-5,6.7e-05,5.0,15,34.6502,-23.4521,True,4.57967e-14,ok
Ek6.7e-5,6.7e-05,6.0,1,37.3593,-10.9352,True,3.85611e-10,ok
Ek6.7e-5,6.7e-05,6.0,2,31.9696,-17.9344,True,6.63894e-09,ok
Ek6.7e-5,6.7e-05,6.0,3,29.30639990773436,-22.95979993848957,True,3.84592e-08,ok
Ek6.7e-5,6.7e-05,6.0,4,27.694000048335315,-26.591100043452023,True,2.96344e-08,ok
Ek6.7e-5,6.7e-05,6.0,5,26.6848,-29.1622,True,3.24781e-09,ok
Ek6.7e-5,6.7e-05,6.0,6,26.0802,-30.8757,True,3.16546e-09,ok
Ek6.7e-5,6.7e-05,6.0,7,25.772,-31.8592,True,1.01829e-09,ok
Ek6.7e-5,6.7e-05,6.0,8,25.6942,-32.1943,True,1.0585e-10,ok
Ek6.7e-5,6.7e-05,6.0,9,25.8026,-31.9332,True,1.12343e-11,ok
Ek6.7e-5,6.7e-05,6.0,10,26.0649,-31.1099,True,9.13097e-13,ok
Ek6.7e-5,6.7e-05,6.0,11,26.456,-29.7491,True,7.95025e-14,ok
Ek6.7e-5,6.7e-05,6.0,12,26.9556,-27.8739,True,2.02843e-13,ok
Ek6.7e-5,6.7e-05,6.0,13,27.5473,-25.5124,True,8.76819e-15,ok
Ek6.7e-5,6.7e-05,6.0,14,28.2184,-22.7041,True,9.4786e-14,ok
Ek6.7e-5,6.7e-05,6.0,15,28.9603,-19.5038,True,2.11165e-14,ok
Ek6.7e-5,6.7e-05,7.0,1,32.1844,-9.39684,True,5.9847e-10,ok
Ek6.7e-5,6.7e-05,7.0,2,27.595800109186616,-15.422000058773092,True,2.86311e-08,ok
Ek6.7e-5,6.7e-05,7.0,3,25.3226008679078,-19.74660064264579,True,3.68323e-07,ok
Ek6.7e-5,6.7e-05,7.0,4,23.939100091981786,-22.866500082321537,True,5.51192e-08,ok
Ek6.7e-5,6.7e-05,7.0,5,23.0672,-25.0697,True,1.34542e-09,ok
Ek6.7e-5,6.7e-05,7.0,6,22.5387,-26.5315,True,1.74329e-09,ok
Ek6.7e-5,6.7e-05,7.0,7,22.2625,-27.3634,True,3.64044e-10,ok
Ek6.7e-5,6.7e-05,7.0,8,22.1825,-27.637,True,7.16602e-10,ok
Ek6.7e-5,6.7e-05,7.0,9,22.2612,-27.3985,True,1.2566e-11,ok
Ek6.7e-5,6.7e-05,7.0,10,22.4711,-26.6781,True,4.76217e-13,ok
Ek6.7e-5,6.7e-05,7.0,11,22.7909,-25.4983,True,1.4629e-13,ok
Ek6.7e-5,6.7e-05,7.0,12,23.2034,-23.8797,True,4.84712e-14,ok
Ek6.7e-5,6.7e-05,7.0,13,23.6947,-21.8475,True,7.94885e-14,ok
Ek6.7e-5,6.7e-05,7.0,14,24.2542,-19.4359,True,6.52681e-13,ok
Ek6.7e-5,6.7e-05,7.0,15,24.875,-16.6925,True,1.16007e-14,ok
Ek6.7e-5,6.7e-05,8.0,1,28.2683,-8.23788,True,4.48393e-10,ok
Ek6.7e-5,6.7e-05,8.0,2,24.274199889130948,-13.526799939525972,True,2.82752e-08,ok
Ek6.7e-5,6.7e-05,8.0,3,22.29150004243705,-17.32190003130715,True,1.77067e-08,ok
Ek6.7e-5,6.7e-05,8.0,4,21.080199941114067,-20.056599949946957,True,3.3538e-08,ok
Ek6.7e-5,6.7e-05,8.0,5,20.3125,-21.9837,True,7.51911e-09,ok
Ek6.7e-5,6.7e-05,8.0,6,19.8433,-23.2581,True,1.69772e-09,ok
Ek6.7e-5,6.7e-05,8.0,7,19.5935,-23.9786,True,1.07194e-09,ok
Ek6.7e-5,6.7e-05,8.0,8,19.5147,-24.2089,True,3.57632e-10,ok
Ek6.7e-5,6.7e-05,8.0,9,19.574,-23.9904,True,1.33895e-11,ok
Ek6.7e-5,6.7e-05,8.0,10,19.7477,-23.3505,True,2.0482e-12,ok
Ek6.7e-5,6.7e-05,8.0,11,20.0173,-22.3093,True,1.35173e-13,ok
Ek6.7e-5,6.7e-05,8.0,12,20.3677,-20.8858,True,1.48979e-14,ok
Ek6.7e-5,6.7e-05,8.0,13,20.7871,-19.1025,True,7.02638e-14,ok
Ek6.7e-5,6.7e-05,8.0,14,21.2663,-16.9897,True,3.02438e-13,ok
Ek6.7e-5,6.7e-05,8.0,15,21.7996,-14.5891,True,5.75982e-14,ok
Ek6.7e-5,6.7e-05,9.0,1,25.2016,-7.33338,True,3.63857e-10,ok
Ek6.7e-5,6.7e-05,9.0,2,21.666,-12.0463,True,9.32699e-09,ok
Ek6.7e-5,6.7e-05,9.0,3,19.90810010735568,-15.427400078964045,True,4.42046e-08,ok
Ek6.7e-5,6.7e-05,9.0,4,18.830800024468356,-17.861400021758733,True,1.42199e-08,ok
Ek6.7e-5,6.7e-05,9.0,5,18.145199984881817,-19.573899984881816,True,1.11663e-08,ok
Ek6.7e-5,6.7e-05,9.0,6,17.72329998779773,-20.703299986577505,True,1.24727e-08,ok
Ek6.7e-5,6.7e-05,9.0,7,17.4956,-21.3385,True,9.22142e-10,ok
Ek6.7e-5,6.7e-05,9.0,8,17.4193,-21.5369,True,6.26439e-11,ok
Ek6.7e-5,6.7e-05,9.0,9,17.4654,-21.3359,True,1.8082e-11,ok
Ek6.7e-5,6.7e-05,9.0,10,17.6128,-20.7604,True,2.08711e-12,ok
Ek6.7e-5,6.7e-05,9.0,11,17.8453,-19.8289,True,1.7215e-13,ok
Ek6.7e-5,6.7e-05,9.0,12,18.1495,-18.5586,True,7.44415e-14,ok
Ek6.7e-5,6.7e-05,9.0,13,18.5149,-16.9698,True,1.39876e-13,ok
Ek6.7e-5,6.7e-05,9.0,14,18.9337,-15.09,True,6.35176e-13,ok
Ek6.7e-5,6.7e-05,9.0,15,19.4009,-12.9562,True,1.51421e-14,ok
Ek6.7e-5,6.7e-05,10.0,1,22.7351,-6.60783,True,2.35416e-10,ok
Ek6.7e-5,6.7e-05,10.0,2,19.56369991545114,-10.857799957725568,True,2.10206e-08,ok
Ek6.7e-5,6.7e-05,10.0,3,17.984899818540693,-13.906299879027127,True,5.88471e-08,ok
Ek6.7e-5,6.7e-05,10.0,4,17.01490004379002,-16.099200038846714,True,2.51738e-08,ok
Ek6.7e-5,6.7e-05,10.0,5,16.3955,-17.6399,True,7.9744e-09,ok
Ek6.7e-5,6.7e-05,10.0,6,16.0124,-18.654,True,5.34949e-09,ok
Ek6.7e-5,6.7e-05,10.0,7,15.8033,-19.2218,True,9.38548e-10,ok
Ek6.7e-5,6.7e-05,10.0,8,15.73,-19.3957,True,3.30858e-11,ok
Ek6.7e-5,6.7e-05,10.0,9,15.7666,-19.2099,True,1.74336e-11,ok
Ek6.7e-5,6.7e-05,10.0,10,15.8943,-18.6871,True,6.90051e-13,ok
Ek6.7e-5,6.7e-05,10.0,11,16.0983,-17.8445,True,2.37003e-13,ok
Ek6.7e-5,6.7e-05,10.0,12,16.3668,-16.6977,True,1.85001e-14,ok
Ek6.7e-5,6.7e-05,10.0,13,16.6904,-15.2653,True,2.43177e-14,ok
Ek6.7e-5,6.7e-05,10.0,14,17.0621,-13.5722,True,9.33073e-14,ok
Ek6.7e-5,6.7e-05,10.0,15,17.4777,-11.6519,True,5.08716e-14,ok
Ek6.7e-5,6.7e-05,20.0,1,11.4892,-3.32142,True,4.82421e-12,ok
Ek6.7e-5,6.7e-05,20.0,2,9.92806,-5.46524,True,4.3834e-09,ok
Ek6.7e-5,6.7e-05,20.0,3,9.14644,-7.00161,True,7.65738e-09,ok
Ek6.7e-5,6.7e-05,20.0,4,8.660659978859092,-8.102869982030228,True,1.12213e-08,ok
Ek6.7e-5,6.7e-05,20.0,5,8.34548,-8.87189,True,1.33529e-10,ok
Ek6.7e-5,6.7e-05,20.0,6,8.14584,-9.37302,True,3.42444e-10,ok
Ek6.7e-5,6.7e-05,20.0,7,8.03169,-9.64804,True,4.63927e-10,ok
Ek6.7e-5,6.7e-05,20.0,8,7.98448,-9.72443,True,1.42416e-10,ok
Ek6.7e-5,6.7e-05,20.0,9,7.9916,-9.62036,True,9.2104e-12,ok
Ek6.7e-5,6.7e-05,20.0,10,8.0438,-9.34818,True,7.78682e-13,ok
Ek6.7e-5,6.7e-05,20.0,11,8.13386,-8.9172,True,9.30851e-14,ok
Ek6.7e-5,6.7e-05,20.0,12,8.25604,-8.33602,True,1.35424e-14,ok
Ek6.7e-5,6.7e-05,20.0,13,8.40582,-7.61451,True,3.03011e-14,ok
Ek6.7e-5,6.7e-05,20.0,14,8.57996,-6.76547,True,5.90744e-14,ok
Ek6.7e-5,6.7e-05,20.0,15,8.77659,-5.80575,True,4.67775e-15,ok
Ek6.7e-5,6.7e-05,40.0,1,5.7753,-1.66509,True,3.63123e-11,ok
Ek6.7e-5,6.7e-05,40.0,2,5.00106,-2.74167,True,4.6604e-09,ok
Ek6.7e-5,6.7e-05,40.0,3,4.612290040517603,-3.512830027011736,True,1.35057e-08,ok
Ek6.7e-5,6.7e-05,40.0,4,4.36921,-4.06458,True,1.38108e-09,ok
Ek6.7e-5,6.7e-05,40.0,5,4.21022,-4.44866,True,3.7201e-09,ok
Ek6.7e-5,6.7e-05,40.0,6,4.1083,-4.69765,True,7.2563e-10,ok
Ek6.7e-5,6.7e-05,40.0,7,4.04874,-4.83285,True,5.72905e-11,ok
Ek6.7e-5,6.7e-05,40.0,8,4.0224,-4.86834,True,5.79714e-12,ok
Ek6.7e-5,6.7e-05,40.0,9,4.02307,-4.81348,True,3.35569e-12,ok
Ek6.7e-5,6.7e-05,40.0,10,4.04618,-4.6747,True,4.32209e-13,ok
Ek6.7e-5,6.7e-05,40.0,11,4.08816,-4.45683,True,5.03124e-14,ok
Ek6.7e-5,6.7e-05,40.0,12,4.14618,-4.16435,True,8.76177e-15,ok
Ek6.7e-5,6.7e-05,40.0,13,4.21804,-3.80234,True,1.88604e-14,ok
Ek6.7e-5,6.7e-05,40.0,14,4.30216,-3.37729,True,1.48794e-14,ok
Ek6.7e-5,6.7e-05,40.0,15,4.39768,-2.89763,True,2.79652e-15,ok
Ek6.7e-5,6.7e-05,60.0,1,3.85705,-1.11103,True,3.96303e-11,ok
Ek6.7e-5,6.7e-05,60.0,2,3.34231,-1.82979,True,9.79652e-09,ok
Ek6.7e-5,6.7e-05,60.0,3,3.0835999699440064,-2.344549978195585,True,1.13088e-08,ok
Ek6.7e-5,6.7e-05,60.0,4,2.92151,-2.71262,True,3.43993e-09,ok
Ek6.7e-5,6.7e-05,60.0,5,2.81519,-2.96857,True,2.2533e-10,ok
Ek6.7e-5,6.7e-05,60.0,6,2.74678,-3.1342,True,1.74308e-10,ok
Ek6.7e-5,6.7e-05,60.0,7,2.7065,-3.22381,True,5.24532e-11,ok
Ek6.7e-5,6.7e-05,60.0,8,2.68833,-3.24687,True,9.62499e-12,ok
Ek6.7e-5,6.7e-05,60.0,9,2.68813,-3.20967,True,1.60957e-12,ok
Ek6.7e-5,6.7e-05,60.0,10,2.70286,-3.11655,True,1.85125e-13,ok
Ek6.7e-5,6.7e-05,60.0,11,2.73016,-2.97078,True,2.21729e-14,ok
Ek6.7e-5,6.7e-05,60.0,12,2.76816,-2.77538,True,6.64765e-16,ok
Ek6.7e-5,6.7e-05,60.0,13,2.81538,-2.53377,True,5.70209e-15,ok
Ek6.7e-5,6.7e-05,60.0,14,2.87081,-2.25029,True,8.99512e-15,ok
Ek6.7e-5,6.7e-05,60.0,15,2.93387,-1.93057,True,5.79307e-15,ok
Ek6.7e-5,6.7e-05,80.0,1,2.89536,-0.833637,True,9.60918e-12,ok
Ek6.7e-5,6.7e-05,80.0,2,2.50984,-1.37309,True,7.39751e-10,ok
Ek6.7e-5,6.7e-05,80.0,3,2.31598,-1.75941,True,2.8016e-09,ok
Ek6.7e-5,6.7e-05,80.0,4,2.1944,-2.03556,True,3.01583e-09,ok
Ek6.7e-5,6.7e-05,80.0,5,2.11455,-2.22747,True,2.24697e-09,ok
Ek6.7e-5,6.7e-05,80.0,6,2.06306,-2.35156,True,8.1195e-11,ok
Ek6.7e-5,6.7e-05,80.0,7,2.03264,-2.41857,True,4.85074e-11,ok
Ek6.7e-5,6.7e-05,80.0,8,2.01877,-2.43563,True,2.82709e-11,ok
Ek6.7e-5,6.7e-05,80.0,9,2.01838,-2.4075,True,4.99469e-12,ok
Ek6.7e-5,6.7e-05,80.0,10,2.02917,-2.33743,True,5.42508e-14,ok
Ek6.7e-5,6.7e-05,80.0,11,2.04939,-2.22791,True,3.01257e-14,ok
Ek6.7e-5,6.7e-05,80.0,12,2.07763,-2.08121,True,3.07316e-15,ok
Ek6.7e-5,6.7e-05,80.0,13,2.1128,-1.8999,True,1.14213e-14,ok
Ek6.7e-5,6.7e-05,80.0,14,2.15412,-1.68725,True,1.42227e-15,ok
Ek6.7e-5,6.7e-05,80.0,15,2.20118,-1.44748,True,3.95443e-15,ok
Ek6.7e-5,6.7e-05,100.0,1,2.31753,-0.667084,True,1.97739e-11,ok
Ek6.7e-5,6.7e-05,100.0,2,2.00937,-1.09884,True,3.86284e-10,ok
Ek6.7e-5,6.7e-05,100.0,3,1.8543650550425883,-1.40801,True,1.38172e-08,ok
Ek6.7e-5,6.7e-05,100.0,4,1.75709,-1.62896,True,1.51908e-09,ok
Ek6.7e-5,6.7e-05,100.0,5,1.69315,-1.78248,True,1.09253e-09,ok
Ek6.7e-5,6.7e-05,100.0,6,1.65187,-1.88168,True,1.4897e-10,ok
Ek6.7e-5,6.7e-05,100.0,7,1.62744,-1.9352,True,4.30059e-11,ok
Ek6.7e-5,6.7e-05,100.0,8,1.61623,-1.94874,True,1.10953e-12,ok
Ek6.7e-5,6.7e-05,100.0,9,1.6158,-1.92612,True,1.82843e-13,ok
Ek6.7e-5,6.7e-05,100.0,10,1.62431,-1.86996,True,2.87641e-14,ok
Ek6.7e-5,6.7e-05,100.0,11,1.64037,-1.78224,True,1.18267e-14,ok
Ek6.7e-5,6.7e-05,100.0,12,1.66283,-1.66481,True,1.25563e-15,ok
Ek6.7e-5,6.7e-05,100.0,13,1.69084,-1.51971,True,8.07688e-15,ok
Ek6.7e-5,6.7e-05,100.0,14,1.72378,-1.34957,True,3.63978e-15,ok
Ek6.7e-5,6.7e-05,100.0,15,1.76132,-1.15777,True,0.0,ok
Ek9.2e-5,9.2e-05,0.01,1,2083.2919073908206,-756.3983395559814,True,0.028829,ok
Ek9.2e-5,9.2e-05,0.01,2,1832.7299489900768,-1008.3200049434456,True,8.65616e-06,ok
Ek9.2e-5,9.2e-05,0.01,3,2051.359955247335,-1084.0400046968143,True,8.18119e-06,ok
Ek9.2e-5,9.2e-05,0.01,4,2428.05,0.0,True,0.0,ok
Ek9.2e-5,9.2e-05,0.01,5,2893.6300069602744,-1047.73999931528,True,1.2292e-06,ok
Ek9.2e-5,9.2e-05,0.01,6,3420.139591254872,-995.4220383198558,True,6.93637e-05,ok
Ek9.2e-5,9.2e-05,0.01,7,3998.610509668399,-937.6759585894426,True,8.04305e-05,ok
Ek9.2e-5,9.2e-05,0.01,8,4634.699912403148,-879.7680060353315,True,1.27108e-05,ok
Ek9.2e-5,9.2e-05,0.01,9,5343.959997989843,-823.3010001224953,True,2.62184e-07,ok
Ek9.2e-5,9.2e-05,0.01,10,6146.18,-767.777,True,7.88669e-09,ok
Ek9.2e-5,9.2e-05,0.01,11,7062.320133345122,-711.7099927148031,True,1.35479e-05,ok
Ek9.2e-5,9.2e-05,0.01,12,8113.969810647582,-653.1250101928633,True,1.7199e-05,ok
Ek9.2e-5,9.2e-05,0.01,13,9324.40001772346,-589.5779989962733,True,1.41305e-06,ok
Ek9.2e-5,9.2e-05,0.01,14,10720.999999783944,-517.8070000194451,True,2.08829e-08,ok
Ek9.2e-5,9.2e-05,0.01,15,12142.695266569785,1557.8703681556833,True,0.000389191,ok
Ek9.2e-5,9.2e-05,0.03,1,1249.43,-575.996,True,7.7412e-09,ok
Ek9.2e-5,9.2e-05,0.03,2,1037.039991501082,-787.474002691324,True,3.54329e-06,ok
Ek9.2e-5,9.2e-05,0.03,3,1014.0601242561996,-871.1239566509158,True,5.71122e-05,ok
Ek9.2e-5,9.2e-05,0.03,4,1066.620323162495,-893.8048909715234,True,0.000157447,ok
Ek9.2e-5,9.2e-05,0.03,5,1163.2900249671654,-885.3619923224092,True,1.2207e-05,ok
Ek9.2e-5,9.2e-05,0.03,6,1292.1499851176536,-861.2240039230959,True,7.01381e-06,ok
Ek9.2e-5,9.2e-05,0.03,7,1450.2499987667477,-829.0910002741509,True,5.3936e-07,ok
Ek9.2e-5,9.2e-05,0.03,8,1638.8600009057138,-792.3989998266844,True,3.56817e-07,ok
Ek9.2e-5,9.2e-05,0.03,9,1861.1499998968768,-752.3990000177112,True,3.6451e-08,ok
Ek9.2e-5,9.2e-05,0.03,10,2121.2708746828043,-709.2048576652528,True,0.000274105,ok
Ek9.2e-5,9.2e-05,0.03,11,2424.150048159835,-662.2329923510849,True,1.33636e-05,ok
Ek9.2e-5,9.2e-05,0.03,12,2775.4899817759124,-610.3240028574994,True,4.54918e-06,ok
Ek9.2e-5,9.2e-05,0.03,13,3182.0099940915416,-551.6670009551024,True,1.31765e-06,ok
Ek9.2e-5,9.2e-05,0.03,14,3651.989999822749,-483.4490000303341,True,3.53072e-08,ok
Ek9.2e-5,9.2e-05,0.03,15,4196.92,-400.878,True,1.9814e-10,ok
Ek9.2e-5,9.2e-05,0.05,1,1086.9900125880436,-441.3169987411957,True,8.70731e-06,ok
Ek9.2e-5,9.2e-05,0.05,2,899.742,-581.27,True,4.12883e-09,ok
Ek9.2e-5,9.2e-05,0.05,3,825.0960000369009,-655.9479999947284,True,4.26048e-08,ok
Ek9.2e-5,9.2e-05,0.05,4,802.5699996632435,-708.2040000863477,True,3.56073e-07,ok
Ek9.2e-5,9.2e-05,0.05,5,818.3389996639216,-736.3900001069679,True,3.04751e-07,ok
Ek9.2e-5,9.2e-05,0.05,6,865.7740001722997,-743.8989999481008,True,1.32582e-07,ok
Ek9.2e-5,9.2e-05,0.05,7,940.8380003356792,-736.2469999042987,True,2.26512e-07,ok
Ek9.2e-5,9.2e-05,0.05,8,1041.480000026538,-717.7519999926417,True,1.63292e-08,ok
Ek9.2e-5,9.2e-05,0.05,9,1167.3201054145302,-691.134972670307,True,5.64935e-05,ok
Ek9.2e-5,9.2e-05,0.05,10,1319.2801185924748,-657.7979701774806,True,5.64337e-05,ok
Ek9.2e-5,9.2e-05,0.05,11,1499.2900202352598,-618.1259949007144,True,8.66508e-06,ok
Ek9.2e-5,9.2e-05,0.05,12,1710.0400020193135,-571.6549994877838,True,7.67213e-07,ok
Ek9.2e-5,9.2e-05,0.05,13,1955.039999560548,-517.0630001144631,True,1.52178e-07,ok
Ek9.2e-5,9.2e-05,0.05,14,2238.73,-451.89,True,4.44046e-09,ok
Ek9.2e-5,9.2e-05,0.05,15,2567.28,-371.636,True,4.3725e-11,ok
Ek9.2e-5,9.2e-05,0.07,1,935.1330008355494,-348.09400016710987,True,3.81706e-07,ok
Ek9.2e-5,9.2e-05,0.07,2,698.8110467303472,-440.612011546166,True,2.17243e-05,ok
Ek9.2e-5,9.2e-05,0.07,3,628.499025388921,-518.1530054153551,True,1.61968e-05,ok
Ek9.2e-5,9.2e-05,0.07,4,620.858000836608,-581.515,True,6.72553e-07,ok
Ek9.2e-5,9.2e-05,0.07,5,636.074,-627.464,True,4.96816e-09,ok
Ek9.2e-5,9.2e-05,0.07,6,667.285,-653.547,True,3.3714e-10,ok
Ek9.2e-5,9.2e-05,0.07,7,716.0191190221789,-661.6809671838851,True,0.000100774,ok
Ek9.2e-5,9.2e-05,0.07,8,783.3769327044679,-655.6660168238831,True,4.74239e-05,ok
Ek9.2e-5,9.2e-05,0.07,9,869.8997404713621,-638.6890819547433,True,0.000176759,ok
Ek9.2e-5,9.2e-05,0.07,10,976.3269162912984,-612.7530268693004,True,5.14059e-05,ok
Ek9.2e-5,9.2e-05,0.07,11,1103.8599973943335,-578.7610008513295,True,1.4455e-06,ok
Ek9.2e-5,9.2e-05,0.07,12,1254.2100001465335,-536.6569999504818,True,7.26791e-08,ok
Ek9.2e-5,9.2e-05,0.07,13,1429.5999996872486,-485.43800010986666,True,1.42448e-07,ok
Ek9.2e-5,9.2e-05,0.07,14,1632.86,-422.9,True,9.70293e-10,ok
Ek9.2e-5,9.2e-05,0.07,15,1867.8,-344.825,True,3.62513e-11,ok
Ek9.2e-5,9.2e-05,0.1,1,747.549999929727,-270.943,True,1.44875e-08,ok
Ek9.2e-5,9.2e-05,0.1,2,529.8249992147855,-363.5359999476524,True,3.55614e-07,ok
Ek9.2e-5,9.2e-05,0.1,3,472.8000030497912,-436.00900026542377,True,1.98095e-06,ok
Ek9.2e-5,9.2e-05,0.1,4,465.4409939405706,-491.12299971145575,True,4.85558e-06,ok
Ek9.2e-5,9.2e-05,0.1,5,479.3880163747533,-533.0539994032209,True,1.50625e-05,ok
Ek9.2e-5,9.2e-05,0.1,6,504.8830121005908,-562.5299983632051,True,1.20101e-05,ok
Ek9.2e-5,9.2e-05,0.1,7,540.1248863788459,-578.7650259469681,True,0.000114276,ok
Ek9.2e-5,9.2e-05,0.1,8,586.5200095666786,-582.0349968536257,True,8.85168e-06,ok
Ek9.2e-5,9.2e-05,0.1,9,645.7230044197997,-573.6949984400707,True,3.73526e-06,ok
Ek9.2e-5,9.2e-05,0.1,10,719.016000015166,-555.1529999938753,True,1.18092e-08,ok
Ek9.2e-5,9.2e-05,0.1,11,807.5339997842037,-527.2650000918273,True,1.5443e-07,ok
Ek9.2e-5,9.2e-05,0.1,12,912.4940001250492,-490.1239999437789,True,8.13509e-08,ok
Ek9.2e-5,9.2e-05,0.1,13,1035.299999956046,-442.9410000207848,True,2.64016e-08,ok
Ek9.2e-5,9.2e-05,0.1,14,1177.58,-383.775,True,1.01368e-10,ok
Ek9.2e-5,9.2e-05,0.1,15,1341.27,-308.83,True,3.06084e-12,ok
Ek9.2e-5,9.2e-05,0.2,1,491.515,-175.181,True,2.45172e-09,ok
Ek9.2e-5,9.2e-05,0.2,2,352.615,-253.415,True,9.70585e-09,ok
Ek9.2e-5,9.2e-05,0.2,3,309.0869998525725,-310.2319999904964,True,1.2958e-07,ok
Ek9.2e-5,9.2e-05,0.2,4,295.53299981284096,-352.49600000144125,True,1.92771e-07,ok
Ek9.2e-5,9.2e-05,0.2,5,296.99299992392656,-384.3370000061484,True,8.56759e-08,ok
Ek9.2e-5,9.2e-05,0.2,6,307.8519999799436,-407.7750000032802,True,2.42184e-08,ok
Ek9.2e-5,9.2e-05,0.2,7,325.54100027539897,-423.4439999281568,True,3.42748e-07,ok
Ek9.2e-5,9.2e-05,0.2,8,349.12999979367504,-431.13100007432905,True,2.62105e-07,ok
Ek9.2e-5,9.2e-05,0.2,9,378.73,-430.353,True,5.11935e-09,ok
Ek9.2e-5,9.2e-05,0.2,10,414.9689999632593,-420.717000020064,True,4.41347e-08,ok
Ek9.2e-5,9.2e-05,0.2,11,458.588,-401.911,True,6.0706e-09,ok
Ek9.2e-5,9.2e-05,0.2,12,510.248,-373.496,True,7.17064e-09,ok
Ek9.2e-5,9.2e-05,0.2,13,570.439,-334.662,True,2.00941e-10,ok
Ek9.2e-5,9.2e-05,0.2,14,639.356,-284.002,True,4.37242e-12,ok
Ek9.2e-5,9.2e-05,0.2,15,716.551,-219.334,True,8.76255e-13,ok
Ek9.2e-5,9.2e-05,0.3,1,388.199,-133.391,True,1.68241e-10,ok
Ek9.2e-5,9.2e-05,0.3,2,285.15699996988474,-198.468,True,1.27019e-08,ok
Ek9.2e-5,9.2e-05,0.3,3,249.525,-245.261,True,2.25801e-09,ok
Ek9.2e-5,9.2e-05,0.3,4,236.00199998092344,-280.12599999822805,True,2.28155e-08,ok
Ek9.2e-5,9.2e-05,0.3,5,233.87099994322247,-306.34,True,2.15232e-08,ok
Ek9.2e-5,9.2e-05,0.3,6,239.085,-325.49,True,9.20937e-09,ok
Ek9.2e-5,9.2e-05,0.3,7,249.74,-338.21,True,8.25605e-09,ok
Ek9.2e-5,9.2e-05,0.3,8,264.924,-344.495,True,3.37641e-09,ok
Ek9.2e-5,9.2e-05,0.3,9,284.357,-343.956,True,2.11693e-09,ok
Ek9.2e-5,9.2e-05,0.3,10,308.154,-336.049,True,8.08751e-10,ok
Ek9.2e-5,9.2e-05,0.3,11,336.604,-320.192,True,3.8682e-11,ok
Ek9.2e-5,9.2e-05,0.3,12,369.976,-295.762,True,1.61609e-11,ok
Ek9.2e-5,9.2e-05,0.3,13,408.352,-262.036,True,1.25066e-12,ok
Ek9.2e-5,9.2e-05,0.3,14,451.435,-218.176,True,9.90894e-13,ok
Ek9.2e-5,9.2e-05,0.3,15,498.222,-163.488,True,5.79577e-13,ok
Ek9.2e-5,9.2e-05,0.4,1,325.007,-108.1,True,2.17852e-10,ok
Ek9.2e-5,9.2e-05,0.4,2,243.70500001898216,-163.62200000599438,True,1.24474e-08,ok
Ek9.2e-5,9.2e-05,0.4,3,213.886,-203.41,True,8.22674e-09,ok
Ek9.2e-5,9.2e-05,0.4,4,201.549,-233.012,True,1.11406e-09,ok
Ek9.2e-5,9.2e-05,0.4,5,198.35699992264935,-255.151,True,3.16715e-08,ok
Ek9.2e-5,9.2e-05,0.4,6,201.108,-271.125,True,3.05089e-09,ok
Ek9.2e-5,9.2e-05,0.4,7,208.28,-281.472,True,1.18352e-09,ok
Ek9.2e-5,9.2e-05,0.4,8,219.095,-286.236,True,5.64406e-10,ok
Ek9.2e-5,9.2e-05,0.4,9,233.205,-285.127,True,2.74089e-10,ok
Ek9.2e-5,9.2e-05,0.4,10,250.534,-277.673,True,3.64138e-11,ok
Ek9.2e-5,9.2e-05,0.4,11,271.141,-263.332,True,3.87942e-12,ok
Ek9.2e-5,9.2e-05,0.4,12,295.069,-241.555,True,5.06094e-14,ok
Ek9.2e-5,9.2e-05,0.4,13,322.199,-211.836,True,3.89225e-13,ok
Ek9.2e-5,9.2e-05,0.4,14,352.087,-173.845,True,1.31068e-13,ok
Ek9.2e-5,9.2e-05,0.4,15,383.769,-127.8,True,4.53324e-13,ok
Ek9.2e-5,9.2e-05,0.5,1,280.489,-90.9058,True,2.17985e-10,ok
Ek9.2e-5,9.2e-05,0.5,2,213.94,-139.243,True,1.22911e-09,ok
Ek9.2e-5,9.2e-05,0.5,3,188.5410000154125,-173.82100000672122,True,1.54995e-08,ok
Ek9.2e-5,9.2e-05,0.5,4,177.48499998497363,-199.45899999427004,True,1.94462e-08,ok
Ek9.2e-5,9.2e-05,0.5,5,174.021,-218.492,True,1.24309e-09,ok
Ek9.2e-5,9.2e-05,0.5,6,175.507,-232.031,True,9.39037e-09,ok
Ek9.2e-5,9.2e-05,0.5,7,180.673,-240.542,True,8.58793e-10,ok
Ek9.2e-5,9.2e-05,0.5,8,188.846,-244.084,True,9.7278e-11,ok
Ek9.2e-5,9.2e-05,0.5,9,199.676,-242.443,True,2.59499e-11,ok
Ek9.2e-5,9.2e-05,0.5,10,213.012,-235.237,True,8.03944e-12,ok
Ek9.2e-5,9.2e-05,0.5,11,228.801,-222.026,True,7.2687e-13,ok
Ek9.2e-5,9.2e-05,0.5,12,246.971,-202.394,True,3.19772e-13,ok
Ek9.2e-5,9.2e-05,0.5,13,267.324,-176.052,True,8.87148e-13,ok
Ek9.2e-5,9.2e-05,0.5,14,289.418,-143.009,True,7.09553e-13,ok
Ek9.2e-5,9.2e-05,0.5,15,312.477,-103.915,True,4.49567e-13,ok
Ek9.2e-5,9.2e-05,0.6,1,246.945,-78.4161,True,1.10793e-10,ok
Ek9.2e-5,9.2e-05,0.6,2,191.003,-121.164,True,2.17475e-09,ok
Ek9.2e-5,9.2e-05,0.6,3,169.028,-151.703,True,1.10173e-09,ok
Ek9.2e-5,9.2e-05,0.6,4,159.124,-174.253,True,6.71854e-09,ok
Ek9.2e-5,9.2e-05,0.6,5,155.67,-190.86,True,9.64126e-11,ok
Ek9.2e-5,9.2e-05,0.6,6,156.43,-202.501,True,3.21324e-09,ok
Ek9.2e-5,9.2e-05,0.6,7,160.316,-209.595,True,3.77792e-11,ok
Ek9.2e-5,9.2e-05,0.6,8,166.736,-212.211,True,1.80654e-11,ok
Ek9.2e-5,9.2e-05,0.6,9,175.357,-210.191,True,7.37666e-12,ok
Ek9.2e-5,9.2e-05,0.6,10,185.999,-203.238,True,2.41831e-12,ok
Ek9.2e-5,9.2e-05,0.6,11,198.552,-191.01,True,6.96205e-13,ok
Ek9.2e-5,9.2e-05,0.6,12,212.896,-173.219,True,2.34225e-13,ok
Ek9.2e-5,9.2e-05,0.6,13,228.812,-149.736,True,4.08385e-13,ok
Ek9.2e-5,9.2e-05,0.6,14,245.912,-120.77,True,3.54225e-13,ok
Ek9.2e-5,9.2e-05,0.6,15,263.604,-87.1325,True,1.05361e-13,ok
Ek9.2e-5,9.2e-05,0.7,1,220.624,-68.9264,True,5.04397e-12,ok
Ek9.2e-5,9.2e-05,0.7,2,172.61,-107.207,True,3.37107e-09,ok
Ek9.2e-5,9.2e-05,0.7,3,153.336,-134.525,True,3.5308e-09,ok
Ek9.2e-5,9.2e-05,0.7,4,144.418,-154.61,True,5.73945e-09,ok
Ek9.2e-5,9.2e-05,0.7,5,141.079,-169.284,True,1.74129e-09,ok
Ek9.2e-5,9.2e-05,0.7,6,141.39,-179.425,True,2.16937e-10,ok
Ek9.2e-5,9.2e-05,0.7,7,144.402,-185.417,True,1.71588e-10,ok
Ek9.2e-5,9.2e-05,0.7,8,149.587,-187.341,True,5.19788e-11,ok
Ek9.2e-5,9.2e-05,0.7,9,156.634,-185.081,True,4.33789e-12,ok
Ek9.2e-5,9.2e-05,0.7,10,165.354,-178.41,True,9.66289e-14,ok
Ek9.2e-5,9.2e-05,0.7,11,175.613,-167.071,True,4.35789e-13,ok
Ek9.2e-5,9.2e-05,0.7,12,187.273,-150.874,True,2.56668e-13,ok
Ek9.2e-5,9.2e-05,0.7,13,200.122,-129.803,True,1.31526e-13,ok
Ek9.2e-5,9.2e-05,0.7,14,213.834,-104.173,True,2.25903e-13,ok
Ek9.2e-5,9.2e-05,0.7,15,227.962,-74.8223,True,3.78753e-13,ok
Ek9.2e-5,9.2e-05,0.8,1,199.377,-61.4723,True,1.08563e-10,ok
Ek9.2e-5,9.2e-05,0.8,2,157.472,-96.1068,True,1.32587e-10,ok
Ek9.2e-5,9.2e-05,0.8,3,140.362,-120.796,True,1.76204e-09,ok
Ek9.2e-5,9.2e-05,0.8,4,132.2799999773781,-138.87399998504767,True,2.66303e-08,ok
Ek9.2e-5,9.2e-05,0.8,5,129.092,-151.983,True,1.93818e-09,ok
Ek9.2e-5,9.2e-05,0.8,6,129.111,-160.921,True,4.52282e-10,ok
Ek9.2e-5,9.2e-05,0.8,7,131.496,-166.048,True,1.11037e-10,ok
Ek9.2e-5,9.2e-05,0.8,8,135.774,-167.454,True,1.15162e-11,ok
Ek9.2e-5,9.2e-05,0.8,9,141.654,-165.058,True,2.0913e-12,ok
Ek9.2e-5,9.2e-05,0.8,10,148.95,-158.686,True,4.14986e-13,ok
Ek9.2e-5,9.2e-05,0.8,11,157.519,-148.152,True,1.90376e-14,ok
Ek9.2e-5,9.2e-05,0.8,12,167.221,-133.336,True,6.16818e-14,ok
Ek9.2e-5,9.2e-05,0.8,13,177.861,-114.299,True,6.79891e-13,ok
Ek9.2e-5,9.2e-05,0.8,14,189.17,-91.4043,True,3.04357e-13,ok
Ek9.2e-5,9.2e-05,0.8,15,200.808,-65.4614,True,2.60177e-13,ok
Ek9.2e-5,9.2e-05,1.0,1,167.149,-50.5187,True,8.54252e-11,ok
Ek9.2e-5,9.2e-05,1.0,2,133.95799995782136,-79.57049997763254,True,2.02096e-08,ok
Ek9.2e-5,9.2e-05,1.0,3,120.068,-100.24,True,2.9742e-09,ok
Ek9.2e-5,9.2e-05,1.0,4,113.297,-115.262,True,3.44599e-10,ok
Ek9.2e-5,9.2e-05,1.0,5,110.422,-126.008,True,2.84998e-11,ok
Ek9.2e-5,9.2e-05,1.0,6,110.107,-133.164,True,6.84851e-10,ok
Ek9.2e-5,9.2e-05,1.0,7,111.673,-137.05,True,1.92483e-10,ok
Ek9.2e-5,9.2e-05,1.0,8,114.728,-137.769,True,3.18717e-11,ok
Ek9.2e-5,9.2e-05,1.0,9,119.022,-135.29,True,9.16029e-12,ok
Ek9.2e-5,9.2e-05,1.0,10,124.383,-129.519,True,2.44441e-12,ok
Ek9.2e-5,9.2e-05,1.0,11,130.674,-120.358,True,7.53873e-14,ok
Ek9.2e-5,9.2e-05,1.0,12,137.765,-107.784,True,6.0459e-14,ok
Ek9.2e-5,9.2e-05,1.0,13,145.503,-91.9321,True,4.2517e-13,ok
Ek9.2e-5,9.2e-05,1.0,14,153.702,-73.1832,True,1.02199e-12,ok
Ek9.2e-5,9.2e-05,1.0,15,162.157,-52.243,True,2.08324e-13,ok
Ek9.2e-5,9.2e-05,1.2,1,143.855,-42.8629,True,5.84258e-11,ok
Ek9.2e-5,9.2e-05,1.2,2,116.518,-67.853,True,2.815e-09,ok
Ek9.2e-5,9.2e-05,1.2,3,104.881,-85.6014,True,4.82137e-09,ok
Ek9.2e-5,9.2e-05,1.2,4,99.0745,-98.4195,True,9.49798e-09,ok
Ek9.2e-5,9.2e-05,1.2,5,96.4814,-107.486,True,3.19688e-09,ok
Ek9.2e-5,9.2e-05,1.2,6,96.0031,-113.403,True,4.0928e-10,ok
Ek9.2e-5,9.2e-05,1.2,7,97.0747,-116.465,True,4.23451e-11,ok
Ek9.2e-5,9.2e-05,1.2,8,99.3641,-116.78,True,1.48569e-11,ok
Ek9.2e-5,9.2e-05,1.2,9,102.655,-114.352,True,1.87141e-12,ok
Ek9.2e-5,9.2e-05,1.2,10,106.792,-109.13,True,1.34287e-13,ok
Ek9.2e-5,9.2e-05,1.2,11,111.655,-101.074,True,3.01269e-13,ok
Ek9.2e-5,9.2e-05,1.2,12,117.129,-90.2084,True,1.83513e-13,ok
Ek9.2e-5,9.2e-05,1.2,13,123.094,-76.6946,True,5.10188e-14,ok
Ek9.2e-5,9.2e-05,1.2,14,129.418,-60.8921,True,1.64661e-12,ok
Ek9.2e-5,9.2e-05,1.2,15,135.971,-43.4019,True,1.17639e-13,ok
Ek9.2e-5,9.2e-05,1.4,1,126.235,-37.2141,True,3.39827e-11,ok
Ek9.2e-5,9.2e-05,1.4,2,103.067,-59.1237,True,6.13537e-09,ok
Ek9.2e-5,9.2e-05,1.4,3,93.0795,-74.6598,True,2.48928e-09,ok
Ek9.2e-5,9.2e-05,1.4,4,88.0058,-85.8209,True,8.91795e-09,ok
Ek9.2e-5,9.2e-05,1.4,5,85.6528,-93.6413,True,1.78247e-09,ok
Ek9.2e-5,9.2e-05,1.4,6,85.0935,-98.6604,True,2.7422e-10,ok
Ek9.2e-5,9.2e-05,1.4,7,85.8465,-101.149,True,1.82621e-10,ok
Ek9.2e-5,9.2e-05,1.4,8,87.6251,-101.22,True,1.2221e-11,ok
Ek9.2e-5,9.2e-05,1.4,9,90.2397,-98.8945,True,4.16511e-12,ok
Ek9.2e-5,9.2e-05,1.4,10,93.5536,-94.1541,True,1.38405e-13,ok
Ek9.2e-5,9.2e-05,1.4,11,97.4582,-86.9891,True,1.96903e-13,ok
Ek9.2e-5,9.2e-05,1.4,12,101.857,-77.4509,True,8.32479e-14,ok
Ek9.2e-5,9.2e-05,1.4,13,106.653,-65.7053,True,2.39652e-13,ok
Ek9.2e-5,9.2e-05,1.4,14,111.749,-52.081,True,1.12928e-13,ok
Ek9.2e-5,9.2e-05,1.4,15,117.059,-37.093,True,3.05509e-13,ok
Ek9.2e-5,9.2e-05,1.6,1,112.447,-32.8764,True,2.90258e-10,ok
Ek9.2e-5,9.2e-05,1.6,2,92.3804,-52.3733,True,2.73196e-09,ok
Ek9.2e-5,9.2e-05,1.6,3,83.6468,-66.179,True,8.49521e-09,ok
Ek9.2e-5,9.2e-05,1.6,4,79.1454,-76.0531,True,5.0223e-09,ok
Ek9.2e-5,9.2e-05,1.6,5,76.9956,-82.9173,True,2.06597e-10,ok
Ek9.2e-5,9.2e-05,1.6,6,76.3986,-87.2605,True,2.57361e-10,ok
Ek9.2e-5,9.2e-05,1.6,7,76.9362,-89.3347,True,1.3061e-10,ok
Ek9.2e-5,9.2e-05,1.6,8,78.3574,-89.2531,True,7.79352e-12,ok
Ek9.2e-5,9.2e-05,1.6,9,80.4945,-87.0492,True,3.13507e-12,ok
Ek9.2e-5,9.2e-05,1.6,10,83.2256,-82.7231,True,3.38321e-13,ok
Ek9.2e-5,9.2e-05,1.6,11,86.4546,-76.2852,True,1.00951e-13,ok
Ek9.2e-5,9.2e-05,1.6,12,90.098,-67.7996,True,3.74785e-13,ok
Ek9.2e-5,9.2e-05,1.6,13,94.0772,-57.4289,True,7.43763e-14,ok
Ek9.2e-5,9.2e-05,1.6,14,98.3182,-45.471,True,4.80623e-13,ok
Ek9.2e-5,9.2e-05,1.6,15,102.761,-32.3726,True,5.81747e-14,ok
Ek9.2e-5,9.2e-05,1.8,1,101.365,-29.4419,True,2.7855e-10,ok
Ek9.2e-5,9.2e-05,1.8,2,83.6891,-46.9996,True,3.30987e-10,ok
Ek9.2e-5,9.2e-05,1.8,3,75.9371,-59.4169,True,3.92023e-09,ok
Ek9.2e-5,9.2e-05,1.8,4,71.8938,-68.2645,True,1.47199e-09,ok
Ek9.2e-5,9.2e-05,1.8,5,69.9168,-74.3743,True,1.36762e-09,ok
Ek9.2e-5,9.2e-05,1.8,6,69.3059,-78.1936,True,1.04026e-10,ok
Ek9.2e-5,9.2e-05,1.8,7,69.6927,-79.9582,True,5.77303e-12,ok
Ek9.2e-5,9.2e-05,1.8,8,70.8543,-79.7795,True,8.18725e-12,ok
Ek9.2e-5,9.2e-05,1.8,9,72.641,-77.6989,True,2.25164e-13,ok
Ek9.2e-5,9.2e-05,1.8,10,74.9436,-73.7287,True,3.86623e-13,ok
Ek9.2e-5,9.2e-05,1.8,11,77.6762,-67.8914,True,7.99577e-15,ok
Ek9.2e-5,9.2e-05,1.8,12,80.7663,-60.2573,True,6.29868e-14,ok
Ek9.2e-5,9.2e-05,1.8,13,84.1486,-50.982,True,7.21413e-14,ok
Ek9.2e-5,9.2e-05,1.8,14,87.7651,-40.3359,True,1.00476e-12,ok
Ek9.2e-5,9.2e-05,1.8,15,91.5737,-28.7112,True,1.71598e-14,ok
Ek9.2e-5,9.2e-05,2.0,1,92.2653,-26.6555,True,3.38861e-11,ok
Ek9.2e-5,9.2e-05,2.0,2,76.4841,-42.6219,True,4.65917e-09,ok
Ek9.2e-5,9.2e-05,2.0,3,69.5198,-53.9014,True,9.69295e-09,ok
Ek9.2e-5,9.2e-05,2.0,4,65.851,-61.9125,True,5.48368e-09,ok
Ek9.2e-5,9.2e-05,2.0,5,64.022,-67.4131,True,6.20155e-09,ok
Ek9.2e-5,9.2e-05,2.0,6,63.411,-70.8161,True,8.10638e-11,ok
Ek9.2e-5,9.2e-05,2.0,7,63.689,-72.3426,True,1.07437e-10,ok
Ek9.2e-5,9.2e-05,2.0,8,64.6563,-72.1017,True,7.31301e-12,ok
Ek9.2e-5,9.2e-05,2.0,9,66.1779,-70.1393,True,8.74068e-13,ok
Ek9.2e-5,9.2e-05,2.0,10,68.1551,-66.4758,True,5.36606e-14,ok
Ek9.2e-5,9.2e-05,2.0,11,70.5109,-61.1411,True,8.43023e-14,ok
Ek9.2e-5,9.2e-05,2.0,12,73.1816,-54.2078,True,2.03899e-14,ok
Ek9.2e-5,9.2e-05,2.0,13,76.1118,-45.8237,True,1.74845e-13,ok
Ek9.2e-5,9.2e-05,2.0,14,79.2553,-36.235,True,6.10411e-13,ok
Ek9.2e-5,9.2e-05,2.0,15,82.5815,-25.79,True,5.53828e-14,ok
Ek9.2e-5,9.2e-05,2.2,1,84.6611,-24.35,True,1.4743e-11,ok
Ek9.2e-5,9.2e-05,2.2,2,70.4156,-38.9875,True,5.40046e-09,ok
Ek9.2e-5,9.2e-05,2.2,3,64.0966,-49.3183,True,4.48536e-09,ok
Ek9.2e-5,9.2e-05,2.2,4,60.7393,-56.6351,True,1.35027e-09,ok
Ek9.2e-5,9.2e-05,2.2,5,59.0383,-61.6344,True,4.66919e-10,ok
Ek9.2e-5,9.2e-05,2.2,6,58.435,-64.6995,True,3.29299e-10,ok
Ek9.2e-5,9.2e-05,2.2,7,58.6327,-66.0387,True,6.02412e-11,ok
Ek9.2e-5,9.2e-05,2.2,8,59.4508,-65.7579,True,7.57576e-12,ok
Ek9.2e-5,9.2e-05,2.2,9,60.7666,-63.9058,True,2.45495e-12,ok
Ek9.2e-5,9.2e-05,2.2,10,62.4903,-60.508,True,1.27024e-14,ok
Ek9.2e-5,9.2e-05,2.2,11,64.5523,-55.599,True,1.17974e-13,ok
Ek9.2e-5,9.2e-05,2.2,12,66.896,-49.2518,True,1.2624e-13,ok
Ek9.2e-5,9.2e-05,2.2,13,69.4738,-41.6057,True,1.14109e-13,ok
Ek9.2e-5,9.2e-05,2.2,14,72.2481,-32.8863,True,9.04289e-13,ok
Ek9.2e-5,9.2e-05,2.2,15,75.1965,-23.4061,True,1.63463e-13,ok
Ek9.2e-5,9.2e-05,2.4,1,78.2123,-22.4109,True,4.87075e-11,ok
Ek9.2e-5,9.2e-05,2.4,2,65.2354,-35.9225,True,3.11839e-09,ok
Ek9.2e-5,9.2e-05,2.4,3,59.45389998231196,-45.45039998673398,True,1.00849e-08,ok
Ek9.2e-5,9.2e-05,2.4,4,56.3598,-52.1822,True,1.9885e-09,ok
Ek9.2e-5,9.2e-05,2.4,5,54.7703,-56.7623,True,6.79399e-10,ok
Ek9.2e-5,9.2e-05,2.4,6,54.1792,-59.5482,True,2.18211e-10,ok
Ek9.2e-5,9.2e-05,2.4,7,54.3167,-60.7369,True,4.1546e-11,ok
Ek9.2e-5,9.2e-05,2.4,8,55.0177,-60.4311,True,2.00398e-12,ok
Ek9.2e-5,9.2e-05,2.4,9,56.1702,-58.6805,True,2.92934e-12,ok
Ek9.2e-5,9.2e-05,2.4,10,57.692,-55.5145,True,1.26972e-13,ok
Ek9.2e-5,9.2e-05,2.4,11,59.5198,-50.9701,True,0.0,ok
Ek9.2e-5,9.2e-05,2.4,12,61.6026,-45.1194,True,2.04826e-13,ok
Ek9.2e-5,9.2e-05,2.4,13,63.8991,-38.0939,True,5.53814e-14,ok
Ek9.2e-5,9.2e-05,2.4,14,66.3782,-30.1012,True,1.19457e-13,ok
Ek9.2e-5,9.2e-05,2.4,15,69.0233,-21.4242,True,6.68837e-14,ok
Ek9.2e-5,9.2e-05,2.6,1,72.6746,-20.7574,True,2.09698e-11,ok
Ek9.2e-5,9.2e-05,2.6,2,60.76230003240568,-33.30310001682738,True,1.07016e-08,ok
Ek9.2e-5,9.2e-05,2.6,3,55.4354,-42.143,True,8.41018e-10,ok
Ek9.2e-5,9.2e-05,2.6,4,52.5662004290129,-48.3754,True,1.13834e-08,ok
Ek9.2e-5,9.2e-05,2.6,5,51.0749,-52.5999,True,1.60143e-10,ok
Ek9.2e-5,9.2e-05,2.6,6,50.4984,-55.1518,True,2.01973e-11,ok
Ek9.2e-5,9.2e-05,2.6,7,50.5898,-56.2175,True,1.14998e-11,ok
Ek9.2e-5,9.2e-05,2.6,8,51.1974,-55.8964,True,3.18573e-12,ok
Ek9.2e-5,9.2e-05,2.6,9,52.2181,-54.2389,True,3.63806e-12,ok
Ek9.2e-5,9.2e-05,2.6,10,53.5761,-51.2763,True,1.96125e-13,ok
Ek9.2e-5,9.2e-05,2.6,11,55.2134,-47.0473,True,4.60767e-14,ok
Ek9.2e-5,9.2e-05,2.6,12,57.084,-41.6224,True,7.81373e-14,ok
Ek9.2e-5,9.2e-05,2.6,13,59.1515,-35.1256,True,1.327e-13,ok
Ek9.2e-5,9.2e-05,2.6,14,61.3896,-27.749,True,1.44261e-13,ok
Ek9.2e-5,9.2e-05,2.6,15,63.7864,-19.7509,True,8.12051e-14,ok
Ek9.2e-5,9.2e-05,2.8,1,67.8679,-19.3308,True,3.06405e-11,ok
Ek9.2e-5,9.2e-05,2.8,2,56.8613,-31.0388,True,2.15025e-10,ok
Ek9.2e-5,9.2e-05,2.8,3,51.9234,-39.2827,True,6.673e-09,ok
Ek9.2e-5,9.2e-05,2.8,4,49.2489,-45.0841,True,2.63422e-09,ok
Ek9.2e-5,9.2e-05,2.8,5,47.8444,-49.0034,True,3.27371e-10,ok
Ek9.2e-5,9.2e-05,2.8,6,47.2839,-51.3564,True,1.88124e-10,ok
Ek9.2e-5,9.2e-05,2.8,7,47.3396,-52.3202,True,1.92627e-11,ok
Ek9.2e-5,9.2e-05,2.8,8,47.8714,-51.9906,True,2.14192e-12,ok
Ek9.2e-5,9.2e-05,2.8,9,48.7838,-50.4181,True,3.39928e-12,ok
Ek9.2e-5,9.2e-05,2.8,10,50.0068,-47.6353,True,5.51081e-14,ok
Ek9.2e-5,9.2e-05,2.8,11,51.4868,-43.6816,True,1.1916e-13,ok
Ek9.2e-5,9.2e-05,2.8,12,53.1819,-38.6255,True,3.62333e-14,ok
Ek9.2e-5,9.2e-05,2.8,13,55.0597,-32.5843,True,7.73566e-14,ok
Ek9.2e-5,9.2e-05,2.8,14,57.0979,-25.7365,True,1.93036e-13,ok
Ek9.2e-5,9.2e-05,2.8,15,59.2878,-18.3193,True,3.26014e-14,ok
Ek9.2e-5,9.2e-05,3.0,1,63.6567,-18.0875,True,3.62526e-11,ok
Ek9.2e-5,9.2e-05,3.0,2,53.4295,-29.0622,True,7.49883e-10,ok
Ek9.2e-5,9.2e-05,3.0,3,48.8283,-36.785,True,2.95607e-09,ok
Ek9.2e-5,9.2e-05,3.0,4,46.3238,-42.2105,True,2.44812e-09,ok
Ek9.2e-5,9.2e-05,3.0,5,44.9966,-45.8652,True,1.57901e-09,ok
Ek9.2e-5,9.2e-05,3.0,6,44.4526,-48.0472,True,1.85869e-10,ok
Ek9.2e-5,9.2e-05,3.0,7,44.4804,-48.9254,True,3.69724e-11,ok
Ek9.2e-5,9.2e-05,3.0,8,44.9499,-48.592,True,1.31521e-12,ok
Ek9.2e-5,9.2e-05,3.0,9,45.7722,-47.0971,True,1.58765e-12,ok
Ek9.2e-5,9.2e-05,3.0,10,46.8823,-44.4742,True,1.37248e-14,ok
Ek9.2e-5,9.2e-05,3.0,11,48.2304,-40.7627,True,5.76484e-14,ok
Ek9.2e-5,9.2e-05,3.0,12,49.7783,-36.0292,True,2.25185e-14,ok
Ek9.2e-5,9.2e-05,3.0,13,51.4968,-30.3845,True,2.33823e-13,ok
Ek9.2e-5,9.2e-05,3.0,14,53.3667,-23.9952,True,2.79665e-14,ok
Ek9.2e-5,9.2e-05,3.0,15,55.3817,-17.0808,True,9.71737e-14,ok
Ek9.2e-5,9.2e-05,3.2,1,59.9369,-16.9944,True,4.03329e-11,ok
Ek9.2e-5,9.2e-05,3.2,2,50.3873,-27.3219,True,1.43644e-09,ok
Ek9.2e-5,9.2e-05,3.2,3,46.0802,-34.5851,True,7.48057e-09,ok
Ek9.2e-5,9.2e-05,3.2,4,43.7254,-39.6802,True,4.74806e-09,ok
Ek9.2e-5,9.2e-05,3.2,5,42.4676,-43.1033,True,7.25238e-10,ok
Ek9.2e-5,9.2e-05,3.2,6,41.94,-45.137,True,1.59164e-10,ok
Ek9.2e-5,9.2e-05,3.2,7,41.9457,-45.9422,True,4.58591e-11,ok
Ek9.2e-5,9.2e-05,3.2,8,42.3634,-45.6082,True,1.16721e-12,ok
Ek9.2e-5,9.2e-05,3.2,9,43.1099,-44.1844,True,9.75111e-13,ok
Ek9.2e-5,9.2e-05,3.2,10,44.1245,-41.7044,True,1.35771e-13,ok
Ek9.2e-5,9.2e-05,3.2,11,45.3608,-38.2077,True,5.57127e-14,ok
Ek9.2e-5,9.2e-05,3.2,12,46.7836,-33.7584,True,3.43988e-13,ok
Ek9.2e-5,9.2e-05,3.2,13,48.3665,-28.4618,True,7.02627e-14,ok
Ek9.2e-5,9.2e-05,3.2,14,50.0929,-22.474,True,2.24301e-13,ok
Ek9.2e-5,9.2e-05,3.2,15,51.9584,-15.9989,True,4.9731e-14,ok
Ek9.2e-5,9.2e-05,3.4,1,56.6273,-16.0257,True,6.68026e-12,ok
Ek9.2e-5,9.2e-05,3.4,2,47.6721,-25.7779,True,9.98963e-10,ok
Ek9.2e-5,9.2e-05,3.4,3,43.624,-32.6329,True,5.72303e-09,ok
Ek9.2e-5,9.2e-05,3.4,4,41.4021,-37.4352,True,1.28293e-09,ok
Ek9.2e-5,9.2e-05,3.4,5,40.2068,-40.654,True,1.28694e-10,ok
Ek9.2e-5,9.2e-05,3.4,6,39.6953,-42.5578,True,9.69133e-11,ok
Ek9.2e-5,9.2e-05,3.4,7,39.6836,-43.3004,True,6.63558e-11,ok
Ek9.2e-5,9.2e-05,3.4,8,40.0576,-42.9681,True,2.74574e-15,ok
Ek9.2e-5,9.2e-05,3.4,9,40.7396,-41.6093,True,7.74972e-13,ok
Ek9.2e-5,9.2e-05,3.4,10,41.6724,-39.2579,True,1.4437e-13,ok
Ek9.2e-5,9.2e-05,3.4,11,42.8129,-35.9527,True,1.30053e-13,ok
Ek9.2e-5,9.2e-05,3.4,12,44.1283,-31.7558,True,9.0966e-14,ok
Ek9.2e-5,9.2e-05,3.4,13,45.5947,-26.7672,True,2.1875e-13,ok
Ek9.2e-5,9.2e-05,3.4,14,47.1974,-21.1337,True,4.05988e-13,ok
Ek9.2e-5,9.2e-05,3.4,15,48.9335,-15.0456,True,1.25661e-13,ok
Ek9.2e-5,9.2e-05,3.6,1,53.6637,-15.1613,True,1.88965e-10,ok
Ek9.2e-5,9.2e-05,3.6,2,45.2338,-24.3987,True,2.54113e-10,ok
Ek9.2e-5,9.2e-05,3.6,3,41.4157,-30.8889,True,4.7864e-09,ok
Ek9.2e-5,9.2e-05,3.6,4,39.3124,-35.43,True,5.4594e-10,ok
Ek9.2e-5,9.2e-05,3.6,5,38.1738,-38.4672,True,5.09675e-10,ok
Ek9.2e-5,9.2e-05,3.6,6,37.6781,-40.2564,True,3.14787e-10,ok
Ek9.2e-5,9.2e-05,3.6,7,37.6523,-40.9448,True,4.32796e-11,ok
Ek9.2e-5,9.2e-05,3.6,8,37.9893,-40.6157,True,7.93572e-13,ok
Ek9.2e-5,9.2e-05,3.6,9,38.6158,-39.3167,True,1.75549e-12,ok
Ek9.2e-5,9.2e-05,3.6,10,39.4781,-37.0814,True,7.57331e-14,ok
Ek9.2e-5,9.2e-05,3.6,11,40.5357,-33.9481,True,9.9961e-14,ok
Ek9.2e-5,9.2e-05,3.6,12,41.758,-29.9767,True,1.06e-13,ok
Ek9.2e-5,9.2e-05,3.6,13,43.1231,-25.2624,True,1.46135e-13,ok
Ek9.2e-5,9.2e-05,3.6,14,44.6182,-19.9439,True,1.46281e-13,ok
Ek9.2e-5,9.2e-05,3.6,15,46.2414,-14.1994,True,0.0,ok
Ek9.2e-5,9.2e-05,3.8,1,50.9946,-14.3854,True,1.78448e-11,ok
Ek9.2e-5,9.2e-05,3.8,2,43.0324,-23.1595,True,2.34639e-10,ok
Ek9.2e-5,9.2e-05,3.8,3,39.4196,-29.3215,True,4.40929e-09,ok
Ek9.2e-5,9.2e-05,3.8,4,37.423,-33.6282,True,8.45157e-09,ok
Ek9.2e-5,9.2e-05,3.8,5,36.3359,-36.5031,True,1.09914e-09,ok
Ek9.2e-5,9.2e-05,3.8,6,35.8554,-38.1903,True,2.83029e-10,ok
Ek9.2e-5,9.2e-05,3.8,7,35.8183,-38.8314,True,3.20523e-11,ok
Ek9.2e-5,9.2e-05,3.8,8,36.1236,-38.5066,True,1.84601e-13,ok
Ek9.2e-5,9.2e-05,3.8,9,36.702,-37.2626,True,4.47112e-13,ok
Ek9.2e-5,9.2e-05,3.8,10,37.5029,-35.1327,True,4.24889e-14,ok
Ek9.2e-5,9.2e-05,3.8,11,38.4881,-32.1544,True,6.81546e-14,ok
Ek9.2e-5,9.2e-05,3.8,12,39.629,-28.3857,True,2.2364e-14,ok
Ek9.2e-5,9.2e-05,3.8,13,40.9055,-23.9174,True,3.17548e-14,ok
Ek9.2e-5,9.2e-05,3.8,14,42.3061,-18.8807,True,1.21206e-13,ok
Ek9.2e-5,9.2e-05,3.8,15,43.83,-13.4432,True,1.10351e-13,ok
Ek9.2e-5,9.2e-05,4.0,1,48.5781,-13.685,True,1.4908e-11,ok
Ek9.2e-5,9.2e-05,4.0,2,41.0349,-22.0399,True,6.14456e-10,ok
Ek9.2e-5,9.2e-05,4.0,3,37.6067,-27.9052,True,4.10479e-10,ok
Ek9.2e-5,9.2e-05,4.0,4,35.7064,-32.0004,True,6.46844e-10,ok
Ek9.2e-5,9.2e-05,4.0,5,34.6664,-34.7292,True,2.43621e-10,ok
Ek9.2e-5,9.2e-05,4.0,6,34.2004,-36.3254,True,2.91087e-10,ok
Ek9.2e-5,9.2e-05,4.0,7,34.1542,-36.9248,True,1.80159e-11,ok
Ek9.2e-5,9.2e-05,4.0,8,34.4322,-36.605,True,1.35033e-13,ok
Ek9.2e-5,9.2e-05,4.0,9,34.9687,-35.4118,True,2.09565e-13,ok
Ek9.2e-5,9.2e-05,4.0,10,35.7157,-33.3779,True,5.79787e-14,ok
Ek9.2e-5,9.2e-05,4.0,11,36.6372,-30.5402,True,1.61798e-14,ok
Ek9.2e-5,9.2e-05,4.0,12,37.7064,-26.9547,True,7.31015e-14,ok
Ek9.2e-5,9.2e-05,4.0,13,38.9046,-22.7081,True,3.25607e-13,ok
Ek9.2e-5,9.2e-05,4.0,14,40.2217,-17.9249,True,9.80972e-14,ok
Ek9.2e-5,9.2e-05,4.0,15,41.6575,-12.7633,True,1.33383e-13,ok
Ek9.2e-5,9.2e-05,5.0,1,39.2714,-11.0053,True,3.04684e-11,ok
Ek9.2e-5,9.2e-05,5.0,2,33.3023,-17.7485,True,2.5071e-09,ok
Ek9.2e-5,9.2e-05,5.0,3,30.5723,-22.4749,True,1.82354e-09,ok
Ek9.2e-5,9.2e-05,5.0,4,29.0416,-25.7618,True,4.95708e-10,ok
Ek9.2e-5,9.2e-05,5.0,5,28.1869,-27.937,True,2.93396e-10,ok
Ek9.2e-5,9.2e-05,5.0,6,27.7844,-29.1925,True,1.7821e-10,ok
Ek9.2e-5,9.2e-05,5.0,7,27.7131,-29.6418,True,1.80459e-12,ok
Ek9.2e-5,9.2e-05,5.0,8,27.8976,-29.3515,True,1.38848e-14,ok
Ek9.2e-5,9.2e-05,5.0,9,28.2861,-28.362,True,1.60952e-13,ok
Ek9.2e-5,9.2e-05,5.0,10,28.8408,-26.7033,True,6.20612e-14,ok
Ek9.2e-5,9.2e-05,5.0,11,29.5335,-24.4084,True,1.8603e-14,ok
Ek9.2e-5,9.2e-05,5.0,12,30.3439,-21.5248,True,2.57193e-14,ok
Ek9.2e-5,9.2e-05,5.0,13,31.2585,-18.1233,True,6.83735e-15,ok
Ek9.2e-5,9.2e-05,5.0,14,32.2712,-14.3029,True,2.55511e-14,ok
Ek9.2e-5,9.2e-05,5.0,15,33.3838,-10.1867,True,6.76838e-14,ok
Ek9.2e-5,9.2e-05,6.0,1,32.9561,-9.20296,True,4.63183e-12,ok
Ek9.2e-5,9.2e-05,6.0,2,28.0196,-14.8551,True,9.62919e-10,ok
Ek9.2e-5,9.2e-05,6.0,3,25.7523,-18.8123,True,5.89134e-10,ok
Ek9.2e-5,9.2e-05,6.0,4,24.4708,-21.5568,True,1.02439e-09,ok
Ek9.2e-5,9.2e-05,6.0,5,23.7456,-23.3643,True,4.25874e-11,ok
Ek9.2e-5,9.2e-05,6.0,6,23.3929,-24.3979,True,2.59022e-11,ok
Ek9.2e-5,9.2e-05,6.0,7,23.3136,-24.755,True,3.65735e-12,ok
Ek9.2e-5,9.2e-05,6.0,8,23.4455,-24.4935,True,3.11523e-13,ok
Ek9.2e-5,9.2e-05,6.0,9,23.746,-23.6494,True,1.38423e-14,ok
Ek9.2e-5,9.2e-05,6.0,10,24.1837,-22.2499,True,1.32217e-13,ok
Ek9.2e-5,9.2e-05,6.0,11,24.7358,-20.3243,True,2.14972e-14,ok
Ek9.2e-5,9.2e-05,6.0,12,25.3858,-17.9134,True,9.79718e-14,ok
Ek9.2e-5,9.2e-05,6.0,13,26.1234,-15.0772,True,3.15475e-14,ok
Ek9.2e-5,9.2e-05,6.0,14,26.9445,-11.8976,True,2.55376e-14,ok
Ek9.2e-5,9.2e-05,6.0,15,27.8518,-8.47518,True,3.98729e-14,ok
Ek9.2e-5,9.2e-05,7.0,1,28.3899,-7.90775,True,3.07926e-12,ok
Ek9.2e-5,9.2e-05,7.0,2,24.1825,-12.7725,True,6.94988e-10,ok
Ek9.2e-5,9.2e-05,7.0,3,22.2441,-16.1756,True,1.9265e-10,ok
Ek9.2e-5,9.2e-05,7.0,4,21.1419,-18.531,True,2.83294e-09,ok
Ek9.2e-5,9.2e-05,7.0,5,20.5121,-20.0768,True,5.69074e-10,ok
Ek9.2e-5,9.2e-05,7.0,6,20.1991,-20.9547,True,6.4749e-11,ok
Ek9.2e-5,9.2e-05,7.0,7,20.1186,-21.2499,True,1.91027e-12,ok
Ek9.2e-5,9.2e-05,7.0,8,20.2179,-21.0137,True,1.02153e-13,ok
Ek9.2e-5,9.2e-05,7.0,9,20.4608,-20.2782,True,3.19795e-14,ok
Ek9.2e-5,9.2e-05,7.0,10,20.8208,-19.0682,True,4.9142e-14,ok
Ek9.2e-5,9.2e-05,7.0,11,21.2784,-17.4097,True,3.36506e-14,ok
Ek9.2e-5,9.2e-05,7.0,12,21.8199,-15.3388,True,3.10189e-14,ok
Ek9.2e-5,9.2e-05,7.0,13,22.437,-12.9071,True,0.0,ok
Ek9.2e-5,9.2e-05,7.0,14,23.1269,-10.1844,True,1.41063e-13,ok
Ek9.2e-5,9.2e-05,7.0,15,23.8924,-7.25585,True,5.11441e-14,ok
Ek9.2e-5,9.2e-05,8.0,1,24.9348,-6.93207,True,5.91862e-12,ok
Ek9.2e-5,9.2e-05,8.0,2,21.2693,-11.2018,True,2.44065e-10,ok
Ek9.2e-5,9.2e-05,8.0,3,19.5765,-14.1868,True,1.3698e-09,ok
Ek9.2e-5,9.2e-05,8.0,4,18.6097,-16.2496,True,2.43258e-09,ok
Ek9.2e-5,9.2e-05,8.0,5,18.0531,-17.5997,True,2.09199e-10,ok
Ek9.2e-5,9.2e-05,8.0,6,17.772,-18.3625,True,4.75649e-11,ok
Ek9.2e-5,9.2e-05,8.0,7,17.6932,-18.6135,True,5.27633e-12,ok
Ek9.2e-5,9.2e-05,8.0,8,17.771,-18.3988,True,2.29363e-12,ok
Ek9.2e-5,9.2e-05,8.0,9,17.9738,-17.7475,True,3.29982e-14,ok
Ek9.2e-5,9.2e-05,8.0,10,18.2786,-16.6819,True,1.90761e-14,ok
Ek9.2e-5,9.2e-05,8.0,11,18.6687,-15.2256,True,3.86058e-14,ok
Ek9.2e-5,9.2e-05,8.0,12,19.1322,-13.4108,True,2.37111e-14,ok
Ek9.2e-5,9.2e-05,8.0,13,19.6622,-11.2827,True,1.94329e-14,ok
Ek9.2e-5,9.2e-05,8.0,14,20.2567,-8.90226,True,9.89835e-14,ok
Ek9.2e-5,9.2e-05,8.0,15,20.9186,-6.34316,True,0.0,ok
Ek9.2e-5,9.2e-05,9.0,1,22.2293,-6.17068,True,1.13921e-11,ok
Ek9.2e-5,9.2e-05,9.0,2,18.9822,-9.97506,True,3.99728e-10,ok
Ek9.2e-5,9.2e-05,9.0,3,17.4799,-12.6333,True,5.67893e-09,ok
Ek9.2e-5,9.2e-05,9.0,4,16.6189,-14.4681,True,1.17188e-09,ok
Ek9.2e-5,9.2e-05,9.0,5,16.1203,-15.6665,True,2.27822e-10,ok
Ek9.2e-5,9.2e-05,9.0,6,15.8653,-16.3406,True,5.76453e-11,ok
Ek9.2e-5,9.2e-05,9.0,7,15.7894,-16.5588,True,4.63697e-12,ok
Ek9.2e-5,9.2e-05,9.0,8,15.8521,-16.3624,True,3.63697e-13,ok
Ek9.2e-5,9.2e-05,9.0,9,16.0256,-15.778,True,6.38722e-14,ok
Ek9.2e-5,9.2e-05,9.0,10,16.2895,-14.8261,True,3.72696e-14,ok
Ek9.2e-5,9.2e-05,9.0,11,16.629,-13.5282,True,8.50828e-14,ok
Ek9.2e-5,9.2e-05,9.0,12,17.0339,-11.9131,True,1.57564e-14,ok
Ek9.2e-5,9.2e-05,9.0,13,17.4982,-10.0213,True,4.59919e-14,ok
Ek9.2e-5,9.2e-05,9.0,14,18.0203,-7.90676,True,2.59411e-13,ok
Ek9.2e-5,9.2e-05,9.0,15,18.6031,-5.63437,True,4.14132e-14,ok
Ek9.2e-5,9.2e-05,10.0,1,20.0534,-5.55997,True,1.02295e-11,ok
Ek9.2e-5,9.2e-05,10.0,2,17.1391,-8.99043,True,2.00549e-10,ok
Ek9.2e-5,9.2e-05,10.0,3,15.7888,-11.3864,True,5.35668e-09,ok
Ek9.2e-5,9.2e-05,10.0,4,15.0126,-13.0386,True,7.12205e-10,ok
Ek9.2e-5,9.2e-05,10.0,5,14.5611,-14.1157,True,1.84534e-10,ok
Ek9.2e-5,9.2e-05,10.0,6,14.3279,-14.7197,True,1.29947e-10,ok
Ek9.2e-5,9.2e-05,10.0,7,14.2553,-14.9123,True,4.76439e-12,ok
Ek9.2e-5,9.2e-05,10.0,8,14.3071,-14.7315,True,1.79226e-12,ok
Ek9.2e-5,9.2e-05,10.0,9,14.4583,-14.2017,True,8.54255e-15,ok
Ek9.2e-5,9.2e-05,10.0,10,14.6907,-13.3416,True,3.94637e-14,ok
Ek9.2e-5,9.2e-05,10.0,11,14.991,-12.171,True,6.16731e-15,ok
Ek9.2e-5,9.2e-05,10.0,12,15.3502,-10.7161,True,1.27493e-14,ok
Ek9.2e-5,9.2e-05,10.0,13,15.7631,-9.01348,True,4.50988e-14,ok
Ek9.2e-5,9.2e-05,10.0,14,16.2285,-7.11145,True,0.0,ok
Ek9.2e-5,9.2e-05,10.0,15,16.7492,-5.06803,True,2.06741e-14,ok
Ek9.2e-5,9.2e-05,20.0,1,10.1333,-2.79429,True,7.47698e-13,ok
Ek9.2e-5,9.2e-05,20.0,2,8.69491,-4.52409,True,2.24859e-10,ok
Ek9.2e-5,9.2e-05,20.0,3,8.02385,-5.7299,True,1.00919e-09,ok
Ek9.2e-5,9.2e-05,20.0,4,7.63303,-6.55757,True,1.37263e-10,ok
Ek9.2e-5,9.2e-05,20.0,5,7.40081,-7.09291,True,2.14382e-11,ok
Ek9.2e-5,9.2e-05,20.0,6,7.27562,-7.38834,True,4.06314e-11,ok
Ek9.2e-5,9.2e-05,20.0,7,7.22942,-7.47622,True,1.7768e-11,ok
Ek9.2e-5,9.2e-05,20.0,8,7.24456,-7.3767,True,1.67611e-13,ok
Ek9.2e-5,9.2e-05,20.0,9,7.3088,-7.10302,True,1.3951e-14,ok
Ek9.2e-5,9.2e-05,20.0,10,7.41327,-6.66552,True,2.46802e-14,ok
Ek9.2e-5,9.2e-05,20.0,11,7.55159,-6.07487,True,1.17794e-14,ok
Ek9.2e-5,9.2e-05,20.0,12,7.7195,-5.3447,True,1.98215e-14,ok
Ek9.2e-5,9.2e-05,20.0,13,7.91478,-4.49347,True,3.08231e-14,ok
Ek9.2e-5,9.2e-05,20.0,14,8.13726,-3.54501,True,4.74378e-14,ok
Ek9.2e-5,9.2e-05,20.0,15,8.38875,-2.52736,True,1.84381e-14,ok
Ek9.2e-5,9.2e-05,40.0,1,5.09354,-1.40072,True,7.21181e-13,ok
Ek9.2e-5,9.2e-05,40.0,2,4.37921,-2.26924,True,5.95979e-11,ok
Ek9.2e-5,9.2e-05,40.0,3,4.04477,-2.87404,True,1.08143e-09,ok
Ek9.2e-5,9.2e-05,40.0,4,3.84865,-3.2882,True,3.7421e-11,ok
Ek9.2e-5,9.2e-05,40.0,5,3.73087,-3.55498,True,2.12459e-12,ok
Ek9.2e-5,9.2e-05,40.0,6,3.66605,-3.70099,True,6.73978e-12,ok
Ek9.2e-5,9.2e-05,40.0,7,3.64039,-3.74276,True,6.28036e-13,ok
Ek9.2e-5,9.2e-05,40.0,8,3.64519,-3.69069,True,2.99271e-13,ok
Ek9.2e-5,9.2e-05,40.0,9,3.6744,-3.55167,True,6.52352e-15,ok
Ek9.2e-5,9.2e-05,40.0,10,3.72365,-3.33109,True,5.00469e-16,ok
Ek9.2e-5,9.2e-05,40.0,11,3.7898,-3.03448,True,5.87824e-15,ok
Ek9.2e-5,9.2e-05,40.0,12,3.87081,-2.66879,True,1.85826e-14,ok
Ek9.2e-5,9.2e-05,40.0,13,3.96565,-2.24327,True,3.91084e-15,ok
Ek9.2e-5,9.2e-05,40.0,14,4.07435,-1.76974,True,1.00839e-14,ok
Ek9.2e-5,9.2e-05,40.0,15,4.1979,-1.26197,True,1.76812e-15,ok
Ek9.2e-5,9.2e-05,60.0,1,3.4017,-0.934606,True,1.02509e-12,ok
Ek9.2e-5,9.2e-05,60.0,2,2.92657,-1.51442,True,1.82341e-11,ok
Ek9.2e-5,9.2e-05,60.0,3,2.70385,-1.91804,True,4.1801e-10,ok
Ek9.2e-5,9.2e-05,60.0,4,2.57295,-2.19421,True,7.31788e-11,ok
Ek9.2e-5,9.2e-05,60.0,5,2.49406,-2.37186,True,2.85379e-11,ok
Ek9.2e-5,9.2e-05,60.0,6,2.45034,-2.46881,True,1.90954e-12,ok
Ek9.2e-5,9.2e-05,60.0,7,2.43266,-2.49617,True,4.57174e-13,ok
Ek9.2e-5,9.2e-05,60.0,8,2.43523,-2.46094,True,8.34097e-14,ok
Ek9.2e-5,9.2e-05,60.0,9,2.45405,-2.36778,True,5.79636e-15,ok
Ek9.2e-5,9.2e-05,60.0,10,2.48622,-2.22032,True,3.05807e-15,ok
Ek9.2e-5,9.2e-05,60.0,11,2.52965,-2.0223,True,2.95132e-15,ok
Ek9.2e-5,9.2e-05,60.0,12,2.58299,-1.77838,True,7.54913e-15,ok
Ek9.2e-5,9.2e-05,60.0,13,2.6456,-1.49473,True,9.92187e-16,ok
Ek9.2e-5,9.2e-05,60.0,14,2.7175,-1.17921,True,2.63989e-14,ok
Ek9.2e-5,9.2e-05,60.0,15,2.79938,-0.840933,True,5.18176e-15,ok
Ek9.2e-5,9.2e-05,80.0,1,2.55353,-0.701252,True,9.57121e-13,ok
Ek9.2e-5,9.2e-05,80.0,2,2.1976,-1.13641,True,5.08527e-12,ok
Ek9.2e-5,9.2e-05,80.0,3,2.03065,-1.43928,True,5.59271e-10,ok
Ek9.2e-5,9.2e-05,80.0,4,1.93242,-1.64643,True,3.56917e-11,ok
Ek9.2e-5,9.2e-05,80.0,5,1.8731,-1.77959,True,3.19508e-11,ok
Ek9.2e-5,9.2e-05,80.0,6,1.84012,-1.85216,True,3.70184e-12,ok
Ek9.2e-5,9.2e-05,80.0,7,1.82665,-1.8725,True,3.61632e-13,ok
Ek9.2e-5,9.2e-05,80.0,8,1.82834,-1.84588,True,3.23729e-14,ok
Ek9.2e-5,9.2e-05,80.0,9,1.84221,-1.77583,True,8.89958e-15,ok
Ek9.2e-5,9.2e-05,80.0,10,1.86608,-1.66509,True,7.27203e-15,ok
Ek9.2e-5,9.2e-05,80.0,11,1.8984,-1.51647,True,4.08504e-15,ok
Ek9.2e-5,9.2e-05,80.0,12,1.93816,-1.33348,True,5.52762e-15,ok
Ek9.2e-5,9.2e-05,80.0,13,1.98489,-1.12075,True,1.81288e-15,ok
Ek9.2e-5,9.2e-05,80.0,14,2.0386,-0.88417,True,1.73585e-15,ok
Ek9.2e-5,9.2e-05,80.0,15,2.09983,-0.630556,True,3.17826e-15,ok
Ek9.2e-5,9.2e-05,100.0,1,2.04391,-0.561145,True,9.86219e-13,ok
Ek9.2e-5,9.2e-05,100.0,2,1.75936,-0.909418,True,1.1206e-10,ok
Ek9.2e-5,9.2e-05,100.0,3,1.62585,-1.15179,True,3.15451e-10,ok
Ek9.2e-5,9.2e-05,100.0,4,1.54723,-1.31752,True,1.47857e-11,ok
Ek9.2e-5,9.2e-05,100.0,5,1.49971,-1.42401,True,3.13973e-11,ok
Ek9.2e-5,9.2e-05,100.0,6,1.47324,-1.48199,True,8.58812e-13,ok
Ek9.2e-5,9.2e-05,100.0,7,1.46235,-1.49817,True,3.48381e-13,ok
Ek9.2e-5,9.2e-05,100.0,8,1.46359,-1.47679,True,4.36207e-14,ok
Ek9.2e-5,9.2e-05,100.0,9,1.47457,-1.42066,True,9.40584e-16,ok
Ek9.2e-5,9.2e-05,100.0,10,1.49355,-1.33199,True,3.77333e-15,ok
Ek9.2e-5,9.2e-05,100.0,11,1.51928,-1.21305,True,1.47031e-15,ok
Ek9.2e-5,9.2e-05,100.0,12,1.55097,-1.06663,True,7.57863e-15,ok
Ek9.2e-5,9.2e-05,100.0,13,1.58824,-0.896456,True,2.76586e-15,ok
Ek9.2e-5,9.2e-05,100.0,14,1.63111,-0.707223,True,8.44048e-15,ok
Ek9.2e-5,9.2e-05,100.0,15,1.68,-0.504375,True,2.1465e-15,ok
Ek1e-4,0.0001,0.1,1,728.2199998284589,-263.2999999711601,True,5.75251e-08,ok
Ek1e-4,0.0001,0.1,2,527.0359988753561,-350.0989998316041,True,5.44029e-07,ok
Ek1e-4,0.0001,0.1,3,472.237998264595,-418.0179998183878,True,1.14152e-06,ok
Ek1e-4,0.0001,0.1,4,465.2130144025765,-470.3460007667706,True,1.17735e-05,ok
Ek1e-4,0.0001,0.1,5,478.3159619542817,-509.21600145179417,True,3.56492e-05,ok
Ek1e-4,0.0001,0.1,6,503.6570163035245,-534.2779970690293,True,1.57622e-05,ok
Ek1e-4,0.0001,0.1,7,540.8169567045421,-545.394,True,1.8865e-05,ok
Ek1e-4,0.0001,0.1,8,591.1339777297962,-543.8400222702038,True,2.97009e-05,ok
Ek1e-4,0.0001,0.1,9,655.792987350798,-531.3380047736711,True,9.97086e-06,ok
Ek1e-4,0.0001,0.1,10,735.8109977728842,-509.1760008898283,True,1.6051e-06,ok
Ek1e-4,0.0001,0.1,11,832.2869994905863,-477.88200021175714,True,3.37883e-07,ok
Ek1e-4,0.0001,0.1,12,946.535999909942,-437.1130000394044,True,5.45402e-08,ok
Ek1e-4,0.0001,0.1,13,1080.14,-385.482,True,4.27003e-10,ok
Ek1e-4,0.0001,0.1,14,1235.0,-320.082,True,6.62031e-12,ok
Ek1e-4,0.0001,0.1,15,1413.32,-235.148,True,1.15105e-12,ok
Ek1e-4,0.0001,0.1,16,2306.72026173565,-1036.899909399198,True,0.000105801,ok
Ek1e-4,0.0001,0.1,17,2544.749945962314,-970.0940190022632,True,2.0624e-05,ok
Ek1e-4,0.0001,0.1,18,2811.5800021816963,-892.4069991855,True,7.87475e-07,ok
Ek1e-4,0.0001,0.1,19,3096.09,369.487,True,1.0148e-09,ok
Ek1e-4,0.0001,0.1,20,2128.97,330.988,True,5.37962e-09,ok
Ek1e-4,0.0001,0.1,21,2221.48,332.953,True,1.21697e-09,ok
Ek1e-4,0.0001,0.1,22,2330.32,329.916,True,3.77631e-13,ok
Ek1e-4,0.0001,0.1,23,2456.23,324.486,True,1.59819e-12,ok
Ek1e-4,0.0001,0.1,24,2599.93,317.844,True,1.84013e-12,ok
Ek1e-4,0.0001,0.1,25,2762.22,310.604,True,4.18392e-13,ok
Ek1e-4,0.0001,0.1,30,3884.1,273.639,True,5.19573e-13,ok
Ek1e-4,0.0001,0.1,35,5617.65,241.509,True,4.55311e-13,ok
Ek1e-4,0.0001,0.1,40,8108.0,215.112,True,3.61222e-13,ok
Ek1e-4,0.0001,0.1,45,11519.49999365854,193.4600000077046,True,1.61505e-06,ok
Ek1e-4,0.0001,0.1,50,16035.3,175.524,True,1.36283e-12,ok
Ek1e-4,0.0001,0.1,55,21857.2,160.486,True,1.04996e-12,ok
Ek1e-4,0.0001,0.1,60,29204.9,147.732,True,1.74156e-12,ok
Ek1e-4,0.0001,0.1,65,38315.5,136.799,True,2.02897e-12,ok
Ek1e-4,0.0001,0.1,70,49443.2,127.336,True,2.03924e-12,ok
Ek1e-4,0.0001,0.1,75,62858.7,119.073,True,3.95991e-12,ok
Ek1e-4,0.0001,0.1,80,78849.3,111.802,True,9.97449e-13,ok
Ek1e-4,0.0001,0.1,85,97718.4,105.358,True,2.83064e-12,ok
Ek1e-4,0.0001,0.1,90,119785.99932920412,99.6096000424983,True,5.16517e-05,ok
Ek1e-4,0.0001,0.1,95,145415.1465156904,94.45388298638304,True,447.427,ok
Ek1e-4,0.0001,0.1,100,174873.0,89.7979,True,4.21046e-12,ok
Ek1e-4,0.0001,0.1,105,208613.0,85.5795,True,1.01639e-13,ok
Ek1e-4,0.0001,0.1,110,246990.0,81.7381,True,6.43239e-12,ok
Ek1e-4,0.0001,0.1,115,290403.9996688122,78.22570000675138,True,1.6475e-05,ok
Ek1e-4,0.0001,0.1,120,339270.5335646025,75.00200543327853,True,2.19867,ok
Ek1e-4,0.0001,0.3,1,377.819,-128.011,True,2.42137e-10,ok
Ek1e-4,0.0001,0.3,2,277.986,-189.261,True,7.00991e-09,ok
Ek1e-4,0.0001,0.3,3,244.166,-233.368,True,4.34081e-09,ok
Ek1e-4,0.0001,0.3,4,232.11099998685097,-266.11799999893026,True,1.52782e-08,ok
Ek1e-4,0.0001,0.3,5,231.229,-290.505,True,8.27655e-09,ok
Ek1e-4,0.0001,0.3,6,237.535,-307.914,True,4.74623e-09,ok
Ek1e-4,0.0001,0.3,7,249.216,-318.766,True,6.84734e-09,ok
Ek1e-4,0.0001,0.3,8,265.525,-322.886,True,1.92282e-09,ok
Ek1e-4,0.0001,0.3,9,286.354,-319.811,True,6.92606e-10,ok
Ek1e-4,0.0001,0.3,10,311.929,-309.006,True,1.39551e-10,ok
Ek1e-4,0.0001,0.3,11,691.684,-8.26632,True,4.73674e-12,ok
Ek1e-4,0.0001,0.3,12,737.302,56.7379,True,1.73116e-12,ok
Ek1e-4,0.0001,0.3,13,419.449,-224.121,True,8.2779e-13,ok
Ek1e-4,0.0001,0.3,14,464.923,-175.811,True,8.31097e-13,ok
Ek1e-4,0.0001,0.3,15,513.129,-116.676,True,3.07e-13,ok
Ek1e-4,0.0001,0.3,16,2404.36,-148.816,True,1.86326e-12,ok
Ek1e-4,0.0001,0.3,17,927.693,212.309,True,5.86447e-13,ok
Ek1e-4,0.0001,0.3,18,639.3829988270277,80.12959840585461,True,2.61626e-06,ok
Ek1e-4,0.0001,0.3,19,671.46,125.435,True,2.36094e-12,ok
Ek1e-4,0.0001,0.3,20,1092.98,239.677,True,2.04286e-12,ok
Ek1e-4,0.0001,0.3,21,737.779,179.505,True,3.82892e-12,ok
Ek1e-4,0.0001,0.3,22,776.0979847914255,194.3689947203582,True,3.43939e-05,ok
Ek1e-4,0.0001,0.3,23,819.243,204.105,True,1.37306e-12,ok
Ek1e-4,0.0001,0.3,24,2153.44,31.4832,True,1.51999e-12,ok
Ek1e-4,0.0001,0.3,25,922.289,213.488,True,3.95318e-14,ok
Ek1e-4,0.0001,0.3,30,1296.48,209.283,True,1.10171e-12,ok
Ek1e-4,0.0001,0.3,35,1873.99,192.964,True,3.87555e-13,ok
Ek1e-4,0.0001,0.3,40,2703.8,175.547,True,1.68395e-12,ok
Ek1e-4,0.0001,0.3,45,3840.74,159.696,True,1.4378e-12,ok
Ek1e-4,0.0001,0.3,50,5345.84,145.872,True,1.29194e-13,ok
Ek1e-4,0.0001,0.3,55,7286.35,133.946,True,1.1827e-12,ok
Ek1e-4,0.0001,0.3,60,9735.48,123.655,True,1.4854e-12,ok
Ek1e-4,0.0001,0.3,65,12772.3,114.734,True,2.32924e-12,ok
Ek1e-4,0.0001,0.3,70,16481.4,106.953,True,7.54047e-13,ok
Ek1e-4,0.0001,0.3,75,20953.2,100.122,True,4.15611e-12,ok
Ek1e-4,0.0001,0.3,80,26283.4,94.0866,True,1.68919e-12,ok
Ek1e-4,0.0001,0.3,85,32573.1,88.7212,True,2.38959e-12,ok
Ek1e-4,0.0001,0.3,90,39928.8,83.9237,True,1.38063e-12,ok
Ek1e-4,0.0001,0.3,95,48462.4,79.6109,True,1.5942e-12,ok
Ek1e-4,0.0001,0.3,100,58291.2,75.7145,True,3.04306e-12,ok
Ek1e-4,0.0001,0.3,105,69537.9,72.178,True,3.13596e-12,ok
Ek1e-4,0.0001,0.3,110,82330.2,68.9546,True,5.19634e-12,ok
Ek1e-4,0.0001,0.3,115,96801.4,66.0049,True,3.63519e-12,ok
Ek1e-4,0.0001,0.3,120,113090.0,63.2958,True,3.53056e-12,ok
Ek1e-4,0.0001,0.5,1,272.359,-87.0817,True,9.75141e-11,ok
Ek1e-4,0.0001,0.5,2,207.831,-132.722,True,7.89738e-10,ok
Ek1e-4,0.0001,0.5,3,183.714,-165.323,True,5.1052e-09,ok
Ek1e-4,0.0001,0.5,4,173.671,-189.337,True,2.39507e-09,ok
Ek1e-4,0.0001,0.5,5,171.075,-206.922,True,2.46006e-09,ok
Ek1e-4,0.0001,0.5,6,173.346,-219.077,True,9.69534e-11,ok
Ek1e-4,0.0001,0.5,7,179.252,-226.162,True,8.1299e-11,ok
Ek1e-4,0.0001,0.5,8,188.169,-228.134,True,1.46261e-11,ok
Ek1e-4,0.0001,0.5,9,199.804,-224.699,True,1.3948e-11,ok
Ek1e-4,0.0001,0.5,10,214.054,-215.44,True,1.04671e-12,ok
Ek1e-4,0.0001,0.5,11,230.868,-199.924,True,6.63892e-12,ok
Ek1e-4,0.0001,0.5,12,250.119,-177.787,True,3.2899e-13,ok
Ek1e-4,0.0001,0.5,13,271.476,-148.868,True,3.07555e-13,ok
Ek1e-4,0.0001,0.5,14,294.28,-113.471,True,1.02745e-12,ok
Ek1e-4,0.0001,0.5,15,317.506,-72.8455,True,9.29732e-13,ok
Ek1e-4,0.0001,0.5,16,339.961,-29.6702,True,2.80989e-13,ok
Ek1e-4,0.0001,0.5,17,360.877,12.2238,True,4.1473e-14,ok
Ek1e-4,0.0001,0.5,18,380.449,49.4179,True,1.08452e-12,ok
Ek1e-4,0.0001,0.5,19,399.634,80.3005,True,2.46088e-13,ok
Ek1e-4,0.0001,0.5,20,419.531,104.901,True,8.01747e-13,ok
Ek1e-4,0.0001,0.5,21,441.03,124.006,True,4.2681e-13,ok
Ek1e-4,0.0001,0.5,22,464.783,138.56,True,2.16481e-13,ok
Ek1e-4,0.0001,0.5,23,491.268,149.431,True,2.32413e-13,ok
Ek1e-4,0.0001,0.5,24,520.859,157.349,True,3.00647e-13,ok
Ek1e-4,0.0001,0.5,25,553.861,162.915,True,2.30208e-13,ok
Ek1e-4,0.0001,0.5,30,778.923,169.49,True,3.23916e-13,ok
Ek1e-4,0.0001,0.5,35,1125.36,160.682,True,1.11971e-13,ok
Ek1e-4,0.0001,0.5,40,1623.09,148.279,True,5.53043e-13,ok
Ek1e-4,0.0001,0.5,45,2305.11,135.967,True,5.45186e-13,ok
Ek1e-4,0.0001,0.5,50,3208.06,124.791,True,8.64465e-13,ok
Ek1e-4,0.0001,0.5,55,4372.27,114.939,True,1.10004e-12,ok
Ek1e-4,0.0001,0.5,60,5841.67,106.327,True,7.06018e-13,ok
Ek1e-4,0.0001,0.5,65,7663.69,98.7982,True,1.59168e-12,ok
Ek1e-4,0.0001,0.5,70,9889.14,92.195,True,1.07638e-12,ok
Ek1e-4,0.0001,0.5,75,12572.2,86.3748,True,1.65659e-12,ok
Ek1e-4,0.0001,0.5,80,15770.3,81.2173,True,2.32286e-12,ok
Ek1e-4,0.0001,0.5,85,19544.0,76.6219,True,2.64795e-12,ok
Ek1e-4,0.0001,0.5,90,23957.4,72.5059,True,1.10348e-12,ok
Ek1e-4,0.0001,0.5,95,29077.6,68.8008,True,2.20065e-12,ok
Ek1e-4,0.0001,0.5,100,34974.9,65.4497,True,2.60084e-12,ok
Ek1e-4,0.0001,0.5,105,41722.8,62.4056,True,4.6615e-12,ok
Ek1e-4,0.0001,0.5,110,49398.2,59.6289,True,6.56274e-12,ok
Ek1e-4,0.0001,0.5,115,58081.0,57.0865,True,7.5188e-12,ok
Ek1e-4,0.0001,0.5,120,67854.2,54.7504,True,3.35921e-12,ok
Ek1e-4,0.0001,0.7,1,214.034,-65.9785,True,2.29022e-10,ok
Ek1e-4,0.0001,0.7,2,167.448,-102.151,True,1.06873e-09,ok
Ek1e-4,0.0001,0.7,3,149.13499998296712,-127.88499998997172,True,1.55676e-08,ok
Ek1e-4,0.0001,0.7,4,140.974,-146.655,True,7.57351e-09,ok
Ek1e-4,0.0001,0.7,5,138.28,-160.15,True,3.52334e-09,ok
Ek1e-4,0.0001,0.7,6,139.172,-169.166,True,3.52189e-10,ok
Ek1e-4,0.0001,0.7,7,142.728,-174.013,True,1.37257e-10,ok
Ek1e-4,0.0001,0.7,8,148.443,-174.706,True,6.00956e-12,ok
Ek1e-4,0.0001,0.7,9,156.029,-171.075,True,2.00541e-12,ok
Ek1e-4,0.0001,0.7,10,165.317,-162.87,True,1.38048e-13,ok
Ek1e-4,0.0001,0.7,11,176.172,-149.851,True,4.86921e-13,ok
Ek1e-4,0.0001,0.7,12,188.417,-131.899,True,1.96167e-13,ok
Ek1e-4,0.0001,0.7,13,201.771,-109.149,True,4.13334e-14,ok
Ek1e-4,0.0001,0.7,14,215.809,-82.1812,True,6.09226e-13,ok
Ek1e-4,0.0001,0.7,15,230.013,-52.2245,True,3.50115e-13,ok
Ek1e-4,0.0001,0.7,16,243.932,-21.1839,True,4.7331e-13,ok
Ek1e-4,0.0001,0.7,17,257.414,8.76943,True,6.05126e-13,ok
Ek1e-4,0.0001,0.7,18,270.697,35.9079,True,3.17613e-13,ok
Ek1e-4,0.0001,0.7,19,284.263,59.3587,True,1.03908e-12,ok
Ek1e-4,0.0001,0.7,20,298.637,78.9783,True,4.43639e-13,ok
Ek1e-4,0.0001,0.7,21,314.272,95.024,True,2.50621e-13,ok
Ek1e-4,0.0001,0.7,22,331.535,107.907,True,2.22188e-13,ok
Ek1e-4,0.0001,0.7,23,350.722,118.066,True,0.0,ok
Ek1e-4,0.0001,0.7,24,372.084,125.919,True,9.62672e-14,ok
Ek1e-4,0.0001,0.7,25,395.838,131.839,True,1.65836e-13,ok
Ek1e-4,0.0001,0.7,30,556.994,142.444,True,2.28787e-13,ok
Ek1e-4,0.0001,0.7,35,804.459,137.662,True,4.09286e-12,ok
Ek1e-4,0.0001,0.7,40,1159.9,128.346,True,2.5718e-13,ok
Ek1e-4,0.0001,0.7,45,1646.96,118.378,True,5.59116e-13,ok
Ek1e-4,0.0001,0.7,50,2291.85,109.034,True,1.05178e-12,ok
Ek1e-4,0.0001,0.7,55,3123.37,100.656,True,7.90899e-13,ok
Ek1e-4,0.0001,0.7,60,4172.9,93.2577,True,2.02164e-12,ok
Ek1e-4,0.0001,0.7,65,5474.3,86.7494,True,1.07048e-12,ok
Ek1e-4,0.0001,0.7,70,7063.88,81.016,True,9.67812e-13,ok
Ek1e-4,0.0001,0.7,75,8980.31,75.947,True,2.75159e-12,ok
Ek1e-4,0.0001,0.7,80,11264.6,71.4449,True,2.91319e-12,ok
Ek1e-4,0.0001,0.7,85,13960.2,67.4267,True,2.80766e-12,ok
Ek1e-4,0.0001,0.7,90,17112.6,63.8229,True,4.45168e-13,ok
Ek1e-4,0.0001,0.7,95,20769.8,60.5754,True,4.31571e-12,ok
Ek1e-4,0.0001,0.7,100,24982.2,57.6359,True,3.65347e-12,ok
Ek1e-4,0.0001,0.7,105,29802.1,54.9638,True,6.90715e-12,ok
Ek1e-4,0.0001,0.7,110,35284.5,52.5252,True,1.18691e-12,ok
Ek1e-4,0.0001,0.7,115,41486.5,50.2913,True,2.24639e-12,ok
Ek1e-4,0.0001,0.7,120,48467.4,48.2379,True,4.54513e-12,ok
Ek1e-4,0.0001,1.0,1,162.055,-48.3313,True,2.41323e-11,ok
Ek1e-4,0.0001,1.0,2,129.818,-75.7892,True,5.85624e-10,ok
Ek1e-4,0.0001,1.0,3,116.604,-95.2348,True,9.06574e-09,ok
Ek1e-4,0.0001,1.0,4,110.371,-109.237,True,4.11486e-09,ok
Ek1e-4,0.0001,1.0,5,107.953,-119.071,True,7.85985e-10,ok
Ek1e-4,0.0001,1.0,6,108.046,-125.362,True,3.25422e-10,ok
Ek1e-4,0.0001,1.0,7,109.989,-128.381,True,4.79783e-11,ok
Ek1e-4,0.0001,1.0,8,113.4,-128.188,True,1.91983e-11,ok
Ek1e-4,0.0001,1.0,9,118.039,-124.722,True,2.61753e-12,ok
Ek1e-4,0.0001,1.0,10,123.741,-117.879,True,7.23143e-14,ok
Ek1e-4,0.0001,1.0,11,130.368,-107.585,True,3.51373e-13,ok
Ek1e-4,0.0001,1.0,12,137.775,-93.8818,True,2.75211e-13,ok
Ek1e-4,0.0001,1.0,13,145.78,-77.0234,True,3.39617e-13,ok
Ek1e-4,0.0001,1.0,14,154.167,-57.5685,True,4.36932e-13,ok
Ek1e-4,0.0001,1.0,15,162.726,-36.4307,True,4.4665e-13,ok
Ek1e-4,0.0001,1.0,16,171.33,-14.7904,True,1.66972e-13,ok
Ek1e-4,0.0001,1.0,17,180.001,6.16335,True,9.27825e-14,ok
Ek1e-4,0.0001,1.0,18,188.907,25.5217,True,5.51401e-13,ok
Ek1e-4,0.0001,1.0,19,198.291,42.7766,True,8.69747e-13,ok
Ek1e-4,0.0001,1.0,20,208.412,57.7567,True,1.73603e-13,ok
Ek1e-4,0.0001,1.0,21,219.5,70.5004,True,2.06931e-13,ok
Ek1e-4,0.0001,1.0,22,231.758,81.1545,True,2.39925e-13,ok
Ek1e-4,0.0001,1.0,23,245.364,89.914,True,1.82317e-13,ok
Ek1e-4,0.0001,1.0,24,260.477,96.9899,True,5.05877e-13,ok
Ek1e-4,0.0001,1.0,25,277.241,102.593,True,4.38204e-13,ok
Ek1e-4,0.0001,1.0,30,390.407,114.961,True,9.1704e-14,ok
Ek1e-4,0.0001,1.0,35,563.675,113.32,True,3.78695e-13,ok
Ek1e-4,0.0001,1.0,40,812.427,106.811,True,2.3749e-13,ok
Ek1e-4,0.0001,1.0,45,1153.3,99.1419,True,4.94473e-13,ok
Ek1e-4,0.0001,1.0,50,1604.66,91.6722,True,1.45783e-13,ok
Ek1e-4,0.0001,1.0,55,2186.66,84.8415,True,6.86768e-13,ok
Ek1e-4,0.0001,1.0,60,2921.29,78.7406,True,9.24967e-13,ok
Ek1e-4,0.0001,1.0,65,3832.23,73.3343,True,1.86584e-14,ok
Ek1e-4,0.0001,1.0,70,4944.9,68.5484,True,1.22269e-12,ok
Ek1e-4,0.0001,1.0,75,6286.38,64.3024,True,4.734e-13,ok
Ek1e-4,0.0001,1.0,80,7885.38,60.5216,True,3.04995e-13,ok
Ek1e-4,0.0001,1.0,85,9772.24,57.1407,True,9.28892e-13,ok
Ek1e-4,0.0001,1.0,90,11978.9,54.1039,True,1.3812e-12,ok
Ek1e-4,0.0001,1.0,95,14539.0,51.3643,True,9.7026e-13,ok
Ek1e-4,0.0001,1.0,100,17487.6,48.8821,True,1.45077e-12,ok
Ek1e-4,0.0001,1.0,105,20861.6,46.624,True,8.97484e-13,ok
Ek1e-4,0.0001,1.0,110,24699.2,44.562,True,4.74689e-12,ok
Ek1e-4,0.0001,1.0,115,29040.6,42.6722,True,3.34831e-12,ok
Ek1e-4,0.0001,1.0,120,33927.2,40.9343,True,3.77294e-12,ok
Ek1e-4,0.0001,3.0,1,61.6683,-17.289,True,1.08129e-12,ok
Ek1e-4,0.0001,3.0,2,51.6972,-27.6579,True,2.41368e-10,ok
Ek1e-4,0.0001,3.0,3,47.2959,-34.8984,True,7.83213e-09,ok
Ek1e-4,0.0001,3.0,4,44.9599,-39.9233,True,9.63842e-10,ok
Ek1e-4,0.0001,3.0,5,43.7781,-43.2276,True,2.9593e-10,ok
Ek1e-4,0.0001,3.0,6,43.3631,-45.0883,True,5.40772e-11,ok
Ek1e-4,0.0001,3.0,7,43.5071,-45.6581,True,3.67585e-12,ok
Ek1e-4,0.0001,3.0,8,44.0818,-45.0177,True,1.46979e-12,ok
Ek1e-4,0.0001,3.0,9,44.9997,-43.2111,True,1.12735e-13,ok
Ek1e-4,0.0001,3.0,10,46.1976,-40.2733,True,7.87813e-14,ok
Ek1e-4,0.0001,3.0,11,47.6283,-36.2546,True,7.29636e-14,ok
Ek1e-4,0.0001,3.0,12,49.2556,-31.2425,True,1.82871e-13,ok
Ek1e-4,0.0001,3.0,13,51.0536,-25.3786,True,2.36865e-13,ok
Ek1e-4,0.0001,3.0,14,53.0077,-18.8646,True,7.90194e-14,ok
Ek1e-4,0.0001,3.0,15,55.1189,-11.9484,True,8.5194e-14,ok
Ek1e-4,0.0001,3.0,16,57.4056,-4.89161,True,1.06261e-14,ok
Ek1e-4,0.0001,3.0,17,59.9013,2.0701,True,1.11805e-14,ok
Ek1e-4,0.0001,3.0,18,62.6482,8.75205,True,6.5907e-14,ok
Ek1e-4,0.0001,3.0,19,65.691,15.0252,True,1.2532e-13,ok
Ek1e-4,0.0001,3.0,20,69.0737,20.8076,True,2.52356e-13,ok
Ek1e-4,0.0001,3.0,21,72.8386,26.0527,True,6.12264e-14,ok
Ek1e-4,0.0001,3.0,22,77.0267,30.74,True,1.18024e-13,ok
Ek1e-4,0.0001,3.0,23,81.6785,34.8684,True,1.81382e-13,ok
Ek1e-4,0.0001,3.0,24,86.8343,38.4518,True,1.53892e-14,ok
Ek1e-4,0.0001,3.0,25,92.5346,41.5152,True,1.25572e-13,ok
Ek1e-4,0.0001,3.0,30,130.631,50.3421,True,0.0,ok
Ek1e-4,0.0001,3.0,35,188.489,52.0307,True,1.03317e-13,ok
Ek1e-4,0.0001,3.0,40,271.381,50.424,True,7.05709e-14,ok
Ek1e-4,0.0001,3.0,45,384.94,47.5911,True,3.22178e-13,ok
Ek1e-4,0.0001,3.0,50,535.323,44.4683,True,4.04774e-13,ok
Ek1e-4,0.0001,3.0,55,729.263,41.4387,True,2.38304e-13,ok
Ek1e-4,0.0001,3.0,60,974.084,38.6406,True,7.71852e-13,ok
Ek1e-4,0.0001,3.0,65,1277.69,36.1086,True,1.22137e-13,ok
Ek1e-4,0.0001,3.0,70,1648.54,33.8355,True,3.97196e-13,ok
Ek1e-4,0.0001,3.0,75,2095.67,31.7987,True,3.85898e-13,ok
Ek1e-4,0.0001,3.0,80,2628.65,29.972,True,1.1781e-12,ok
Ek1e-4,0.0001,3.0,85,3257.58,28.3295,True,5.01198e-13,ok
Ek1e-4,0.0001,3.0,90,3993.12,26.8479,True,8.85289e-13,ok
Ek1e-4,0.0001,3.0,95,4846.46,25.5069,True,9.34493e-13,ok
Ek1e-4,0.0001,3.0,100,5829.32,24.2887,True,1.51461e-13,ok
Ek1e-4,0.0001,3.0,105,6953.96,23.1782,True,1.58803e-12,ok
Ek1e-4,0.0001,3.0,110,8233.18,22.1623,True,1.53708e-12,ok
Ek1e-4,0.0001,3.0,115,9680.29,21.23,True,5.129e-13,ok
Ek1e-4,0.0001,3.0,120,11309.2,20.3716,True,1.2872e-12,ok
Ek1e-4,0.0001,5.0,1,38.04,-10.5176,True,1.77706e-11,ok
Ek1e-4,0.0001,5.0,2,32.2129,-16.8875,True,1.37265e-09,ok
Ek1e-4,0.0001,5.0,3,29.5964,-21.3148,True,3.62275e-10,ok
Ek1e-4,0.0001,5.0,4,28.1633,-24.3539,True,2.42628e-10,ok
Ek1e-4,0.0001,5.0,5,27.3939,-26.314,True,4.86165e-12,ok
Ek1e-4,0.0001,5.0,6,27.0673,-27.3746,True,6.42033e-11,ok
Ek1e-4,0.0001,5.0,7,27.0644,-27.6392,True,1.2595e-11,ok
Ek1e-4,0.0001,5.0,8,27.3105,-27.1678,True,5.10499e-13,ok
Ek1e-4,0.0001,5.0,9,27.7548,-25.9972,True,3.71232e-14,ok
Ek1e-4,0.0001,5.0,10,28.3607,-24.1588,True,6.49247e-14,ok
Ek1e-4,0.0001,5.0,11,29.1019,-21.6918,True,4.11387e-13,ok
Ek1e-4,0.0001,5.0,12,29.9603,-18.6551,True,1.08667e-13,ok
Ek1e-4,0.0001,5.0,13,30.9253,-15.1359,True,1.03329e-13,ok
Ek1e-4,0.0001,5.0,14,31.9943,-11.2504,True,6.67487e-14,ok
Ek1e-4,0.0001,5.0,15,33.1737,-7.135,True,1.21517e-13,ok
Ek1e-4,0.0001,5.0,16,34.4783,-2.92877,True,3.57119e-14,ok
Ek1e-4,0.0001,5.0,17,35.9287,1.2442,True,3.78104e-15,ok
Ek1e-4,0.0001,5.0,18,37.5484,5.28512,True,7.6753e-14,ok
Ek1e-4,0.0001,5.0,19,39.361,9.1214,True,6.46594e-14,ok
Ek1e-4,0.0001,5.0,20,41.3893,12.7025,True,1.29876e-13,ok
Ek1e-4,0.0001,5.0,21,43.6556,15.9953,True,9.40921e-14,ok
Ek1e-4,0.0001,5.0,22,46.1818,18.9801,True,2.24973e-14,ok
Ek1e-4,0.0001,5.0,23,48.9898,21.6481,True,5.85334e-14,ok
Ek1e-4,0.0001,5.0,24,52.1021,23.9997,True,5.99505e-14,ok
Ek1e-4,0.0001,5.0,25,55.5416,26.0426,True,1.3177e-13,ok
Ek1e-4,0.0001,5.0,30,78.4767,32.2386,True,4.68766e-14,ok
Ek1e-4,0.0001,5.0,35,113.222,33.7723,True,1.14757e-13,ok
Ek1e-4,0.0001,5.0,40,162.958,33.0037,True,2.34302e-13,ok
Ek1e-4,0.0001,5.0,45,231.083,31.3113,True,1.63269e-13,ok
Ek1e-4,0.0001,5.0,50,321.298,29.3538,True,2.33176e-13,ok
Ek1e-4,0.0001,5.0,55,437.649,27.4143,True,7.30085e-14,ok
Ek1e-4,0.0001,5.0,60,584.529,25.6023,True,5.91276e-14,ok
Ek1e-4,0.0001,5.0,65,766.681,23.9508,True,2.90572e-13,ok
Ek1e-4,0.0001,5.0,70,989.186,22.4612,True,6.82636e-13,ok
Ek1e-4,0.0001,5.0,75,1257.46,21.122,True,4.30303e-13,ok
Ek1e-4,0.0001,5.0,80,1577.23,19.9179,True,4.73486e-13,ok
Ek1e-4,0.0001,5.0,85,1954.59,18.8334,True,2.75654e-13,ok
Ek1e-4,0.0001,5.0,90,2395.91,17.8537,True,6.12672e-13,ok
Ek1e-4,0.0001,5.0,95,2907.91,16.966,True,3.17576e-13,ok
Ek1e-4,0.0001,5.0,100,3497.62,16.1589,True,1.01462e-12,ok
Ek1e-4,0.0001,5.0,105,4172.4,15.4226,True,7.52613e-13,ok
Ek1e-4,0.0001,5.0,110,4939.93,14.7487,True,7.33557e-13,ok
Ek1e-4,0.0001,5.0,115,5808.2,14.1299,True,9.72533e-13,ok
Ek1e-4,0.0001,5.0,120,6785.51,13.5599,True,1.84235e-12,ok
Ek1e-4,0.0001,7.0,1,27.4984,-7.5567,True,1.13603e-11,ok
Ek1e-4,0.0001,7.0,2,23.3886,-12.1518,True,5.61472e-11,ok
Ek1e-4,0.0001,7.0,3,21.5288,-15.3382,True,5.298e-10,ok
Ek1e-4,0.0001,7.0,4,20.4952,-17.5144,True,1.66635e-10,ok
Ek1e-4,0.0001,7.0,5,19.9255,-18.9053,True,4.58313e-11,ok
Ek1e-4,0.0001,7.0,6,19.6663,-19.6434,True,4.04709e-11,ok
Ek1e-4,0.0001,7.0,7,19.6342,-19.8071,True,2.44269e-12,ok
Ek1e-4,0.0001,7.0,8,19.7773,-19.4427,True,7.76883e-13,ok
Ek1e-4,0.0001,7.0,9,20.0597,-18.5802,True,4.35421e-14,ok
Ek1e-4,0.0001,7.0,10,20.4559,-17.2448,True,6.88052e-14,ok
Ek1e-4,0.0001,7.0,11,20.9481,-15.4672,True,4.64808e-14,ok
Ek1e-4,0.0001,7.0,12,21.5243,-13.2914,True,1.22583e-14,ok
Ek1e-4,0.0001,7.0,13,22.1784,-10.7796,True,0.0,ok
Ek1e-4,0.0001,7.0,14,22.9105,-8.01316,True,4.2773e-14,ok
Ek1e-4,0.0001,7.0,15,23.7266,-5.08529,True,2.51217e-14,ok
Ek1e-4,0.0001,7.0,16,24.638,-2.08997,True,8.17132e-14,ok
Ek1e-4,0.0001,7.0,17,25.6597,0.889385,True,8.07937e-15,ok
Ek1e-4,0.0001,7.0,18,26.8077,3.78583,True,1.59123e-14,ok
Ek1e-4,0.0001,7.0,19,28.0982,6.54905,True,2.14279e-14,ok
Ek1e-4,0.0001,7.0,20,29.5464,9.14276,True,1.39205e-14,ok
Ek1e-4,0.0001,7.0,21,31.1674,11.5418,True,3.69743e-14,ok
Ek1e-4,0.0001,7.0,22,32.9759,13.7301,True,2.61616e-14,ok
Ek1e-4,0.0001,7.0,23,34.9871,15.6988,True,4.78827e-14,ok
Ek1e-4,0.0001,7.0,24,37.2164,17.4456,True,5.49083e-14,ok
Ek1e-4,0.0001,7.0,25,39.6796,18.974,True,2.24828e-14,ok
Ek1e-4,0.0001,7.0,30,56.0894,23.7131,True,4.68218e-14,ok
Ek1e-4,0.0001,7.0,35,80.9199,25.0002,True,1.30106e-13,ok
Ek1e-4,0.0001,7.0,40,116.447,24.5296,True,2.12932e-13,ok
Ek1e-4,0.0001,7.0,45,165.104,23.3306,True,1.73739e-13,ok
Ek1e-4,0.0001,7.0,50,229.538,21.9076,True,1.2322e-13,ok
Ek1e-4,0.0001,7.0,55,312.641,20.4824,True,6.69544e-14,ok
Ek1e-4,0.0001,7.0,60,417.551,19.143,True,1.50024e-13,ok
Ek1e-4,0.0001,7.0,65,547.656,17.9179,True,1.91585e-13,ok
Ek1e-4,0.0001,7.0,70,706.584,16.8102,True,3.35298e-13,ok
Ek1e-4,0.0001,7.0,75,898.203,15.8127,True,2.98422e-13,ok
Ek1e-4,0.0001,7.0,80,1126.61,14.9148,True,3.24149e-13,ok
Ek1e-4,0.0001,7.0,85,1396.15,14.1053,True,4.05882e-13,ok
Ek1e-4,0.0001,7.0,90,1711.38,13.3735,True,1.5637e-13,ok
Ek1e-4,0.0001,7.0,95,2077.09,12.7101,True,5.55993e-13,ok
Ek1e-4,0.0001,7.0,100,2498.31,12.1066,True,6.91587e-14,ok
Ek1e-4,0.0001,7.0,105,2980.3,11.5559,True,3.79913e-13,ok
Ek1e-4,0.0001,7.0,110,3528.53,11.0517,True,6.42421e-13,ok
Ek1e-4,0.0001,7.0,115,4148.72,10.5886,True,3.23642e-13,ok
Ek1e-4,0.0001,7.0,120,4846.8,10.162,True,3.71178e-13,ok
Ek1e-4,0.0001,10.0,1,19.4229,-5.31285,True,1.28363e-11,ok
Ek1e-4,0.0001,10.0,2,16.5749,-8.55294,True,1.01582e-10,ok
Ek1e-4,0.0001,10.0,3,15.2783,-10.7957,True,4.83865e-10,ok
Ek1e-4,0.0001,10.0,4,14.5494,-12.3212,True,1.94692e-10,ok
Ek1e-4,0.0001,10.0,5,14.1396,-13.2893,True,5.93117e-11,ok
Ek1e-4,0.0001,10.0,6,13.9438,-13.7953,True,2.41881e-11,ok
Ek1e-4,0.0001,10.0,7,13.905,-13.8961,True,1.65852e-12,ok
Ek1e-4,0.0001,10.0,8,13.9872,-13.6263,True,7.68502e-14,ok
Ek1e-4,0.0001,10.0,9,14.1659,-13.0087,True,1.51532e-14,ok
Ek1e-4,0.0001,10.0,10,14.4236,-12.0626,True,3.24034e-14,ok
Ek1e-4,0.0001,10.0,11,14.7481,-10.8107,True,3.08163e-14,ok
Ek1e-4,0.0001,10.0,12,15.1319,-9.28462,True,2.39265e-14,ok
Ek1e-4,0.0001,10.0,13,15.5714,-7.52805,True,6.29181e-15,ok
Ek1e-4,0.0001,10.0,14,16.0673,-5.59669,True,9.56325e-15,ok
Ek1e-4,0.0001,10.0,15,16.6248,-3.55367,True,3.22471e-14,ok
Ek1e-4,0.0001,10.0,16,17.2522,-1.4619,True,1.56599e-14,ok
Ek1e-4,0.0001,10.0,17,17.9598,0.622928,True,6.03996e-14,ok
Ek1e-4,0.0001,10.0,18,18.7588,2.65582,True,8.22239e-15,ok
Ek1e-4,0.0001,10.0,19,19.6598,4.60241,True,1.41102e-14,ok
Ek1e-4,0.0001,10.0,20,20.6732,6.43725,True,5.17563e-14,ok
Ek1e-4,0.0001,10.0,21,21.8089,8.14203,True,4.13998e-14,ok
Ek1e-4,0.0001,10.0,22,23.0771,9.70436,True,2.61387e-15,ok
Ek1e-4,0.0001,10.0,23,24.4879,11.1169,True,1.02905e-14,ok
Ek1e-4,0.0001,10.0,24,26.0518,12.3767,True,1.06292e-14,ok
Ek1e-4,0.0001,10.0,25,27.7797,13.4848,True,5.04704e-14,ok
Ek1e-4,0.0001,10.0,30,39.2823,16.9787,True,5.20085e-14,ok
Ek1e-4,0.0001,10.0,35,56.671,17.991,True,4.49188e-14,ok
Ek1e-4,0.0001,10.0,40,81.5411,17.7092,True,4.13467e-14,ok
Ek1e-4,0.0001,10.0,45,115.599,16.8778,True,3.55791e-14,ok
Ek1e-4,0.0001,10.0,50,160.7,15.8693,True,9.78572e-14,ok
Ek1e-4,0.0001,10.0,55,218.869,14.85,True,1.7444e-13,ok
Ek1e-4,0.0001,10.0,60,292.303,13.8874,True,2.67646e-13,ok
Ek1e-4,0.0001,10.0,65,383.374,13.0044,True,1.47856e-13,ok
Ek1e-4,0.0001,10.0,70,494.622,12.2044,True,1.24024e-14,ok
Ek1e-4,0.0001,10.0,75,628.754,11.4831,True,4.75784e-14,ok
Ek1e-4,0.0001,10.0,80,788.64,10.8331,True,2.19867e-13,ok
Ek1e-4,0.0001,10.0,85,977.314,10.2466,True,5.82832e-15,ok
Ek1e-4,0.0001,10.0,90,1197.97,9.71625,True,1.48046e-13,ok
Ek1e-4,0.0001,10.0,95,1453.97,9.23514,True,2.84066e-13,ok
Ek1e-4,0.0001,10.0,100,1748.83,8.79738,True,5.21991e-13,ok
Ek1e-4,0.0001,10.0,105,2086.22,8.39776,True,4.28668e-13,ok
Ek1e-4,0.0001,10.0,110,2469.98,8.0318,True,5.6222e-13,ok
Ek1e-4,0.0001,10.0,115,2904.11,7.69563,True,3.74777e-13,ok
Ek1e-4,0.0001,10.0,120,3392.77,7.38588,True,4.67857e-13,ok
Ek1e-4,0.0001,30.0,1,6.56594,-1.78294,True,2.3086e-12,ok
Ek1e-4,0.0001,30.0,2,5.63227,-2.87507,True,1.17617e-10,ok
Ek1e-4,0.0001,30.0,3,5.20306,-3.62877,True,3.04496e-10,ok
Ek1e-4,0.0001,30.0,4,4.95723,-4.13804,True,8.35309e-11,ok
Ek1e-4,0.0001,30.0,5,4.81462,-4.45747,True,1.33107e-11,ok
Ek1e-4,0.0001,30.0,6,4.74152,-4.62019,True,8.42929e-12,ok
Ek1e-4,0.0001,30.0,7,4.71961,-4.64644,True,8.27566e-13,ok
Ek1e-4,0.0001,30.0,8,4.73731,-4.5488,True,1.48047e-13,ok
Ek1e-4,0.0001,30.0,9,4.78668,-4.33581,True,1.0058e-14,ok
Ek1e-4,0.0001,30.0,10,4.86211,-4.01474,True,1.67946e-14,ok
Ek1e-4,0.0001,30.0,11,4.95978,-3.59382,True,1.07544e-15,ok
Ek1e-4,0.0001,30.0,12,5.07746,-3.08394,True,4.75155e-15,ok
Ek1e-4,0.0001,30.0,13,5.21437,-2.49961,True,2.46255e-14,ok
Ek1e-4,0.0001,30.0,14,5.37121,-1.85878,True,7.67179e-15,ok
Ek1e-4,0.0001,30.0,15,5.54996,-1.18132,True,2.16906e-14,ok
Ek1e-4,0.0001,30.0,16,5.75361,-0.486721,True,4.62897e-15,ok
Ek1e-4,0.0001,30.0,17,5.9856,0.207832,True,1.2852e-14,ok
Ek1e-4,0.0001,30.0,18,6.24946,0.888313,True,2.80345e-15,ok
Ek1e-4,0.0001,30.0,19,6.54856,1.54372,True,3.43947e-14,ok
Ek1e-4,0.0001,30.0,20,6.88612,2.16558,True,1.06736e-14,ok
Ek1e-4,0.0001,30.0,21,7.26528,2.74747,True,4.19032e-16,ok
Ek1e-4,0.0001,30.0,22,7.68916,3.28473,True,1.19787e-14,ok
Ek1e-4,0.0001,30.0,23,8.161,3.77426,True,2.37228e-15,ok
Ek1e-4,0.0001,30.0,24,8.68414,4.21441,True,2.46486e-15,ok
Ek1e-4,0.0001,30.0,25,9.26208,4.60482,True,2.00103e-14,ok
Ek1e-4,0.0001,30.0,30,13.1052,5.86864,True,1.24271e-14,ok
Ek1e-4,0.0001,30.0,35,18.906,6.27073,True,0.0,ok
Ek1e-4,0.0001,30.0,40,27.1968,6.20585,True,3.20682e-14,ok
Ek1e-4,0.0001,30.0,45,38.5485,5.93484,True,3.12837e-14,ok
Ek1e-4,0.0001,30.0,50,53.5806,5.59268,True,3.73301e-14,ok
Ek1e-4,0.0001,30.0,55,72.9685,5.24132,True,9.14983e-15,ok
Ek1e-4,0.0001,30.0,60,97.4451,4.90671,True,5.21225e-14,ok
Ek1e-4,0.0001,30.0,65,127.801,4.59818,True,3.4037e-14,ok
Ek1e-4,0.0001,30.0,70,164.882,4.31774,True,1.1125e-13,ok
Ek1e-4,0.0001,30.0,75,209.592,4.06426,True,1.38e-13,ok
Ek1e-4,0.0001,30.0,80,262.886,3.83547,True,7.1862e-14,ok
Ek1e-4,0.0001,30.0,85,325.777,3.62877,True,2.41219e-13,ok
Ek1e-4,0.0001,30.0,90,399.329,3.44164,True,1.49258e-13,ok
Ek1e-4,0.0001,30.0,95,484.661,3.27177,True,1.72918e-13,ok
Ek1e-4,0.0001,30.0,100,582.946,3.11711,True,3.77557e-14,ok
Ek1e-4,0.0001,30.0,105,695.409,2.97586,True,1.76973e-13,ok
Ek1e-4,0.0001,30.0,110,823.329,2.84645,True,1.42576e-13,ok
Ek1e-4,0.0001,30.0,115,968.039,2.72753,True,2.82886e-13,ok
Ek1e-4,0.0001,30.0,120,1130.93,2.61794,True,1.67398e-13,ok
Ek1e-4,0.0001,50.0,1,3.95068,-1.0712,True,5.19506e-13,ok
Ek1e-4,0.0001,50.0,2,3.39242,-1.72792,True,3.35377e-11,ok
Ek1e-4,0.0001,50.0,3,3.13527,-2.18085,True,5.4558e-11,ok
Ek1e-4,0.0001,50.0,4,2.98742,-2.48647,True,6.86087e-11,ok
Ek1e-4,0.0001,50.0,5,2.90111,-2.6777,True,5.35439e-11,ok
Ek1e-4,0.0001,50.0,6,2.85627,-2.77459,True,1.20065e-12,ok
Ek1e-4,0.0001,50.0,7,2.84202,-2.78944,True,4.94521e-13,ok
Ek1e-4,0.0001,50.0,8,2.85144,-2.72992,True,1.51097e-13,ok
Ek1e-4,0.0001,50.0,9,2.8798,-2.60128,True,3.13326e-15,ok
Ek1e-4,0.0001,50.0,10,2.92378,-2.40797,True,4.37545e-15,ok
Ek1e-4,0.0001,50.0,11,2.98111,-2.15501,True,8.76515e-15,ok
Ek1e-4,0.0001,50.0,12,3.05048,-1.84898,True,2.27732e-15,ok
Ek1e-4,0.0001,50.0,13,3.13148,-1.49855,True,2.49318e-15,ok
Ek1e-4,0.0001,50.0,14,3.22457,-1.11443,True,4.82596e-15,ok
Ek1e-4,0.0001,50.0,15,3.33098,-0.708394,True,3.67708e-15,ok
Ek1e-4,0.0001,50.0,16,3.45251,-0.291962,True,1.5142e-15,ok
Ek1e-4,0.0001,50.0,17,3.59124,0.124722,True,2.45928e-15,ok
Ek1e-4,0.0001,50.0,18,3.74926,0.533358,True,5.05321e-15,ok
Ek1e-4,0.0001,50.0,19,3.92856,0.927401,True,5.92021e-15,ok
Ek1e-4,0.0001,50.0,20,4.13107,1.30177,True,9.40698e-16,ok
Ek1e-4,0.0001,50.0,21,4.35863,1.65258,True,1.81923e-15,ok
Ek1e-4,0.0001,50.0,22,4.6131,1.97698,True,5.20708e-15,ok
Ek1e-4,0.0001,50.0,23,4.8964,2.27301,True,1.14721e-15,ok
Ek1e-4,0.0001,50.0,24,5.21051,2.53962,True,8.95072e-15,ok
Ek1e-4,0.0001,50.0,25,5.55752,2.77651,True,7.2749e-15,ok
Ek1e-4,0.0001,50.0,30,7.86457,3.54742,True,4.88995e-15,ok
Ek1e-4,0.0001,50.0,35,11.3456,3.79712,True,1.04048e-14,ok
Ek1e-4,0.0001,50.0,40,16.3203,3.76211,True,1.17851e-14,ok
Ek1e-4,0.0001,50.0,45,23.1311,3.60045,True,2.59057e-14,ok
Ek1e-4,0.0001,50.0,50,32.1502,3.39449,True,1.98285e-14,ok
Ek1e-4,0.0001,50.0,55,43.7827,3.18225,True,3.0918e-14,ok
Ek1e-4,0.0001,50.0,60,58.4685,2.97976,True,8.87188e-15,ok
Ek1e-4,0.0001,50.0,65,76.6817,2.79285,True,4.28658e-14,ok
Ek1e-4,0.0001,50.0,70,98.9304,2.62283,True,4.31518e-14,ok
Ek1e-4,0.0001,50.0,75,125.756,2.46908,True,5.44848e-14,ok
Ek1e-4,0.0001,50.0,80,157.733,2.33025,True,1.98942e-14,ok
Ek1e-4,0.0001,50.0,85,195.467,2.20479,True,6.98897e-14,ok
Ek1e-4,0.0001,50.0,90,239.598,2.09118,True,1.23319e-13,ok
Ek1e-4,0.0001,50.0,95,290.797,1.98804,True,6.31864e-14,ok
Ek1e-4,0.0001,50.0,100,349.768,1.89412,True,1.653e-13,ok
Ek1e-4,0.0001,50.0,105,417.246,1.80833,True,5.91772e-14,ok
Ek1e-4,0.0001,50.0,110,493.998,1.72973,True,8.80264e-14,ok
Ek1e-4,0.0001,50.0,115,580.824,1.6575,True,7.44227e-14,ok
Ek1e-4,0.0001,50.0,120,678.556,1.59092,True,4.86131e-14,ok
Ek1e-4,0.0001,70.0,1,2.82532,-0.765582,True,8.35322e-13,ok
Ek1e-4,0.0001,70.0,2,2.42717,-1.23511,True,7.51376e-11,ok
Ek1e-4,0.0001,70.0,3,2.24361,-1.55884,True,1.66428e-11,ok
Ek1e-4,0.0001,70.0,4,2.13789,-1.77716,True,3.66427e-11,ok
Ek1e-4,0.0001,70.0,5,2.07601,-1.91362,True,4.15597e-11,ok
Ek1e-4,0.0001,70.0,6,2.04368,-1.9826,True,2.39544e-12,ok
Ek1e-4,0.0001,70.0,7,2.03315,-1.99293,True,1.29155e-13,ok
Ek1e-4,0.0001,70.0,8,2.03952,-1.95013,True,7.69754e-15,ok
Ek1e-4,0.0001,70.0,9,2.05939,-1.85798,True,6.93088e-15,ok
Ek1e-4,0.0001,70.0,10,2.09041,-1.7197,True,1.84721e-15,ok
Ek1e-4,0.0001,70.0,11,2.13096,-1.5389,True,2.10339e-15,ok
Ek1e-4,0.0001,70.0,12,2.18014,-1.32027,True,0.0,ok
Ek1e-4,0.0001,70.0,13,2.23764,-1.07002,True,8.89795e-15,ok
Ek1e-4,0.0001,70.0,14,2.30382,-0.795763,True,5.34308e-15,ok
Ek1e-4,0.0001,70.0,15,2.37957,-0.505873,True,1.18192e-14,ok
Ek1e-4,0.0001,70.0,16,2.46619,-0.208523,True,3.9778e-15,ok
Ek1e-4,0.0001,70.0,17,2.56513,0.0890943,True,3.58149e-15,ok
Ek1e-4,0.0001,70.0,18,2.67791,0.381083,True,5.54637e-15,ok
Ek1e-4,0.0001,70.0,19,2.80594,0.662789,True,1.21927e-14,ok
Ek1e-4,0.0001,70.0,20,2.95058,0.930582,True,5.9609e-15,ok
Ek1e-4,0.0001,70.0,21,3.11314,1.18168,True,4.34077e-15,ok
Ek1e-4,0.0001,70.0,22,3.29495,1.41402,True,4.43965e-15,ok
Ek1e-4,0.0001,70.0,23,3.49736,1.62619,True,6.75272e-15,ok
Ek1e-4,0.0001,70.0,24,3.7218,1.8174,True,4.4004e-15,ok
Ek1e-4,0.0001,70.0,25,3.96975,1.98742,True,0.0,ok
Ek1e-4,0.0001,70.0,30,5.618,2.542,True,0.0,ok
Ek1e-4,0.0001,70.0,35,8.10467,2.72299,True,3.29277e-15,ok
Ek1e-4,0.0001,70.0,40,11.658,2.69922,True,1.86043e-14,ok
Ek1e-4,0.0001,70.0,45,16.5229,2.58405,True,1.29732e-14,ok
Ek1e-4,0.0001,70.0,50,22.965,2.43673,True,6.26253e-15,ok
Ek1e-4,0.0001,70.0,55,31.2739,2.2847,True,1.13006e-14,ok
Ek1e-4,0.0001,70.0,60,41.7636,2.13953,True,4.19277e-14,ok
Ek1e-4,0.0001,70.0,65,54.773,2.00547,True,4.01868e-15,ok
Ek1e-4,0.0001,70.0,70,70.6649,1.88348,True,8.6647e-15,ok
Ek1e-4,0.0001,70.0,75,89.826,1.77314,True,2.65282e-14,ok
Ek1e-4,0.0001,70.0,80,112.666,1.67349,True,7.52439e-14,ok
Ek1e-4,0.0001,70.0,85,139.619,1.58343,True,5.09399e-14,ok
Ek1e-4,0.0001,70.0,90,171.142,1.50187,True,5.53435e-14,ok
Ek1e-4,0.0001,70.0,95,207.713,1.42782,True,2.80657e-14,ok
Ek1e-4,0.0001,70.0,100,249.835,1.36038,True,3.16411e-14,ok
Ek1e-4,0.0001,70.0,105,298.033,1.29878,True,1.04874e-13,ok
Ek1e-4,0.0001,70.0,110,352.856,1.24234,True,2.82731e-14,ok
Ek1e-4,0.0001,70.0,115,414.874,1.19047,True,8.19751e-14,ok
Ek1e-4,0.0001,70.0,120,484.683,1.14266,True,1.32201e-13,ok
Ek1e-4,0.0001,100.0,1,1.97952,-0.536138,True,2.75478e-13,ok
Ek1e-4,0.0001,100.0,2,1.70113,-0.86504,True,2.05256e-11,ok
Ek1e-4,0.0001,100.0,3,1.5727,-1.09176,True,1.47145e-11,ok
Ek1e-4,0.0001,100.0,4,1.49864,-1.24459,True,3.54082e-11,ok
Ek1e-4,0.0001,100.0,5,1.4552,-1.34005,True,3.06263e-12,ok
Ek1e-4,0.0001,100.0,6,1.43241,-1.38821,True,3.74832e-12,ok
Ek1e-4,0.0001,100.0,7,1.42486,-1.39529,True,1.00399e-13,ok
Ek1e-4,0.0001,100.0,8,1.42912,-1.36518,True,9.14846e-15,ok
Ek1e-4,0.0001,100.0,9,1.44283,-1.30055,True,3.22764e-15,ok
Ek1e-4,0.0001,100.0,10,1.46433,-1.20365,True,6.50495e-15,ok
Ek1e-4,0.0001,100.0,11,1.49252,-1.07702,True,2.06051e-15,ok
Ek1e-4,0.0001,100.0,12,1.52674,-0.923958,True,7.20325e-15,ok
Ek1e-4,0.0001,100.0,13,1.56681,-0.748814,True,1.36956e-15,ok
Ek1e-4,0.0001,100.0,14,1.61297,-0.556898,True,3.92524e-15,ok
Ek1e-4,0.0001,100.0,15,1.66586,-0.354047,True,2.83898e-15,ok
Ek1e-4,0.0001,100.0,16,1.72639,-0.145954,True,8.77914e-15,ok
Ek1e-4,0.0001,100.0,17,1.79557,0.0623697,True,1.49256e-15,ok
Ek1e-4,0.0001,100.0,18,1.87447,0.266818,True,4.20487e-15,ok
Ek1e-4,0.0001,100.0,19,1.96407,0.464141,True,4.68777e-15,ok
Ek1e-4,0.0001,100.0,20,2.06531,0.6518,True,6.32039e-15,ok
Ek1e-4,0.0001,100.0,21,2.17911,0.827839,True,6.08684e-15,ok
Ek1e-4,0.0001,100.0,22,2.3064,0.990805,True,2.61576e-15,ok
Ek1e-4,0.0001,100.0,23,2.44812,1.1397,True,3.31682e-15,ok
Ek1e-4,0.0001,100.0,24,2.60527,1.27396,True,3.06318e-15,ok
Ek1e-4,0.0001,100.0,25,2.77887,1.39341,True,3.2334e-15,ok
Ek1e-4,0.0001,100.0,30,3.93283,1.78368,True,7.06442e-15,ok
Ek1e-4,0.0001,100.0,35,5.67361,1.91178,True,6.69529e-15,ok
Ek1e-4,0.0001,100.0,40,8.16096,1.8958,True,1.55618e-14,ok
Ek1e-4,0.0001,100.0,45,11.5663,1.81534,True,8.41502e-15,ok
Ek1e-4,0.0001,100.0,50,16.0758,1.71212,True,1.46451e-14,ok
Ek1e-4,0.0001,100.0,55,21.892,1.60547,True,2.57547e-15,ok
Ek1e-4,0.0001,100.0,60,29.2348,1.50357,True,4.26683e-15,ok
Ek1e-4,0.0001,100.0,65,38.3413,1.40943,True,1.12478e-14,ok
Ek1e-4,0.0001,100.0,70,49.4656,1.32375,True,9.14364e-15,ok
Ek1e-4,0.0001,100.0,75,62.8784,1.24624,True,2.82784e-14,ok
Ek1e-4,0.0001,100.0,80,78.8666,1.17623,True,5.06881e-14,ok
Ek1e-4,0.0001,100.0,85,97.7338,1.11295,True,2.86037e-14,ok
Ek1e-4,0.0001,100.0,90,119.799,1.05564,True,4.57764e-14,ok
Ek1e-4,0.0001,100.0,95,145.399,1.0036,True,5.66942e-14,ok
Ek1e-4,0.0001,100.0,100,174.884,0.956207,True,2.92352e-14,ok
Ek1e-4,0.0001,100.0,105,208.623,0.912916,True,4.12673e-14,ok
Ek1e-4,0.0001,100.0,110,246.999,0.873249,True,5.67232e-14,ok
Ek1e-4,0.0001,100.0,115,290.412,0.836793,True,2.13008e-14,ok
Ek1e-4,0.0001,100.0,120,339.278,0.803191,True,4.98495e-10,ok
Ek1.7e-4,0.00017,0.01,1,1670.9,0.0,True,0.0,ok
Ek1.7e-4,0.00017,0.01,2,2114.3,-532.238,True,5.74668e-09,ok
Ek1.7e-4,0.00017,0.01,3,2406.22000674335,-562.7569996869158,True,7.59399e-07,ok
Ek1.7e-4,0.00017,0.01,4,2874.469999875523,-554.1950000057708,True,1.37264e-08,ok
Ek1.7e-4,0.00017,0.01,5,3456.640000166211,-528.8749999926129,True,1.62791e-08,ok
Ek1.7e-4,0.00017,0.01,6,4147.160370534097,-496.3439845610793,True,3.46727e-05,ok
Ek1.7e-4,0.00017,0.01,7,4962.769886341319,-460.0980043372261,True,9.20867e-06,ok
Ek1.7e-4,0.00017,0.01,8,5930.580068937848,-420.4759973364922,True,4.86954e-06,ok
Ek1.7e-4,0.00017,0.01,9,7083.420000597774,-376.058999976089,True,3.69219e-08,ok
Ek1.7e-4,0.00017,0.01,10,8461.01,-323.997,True,1.32451e-09,ok
Ek1.7e-4,0.00017,0.01,11,9816.608699526194,1065.9900772558697,True,8.52086e-05,ok
Ek1.7e-4,0.00017,0.01,12,11306.600022366105,949.1469986210504,True,1.35955e-06,ok
Ek1.7e-4,0.00017,0.01,13,12993.999531367004,825.8940314145706,True,2.71005e-05,ok
Ek1.7e-4,0.00017,0.01,14,14803.999999672184,691.6540000278642,True,2.07425e-08,ok
Ek1.7e-4,0.00017,0.01,15,16520.39989641643,552.9350104966426,True,8.39846e-06,ok
Ek1.7e-4,0.00017,0.03,1,1032.0100004188805,-336.945999964096,True,7.50183e-08,ok
Ek1.7e-4,0.00017,0.03,2,875.4290029318761,-454.6559995882196,True,7.66858e-07,ok
Ek1.7e-4,0.00017,0.03,3,928.3089999042694,-492.2290000146547,True,2.79266e-08,ok
Ek1.7e-4,0.00017,0.03,4,1054.219999936602,-494.6050000090364,True,1.83876e-08,ok
Ek1.7e-4,0.00017,0.03,5,1228.0399735303106,-480.1120034143578,True,7.24817e-06,ok
Ek1.7e-4,0.00017,0.03,6,1445.9899634201938,-456.7680042992325,True,9.1132e-06,ok
Ek1.7e-4,0.00017,0.03,7,1711.9799983884309,-427.6550001793052,True,3.58066e-07,ok
Ek1.7e-4,0.00017,0.03,8,2033.360003447556,-393.29499960883504,True,6.72311e-07,ok
Ek1.7e-4,0.00017,0.03,9,2419.619999796781,-352.6630000230738,True,3.51718e-08,ok
Ek1.7e-4,0.00017,0.03,10,2882.76,-303.284,True,9.54939e-10,ok
Ek1.7e-4,0.00017,0.03,11,3440.03,-240.213,True,4.9223e-11,ok
Ek1.7e-4,0.00017,0.03,12,4007.869971210092,865.5430055660488,True,4.55676e-06,ok
Ek1.7e-4,0.00017,0.03,13,4575.630044909004,740.7959889432688,True,7.36293e-06,ok
Ek1.7e-4,0.00017,0.03,14,5162.29119604162,601.077650785379,True,0.000220781,ok
Ek1.7e-4,0.00017,0.03,15,5656.519991182839,468.6340032156709,True,2.77366e-06,ok
Ek1.7e-4,0.00017,0.05,1,788.8030002642721,-284.8959999735728,True,6.66464e-08,ok
Ek1.7e-4,0.00017,0.05,2,649.6969372042529,-389.8240127092658,True,2.57725e-05,ok
Ek1.7e-4,0.00017,0.05,3,647.9520802871573,-431.4009839425685,True,3.63799e-05,ok
Ek1.7e-4,0.00017,0.05,4,699.981850754588,-442.8040321122888,True,6.68167e-05,ok
Ek1.7e-4,0.00017,0.05,5,788.9669540824535,-437.5140089774536,True,1.89795e-05,ok
Ek1.7e-4,0.00017,0.05,6,910.6439988769176,-421.8660002066072,True,4.24041e-07,ok
Ek1.7e-4,0.00017,0.05,7,1065.5400059828553,-398.6689989031432,True,2.02673e-06,ok
Ek1.7e-4,0.00017,0.05,8,1256.63000009616,-368.68999998285847,True,2.82313e-08,ok
Ek1.7e-4,0.00017,0.05,9,1488.590000064174,-331.2569999880208,True,1.67777e-08,ok
Ek1.7e-4,0.00017,0.05,10,1767.75,-284.218,True,5.30534e-10,ok
Ek1.7e-4,0.00017,0.05,11,2103.34,-222.939,True,1.06265e-11,ok
Ek1.7e-4,0.00017,0.05,12,2513.2,-135.72,True,2.70008e-12,ok
Ek1.7e-4,0.00017,0.05,13,2919.8800004640434,643.5279997747805,True,1.17894e-07,ok
Ek1.7e-4,0.00017,0.05,14,3239.9599811350213,495.5600188649788,True,1.03288e-05,ok
Ek1.7e-4,0.00017,0.05,15,3459.6799999294976,387.5090000491447,True,4.6666e-08,ok
Ek1.7e-4,0.00017,0.07,1,677.429,-245.256,True,4.58527e-09,ok
Ek1.7e-4,0.00017,0.07,2,548.6389964777443,-337.4070011740852,True,1.54904e-06,ok
Ek1.7e-4,0.00017,0.07,3,526.196007025277,-380.7199984837532,True,4.11809e-06,ok
Ek1.7e-4,0.00017,0.07,4,548.2799960781285,-398.90900093482753,True,2.27058e-06,ok
Ek1.7e-4,0.00017,0.07,5,601.8549803317019,-400.8100196682981,True,1.37535e-05,ok
Ek1.7e-4,0.00017,0.07,6,682.631002155548,-391.2409994945211,True,1.03715e-06,ok
Ek1.7e-4,0.00017,0.07,7,789.8610006147703,-372.7859998549257,True,2.66443e-07,ok
Ek1.7e-4,0.00017,0.07,8,924.8250002925364,-346.3959999290382,True,1.13796e-07,ok
Ek1.7e-4,0.00017,0.07,9,1090.19,-311.655,True,3.823e-09,ok
Ek1.7e-4,0.00017,0.07,10,1289.87,-266.67,True,2.49561e-10,ok
Ek1.7e-4,0.00017,0.07,11,1529.52,-207.113,True,5.20889e-13,ok
Ek1.7e-4,0.00017,0.07,12,1819.13,-122.234,True,9.33074e-13,ok
Ek1.7e-4,0.00017,0.07,13,2198.62,41.2174,True,2.30462e-12,ok
Ek1.7e-4,0.00017,0.07,14,2398.85,368.027,True,3.22826e-09,ok
Ek1.7e-4,0.00017,0.07,15,2495.749999992125,318.4680000051352,True,1.24534e-08,ok
Ek1.7e-4,0.00017,0.1,1,575.138,-202.582,True,3.69074e-09,ok
Ek1.7e-4,0.00017,0.1,2,456.3109999100109,-279.46500000201536,True,5.8235e-08,ok
Ek1.7e-4,0.00017,0.1,3,425.0190004511031,-322.599,True,1.44401e-07,ok
Ek1.7e-4,0.00017,0.1,4,430.0860018845618,-346.5819995933314,True,1.35176e-06,ok
Ek1.7e-4,0.00017,0.1,5,460.1920012132304,-355.4569996821569,True,8.14449e-07,ok
Ek1.7e-4,0.00017,0.1,6,511.7109993638824,-352.22200018239226,True,3.92805e-07,ok
Ek1.7e-4,0.00017,0.1,7,583.6580000471756,-338.98899998581743,True,2.63895e-08,ok
Ek1.7e-4,0.00017,0.1,8,676.4540000775695,-316.74199997523385,True,3.94369e-08,ok
Ek1.7e-4,0.00017,0.1,9,791.479,-285.266,True,3.64633e-10,ok
Ek1.7e-4,0.00017,0.1,10,930.876,-242.938,True,5.3264e-11,ok
Ek1.7e-4,0.00017,0.1,11,1097.53,-185.892,True,2.09806e-13,ok
Ek1.7e-4,0.00017,0.1,12,1295.15,-105.083,True,7.27905e-13,ok
Ek1.7e-4,0.00017,0.1,13,1525.69,27.1067,True,1.30522e-12,ok
Ek1.7e-4,0.00017,0.1,14,1688.4,206.628,True,7.88781e-12,ok
Ek1.7e-4,0.00017,0.1,15,1752.35,245.043,True,4.28371e-11,ok
Ek1.7e-4,0.00017,0.2,1,400.829,-130.932,True,5.79309e-11,ok
Ek1.7e-4,0.00017,0.2,2,306.214,-184.962,True,5.59909e-09,ok
Ek1.7e-4,0.00017,0.2,3,278.287,-220.831,True,9.51977e-10,ok
Ek1.7e-4,0.00017,0.2,4,274.86599998547484,-245.25100000128668,True,1.34273e-08,ok
Ek1.7e-4,0.00017,0.2,5,285.499,-259.241,True,9.60681e-10,ok
Ek1.7e-4,0.00017,0.2,6,307.473,-263.223,True,1.53408e-09,ok
Ek1.7e-4,0.00017,0.2,7,340.338,-257.603,True,1.21662e-09,ok
Ek1.7e-4,0.00017,0.2,8,384.291,-242.576,True,5.22859e-10,ok
Ek1.7e-4,0.00017,0.2,9,439.69,-217.802,True,1.75487e-11,ok
Ek1.7e-4,0.00017,0.2,10,506.766,-182.117,True,4.31511e-13,ok
Ek1.7e-4,0.00017,0.2,11,585.057,-133.236,True,7.69861e-14,ok
Ek1.7e-4,0.00017,0.2,12,671.66,-67.9003,True,1.1117e-12,ok
Ek1.7e-4,0.00017,0.2,13,756.219,13.5312,True,3.06358e-11,ok
Ek1.7e-4,0.00017,0.2,14,820.625,90.6327,True,3.16339e-12,ok
Ek1.7e-4,0.00017,0.2,15,867.349,139.537,True,5.48863e-12,ok
Ek1.7e-4,0.00017,0.3,1,316.3,-98.328,True,3.95819e-12,ok
Ek1.7e-4,0.00017,0.3,2,241.632,-142.385,True,2.06783e-10,ok
Ek1.7e-4,0.00017,0.3,3,218.457,-172.081,True,6.45571e-11,ok
Ek1.7e-4,0.00017,0.3,4,213.989,-192.583,True,1.06981e-09,ok
Ek1.7e-4,0.00017,0.3,5,219.788,-204.947,True,1.44307e-10,ok
Ek1.7e-4,0.00017,0.3,6,233.332,-209.3,True,5.23341e-10,ok
Ek1.7e-4,0.00017,0.3,7,254.03,-205.514,True,4.75693e-11,ok
Ek1.7e-4,0.00017,0.3,8,281.883,-193.338,True,1.52381e-12,ok
Ek1.7e-4,0.00017,0.3,9,316.916,-172.296,True,3.86225e-13,ok
Ek1.7e-4,0.00017,0.3,10,358.801,-141.597,True,4.52147e-13,ok
Ek1.7e-4,0.00017,0.3,11,406.3,-100.304,True,3.66512e-13,ok
Ek1.7e-4,0.00017,0.3,12,456.225,-48.5079,True,2.0001e-12,ok
Ek1.7e-4,0.00017,0.3,13,502.691,9.13452,True,3.76335e-13,ok
Ek1.7e-4,0.00017,0.3,14,540.948,61.2657,True,6.25081e-13,ok
Ek1.7e-4,0.00017,0.3,15,573.483,99.5258,True,8.24789e-13,ok
Ek1.7e-4,0.00017,0.4,1,263.671,-79.0149,True,3.89898e-13,ok
Ek1.7e-4,0.00017,0.4,2,203.355,-116.447,True,1.68711e-10,ok
Ek1.7e-4,0.00017,0.4,3,183.802,-141.654,True,1.62626e-10,ok
Ek1.7e-4,0.00017,0.4,4,179.197,-158.94,True,1.48788e-10,ok
Ek1.7e-4,0.00017,0.4,5,182.743,-169.343,True,1.71004e-11,ok
Ek1.7e-4,0.00017,0.4,6,192.214,-172.988,True,3.12116e-11,ok
Ek1.7e-4,0.00017,0.4,7,206.932,-169.656,True,5.59222e-12,ok
Ek1.7e-4,0.00017,0.4,8,226.729,-158.997,True,9.20937e-13,ok
Ek1.7e-4,0.00017,0.4,9,251.442,-140.583,True,3.42843e-14,ok
Ek1.7e-4,0.00017,0.4,10,280.56,-113.971,True,4.50663e-13,ok
Ek1.7e-4,0.00017,0.4,11,312.822,-79.0854,True,0.0,ok
Ek1.7e-4,0.00017,0.4,12,345.827,-37.2974,True,1.40446e-12,ok
Ek1.7e-4,0.00017,0.4,13,376.463,6.91092,True,4.77227e-13,ok
Ek1.7e-4,0.00017,0.4,14,403.24,46.7481,True,1.28137e-12,ok
Ek1.7e-4,0.00017,0.4,15,427.805,77.9315,True,3.16066e-13,ok
Ek1.7e-4,0.00017,0.5,1,226.742,-66.0817,True,7.65092e-13,ok
Ek1.7e-4,0.00017,0.5,2,176.756,-98.6046,True,3.21926e-10,ok
Ek1.7e-4,0.00017,0.5,3,159.995,-120.426,True,2.02079e-11,ok
Ek1.7e-4,0.00017,0.5,4,155.553,-135.235,True,3.65556e-11,ok
Ek1.7e-4,0.00017,0.5,5,157.833,-144.008,True,1.63508e-11,ok
Ek1.7e-4,0.00017,0.5,6,164.891,-146.895,True,2.24594e-13,ok
Ek1.7e-4,0.00017,0.5,7,176.038,-143.697,True,3.76108e-13,ok
Ek1.7e-4,0.00017,0.5,8,191.012,-134.091,True,4.83462e-13,ok
Ek1.7e-4,0.00017,0.5,9,209.561,-117.754,True,2.16482e-13,ok
Ek1.7e-4,0.00017,0.5,10,231.146,-94.512,True,1.54955e-13,ok
Ek1.7e-4,0.00017,0.5,11,254.694,-64.7432,True,8.72569e-14,ok
Ek1.7e-4,0.00017,0.5,12,278.52,-30.1568,True,2.90281e-13,ok
Ek1.7e-4,0.00017,0.5,13,300.9,5.56232,True,9.10266e-14,ok
Ek1.7e-4,0.00017,0.5,14,321.344,37.9246,True,1.2974e-13,ok
Ek1.7e-4,0.00017,0.5,15,340.973,64.2399,True,6.44291e-14,ok
Ek1.7e-4,0.00017,0.6,1,199.088,-56.7823,True,3.18809e-13,ok
Ek1.7e-4,0.00017,0.6,2,156.724,-85.4969,True,1.57918e-11,ok
Ek1.7e-4,0.00017,0.6,3,142.142,-104.684,True,1.13255e-11,ok
Ek1.7e-4,0.00017,0.6,4,137.957,-117.567,True,8.33209e-12,ok
Ek1.7e-4,0.00017,0.6,5,139.452,-125.053,True,3.21466e-12,ok
Ek1.7e-4,0.00017,0.6,6,144.927,-127.312,True,2.3337e-12,ok
Ek1.7e-4,0.00017,0.6,7,153.714,-124.189,True,1.33772e-13,ok
Ek1.7e-4,0.00017,0.6,8,165.512,-115.424,True,1.04001e-13,ok
Ek1.7e-4,0.00017,0.6,9,180.034,-100.798,True,4.58259e-13,ok
Ek1.7e-4,0.00017,0.6,10,196.779,-80.3183,True,0.0,ok
Ek1.7e-4,0.00017,0.6,11,214.882,-54.5735,True,2.06659e-14,ok
Ek1.7e-4,0.00017,0.6,12,233.16,-25.2577,True,1.81494e-13,ok
Ek1.7e-4,0.00017,0.6,13,250.598,4.65566,True,3.80818e-13,ok
Ek1.7e-4,0.00017,0.6,14,267.068,31.952,True,5.77356e-13,ok
Ek1.7e-4,0.00017,0.6,15,283.372,54.7251,True,3.63665e-13,ok
Ek1.7e-4,0.00017,0.7,1,177.505,-49.7679,True,9.88228e-14,ok
Ek1.7e-4,0.00017,0.7,2,140.922,-75.4428,True,5.23932e-11,ok
Ek1.7e-4,0.00017,0.7,3,128.065,-92.5314,True,3.41912e-11,ok
Ek1.7e-4,0.00017,0.7,4,124.151,-103.889,True,1.87226e-14,ok
Ek1.7e-4,0.00017,0.7,5,125.13,-110.36,True,4.17271e-12,ok
Ek1.7e-4,0.00017,0.7,6,129.498,-112.129,True,8.17889e-13,ok
Ek1.7e-4,0.00017,0.7,7,136.628,-109.086,True,1.34178e-13,ok
Ek1.7e-4,0.00017,0.7,8,146.205,-101.034,True,2.30202e-13,ok
Ek1.7e-4,0.00017,0.7,9,157.94,-87.8393,True,5.35387e-14,ok
Ek1.7e-4,0.00017,0.7,10,171.389,-69.6225,True,1.26131e-13,ok
Ek1.7e-4,0.00017,0.7,11,185.86,-47.0556,True,8.45038e-14,ok
Ek1.7e-4,0.00017,0.7,12,200.508,-21.7045,True,1.73247e-13,ok
Ek1.7e-4,0.00017,0.7,13,214.705,4.00381,True,4.10676e-13,ok
Ek1.7e-4,0.00017,0.7,14,228.463,27.6264,True,3.65417e-13,ok
Ek1.7e-4,0.00017,0.7,15,242.386,47.706,True,1.26336e-13,ok
Ek1.7e-4,0.00017,0.8,1,160.158,-44.2881,True,6.73706e-13,ok
Ek1.7e-4,0.00017,0.8,2,128.071,-67.4848,True,3.07925e-11,ok
Ek1.7e-4,0.00017,0.8,3,116.602,-82.8671,True,5.26418e-11,ok
Ek1.7e-4,0.00017,0.8,4,112.946,-92.9958,True,2.89919e-11,ok
Ek1.7e-4,0.00017,0.8,5,113.569,-98.6589,True,4.81224e-13,ok
Ek1.7e-4,0.00017,0.8,6,117.131,-100.051,True,1.84069e-12,ok
Ek1.7e-4,0.00017,0.8,7,123.047,-97.1019,True,7.36034e-14,ok
Ek1.7e-4,0.00017,0.8,8,131.004,-89.667,True,1.25527e-13,ok
Ek1.7e-4,0.00017,0.8,9,140.727,-77.6795,True,2.19817e-13,ok
Ek1.7e-4,0.00017,0.8,10,151.827,-61.3281,True,2.54457e-13,ok
Ek1.7e-4,0.00017,0.8,11,163.751,-41.3022,True,2.95922e-14,ok
Ek1.7e-4,0.00017,0.8,12,175.878,-19.0162,True,5.06861e-13,ok
Ek1.7e-4,0.00017,0.8,13,187.805,3.5124,True,4.56103e-13,ok
Ek1.7e-4,0.00017,0.8,14,199.601,24.3433,True,1.97374e-13,ok
Ek1.7e-4,0.00017,0.8,15,211.742,42.3042,True,2.98036e-13,ok
Ek1.7e-4,0.00017,1.0,1,133.97,-36.282,True,8.82598e-13,ok
Ek1.7e-4,0.00017,1.0,2,108.354,-55.6922,True,2.33493e-11,ok
Ek1.7e-4,0.00017,1.0,3,98.9593,-68.4806,True,4.0919e-11,ok
Ek1.7e-4,0.00017,1.0,4,95.7531,-76.7682,True,7.85919e-13,ok
Ek1.7e-4,0.00017,1.0,5,95.9399,-81.248,True,6.75627e-13,ok
Ek1.7e-4,0.00017,1.0,6,98.4284,-82.1249,True,1.22848e-13,ok
Ek1.7e-4,0.00017,1.0,7,102.713,-79.3863,True,8.74604e-14,ok
Ek1.7e-4,0.00017,1.0,8,108.51,-72.9664,True,1.1083e-13,ok
Ek1.7e-4,0.00017,1.0,9,115.577,-62.8828,True,1.85207e-13,ok
Ek1.7e-4,0.00017,1.0,10,123.623,-49.3845,True,1.52305e-13,ok
Ek1.7e-4,0.00017,1.0,11,132.279,-33.1189,True,1.90275e-13,ok
Ek1.7e-4,0.00017,1.0,12,141.191,-15.2273,True,9.97529e-14,ok
Ek1.7e-4,0.00017,1.0,13,150.174,2.82051,True,2.37143e-13,ok
Ek1.7e-4,0.00017,1.0,14,159.333,19.6817,True,4.13938e-13,ok
Ek1.7e-4,0.00017,1.0,15,168.985,34.5206,True,1.40571e-13,ok
Ek1.7e-4,0.00017,1.2,1,115.128,-30.7178,True,2.29766e-12,ok
Ek1.7e-4,0.00017,1.2,2,93.901,-47.3813,True,3.85285e-11,ok
Ek1.7e-4,0.00017,1.2,3,85.9672,-58.3014,True,4.94963e-11,ok
Ek1.7e-4,0.00017,1.2,4,83.1238,-65.2874,True,3.57082e-12,ok
Ek1.7e-4,0.00017,1.2,5,83.0722,-68.9579,True,1.11773e-12,ok
Ek1.7e-4,0.00017,1.2,6,84.8984,-69.5193,True,4.61109e-13,ok
Ek1.7e-4,0.00017,1.2,7,88.165,-66.9948,True,2.18007e-13,ok
Ek1.7e-4,0.00017,1.2,8,92.6192,-61.3677,True,1.30659e-14,ok
Ek1.7e-4,0.00017,1.2,9,98.0567,-52.6997,True,0.0,ok
Ek1.7e-4,0.00017,1.2,10,104.252,-41.2523,True,1.77124e-14,ok
Ek1.7e-4,0.00017,1.2,11,110.951,-27.6042,True,2.16782e-13,ok
Ek1.7e-4,0.00017,1.2,12,117.931,-12.69,True,1.16211e-13,ok
Ek1.7e-4,0.00017,1.2,13,125.106,2.35655,True,4.4083e-13,ok
Ek1.7e-4,0.00017,1.2,14,132.579,16.5259,True,1.98981e-13,ok
Ek1.7e-4,0.00017,1.2,15,140.583,29.1726,True,5.90526e-14,ok
Ek1.7e-4,0.00017,1.4,1,100.921,-26.6283,True,1.12188e-12,ok
Ek1.7e-4,0.00017,1.4,2,82.8414,-41.2144,True,3.06597e-12,ok
Ek1.7e-4,0.00017,1.4,3,75.9852,-50.7308,True,3.57889e-11,ok
Ek1.7e-4,0.00017,1.4,4,73.435,-56.7549,True,1.76921e-12,ok
Ek1.7e-4,0.00017,1.4,5,73.2465,-59.8457,True,8.42725e-13,ok
Ek1.7e-4,0.00017,1.4,6,74.6368,-60.2059,True,6.28794e-15,ok
Ek1.7e-4,0.00017,1.4,7,77.2238,-57.8811,True,7.55522e-14,ok
Ek1.7e-4,0.00017,1.4,8,80.7841,-52.8844,True,4.85161e-15,ok
Ek1.7e-4,0.00017,1.4,9,85.1436,-45.3001,True,2.13589e-14,ok
Ek1.7e-4,0.00017,1.4,10,90.1244,-35.3835,True,3.47497e-14,ok
Ek1.7e-4,0.00017,1.4,11,95.5417,-23.6476,True,1.08649e-13,ok
Ek1.7e-4,0.00017,1.4,12,101.25,-10.8744,True,6.72842e-14,ok
Ek1.7e-4,0.00017,1.4,13,107.21,2.02376,True,1.65057e-13,ok
Ek1.7e-4,0.00017,1.4,14,113.516,14.2456,True,3.18245e-13,ok
Ek1.7e-4,0.00017,1.4,15,120.348,25.2667,True,8.85969e-15,ok
Ek1.7e-4,0.00017,1.6,1,89.8272,-23.497,True,7.75473e-13,ok
Ek1.7e-4,0.00017,1.6,2,74.1046,-36.4598,True,2.46795e-11,ok
Ek1.7e-4,0.00017,1.6,3,68.073,-44.8859,True,1.91185e-11,ok
Ek1.7e-4,0.00017,1.6,4,65.7629,-50.1735,True,8.33717e-12,ok
Ek1.7e-4,0.00017,1.6,5,65.4936,-52.8326,True,6.38024e-13,ok
Ek1.7e-4,0.00017,1.6,6,66.5828,-53.06,True,2.10006e-13,ok
Ek1.7e-4,0.00017,1.6,7,68.6929,-50.9145,True,1.8887e-13,ok
Ek1.7e-4,0.00017,1.6,8,71.6254,-46.4279,True,2.99143e-14,ok
Ek1.7e-4,0.00017,1.6,9,75.2306,-39.6951,True,3.82677e-14,ok
Ek1.7e-4,0.00017,1.6,10,79.3648,-30.9589,True,7.64817e-14,ok
Ek1.7e-4,0.00017,1.6,11,83.8887,-20.6753,True,2.43225e-13,ok
Ek1.7e-4,0.00017,1.6,12,88.7025,-9.51179,True,3.25196e-13,ok
Ek1.7e-4,0.00017,1.6,13,93.7929,1.77337,True,2.89793e-14,ok
Ek1.7e-4,0.00017,1.6,14,99.2441,12.5199,True,2.37109e-13,ok
Ek1.7e-4,0.00017,1.6,15,105.203,22.2871,True,1.1374e-13,ok
Ek1.7e-4,0.00017,1.8,1,80.926,-21.0231,True,1.50145e-12,ok
Ek1.7e-4,0.00017,1.8,2,67.0289,-32.6841,True,1.06032e-11,ok
Ek1.7e-4,0.00017,1.8,3,61.6474,-40.2402,True,7.11703e-12,ok
Ek1.7e-4,0.00017,1.8,4,59.5368,-44.9475,True,2.71773e-12,ok
Ek1.7e-4,0.00017,1.8,5,59.2197,-47.2748,True,1.23385e-12,ok
Ek1.7e-4,0.00017,1.8,6,60.0928,-47.4116,True,1.01385e-13,ok
Ek1.7e-4,0.00017,1.8,7,61.8544,-45.4249,True,3.57947e-14,ok
Ek1.7e-4,0.00017,1.8,8,64.3275,-41.3578,True,1.78031e-14,ok
Ek1.7e-4,0.00017,1.8,9,67.3814,-35.3096,True,4.75815e-14,ok
Ek1.7e-4,0.00017,1.8,10,70.8976,-27.5083,True,1.20767e-13,ok
Ek1.7e-4,0.00017,1.8,11,74.7679,-18.3626,True,2.52687e-13,ok
Ek1.7e-4,0.00017,1.8,12,78.922,-8.45187,True,1.28875e-14,ok
Ek1.7e-4,0.00017,1.8,13,83.3606,1.57814,True,2.73739e-14,ok
Ek1.7e-4,0.00017,1.8,14,88.1596,11.168,True,2.66557e-13,ok
Ek1.7e-4,0.00017,1.8,15,93.442,19.9382,True,1.15854e-13,ok
Ek1.7e-4,0.00017,2.0,1,73.6265,-19.0196,True,4.34223e-13,ok
Ek1.7e-4,0.00017,2.0,2,61.1826,-29.6141,True,1.14306e-11,ok
Ek1.7e-4,0.00017,2.0,3,56.3259,-36.4608,True,1.57385e-11,ok
Ek1.7e-4,0.00017,2.0,4,54.3835,-40.6999,True,3.48602e-12,ok
Ek1.7e-4,0.00017,2.0,5,54.0388,-42.7653,True,1.6085e-12,ok
Ek1.7e-4,0.00017,2.0,6,54.7517,-42.839,True,9.86892e-14,ok
Ek1.7e-4,0.00017,2.0,7,56.2507,-40.9922,True,5.24694e-14,ok
Ek1.7e-4,0.00017,2.0,8,58.376,-37.2752,True,1.44617e-14,ok
Ek1.7e-4,0.00017,2.0,9,61.0128,-31.7881,True,6.31046e-14,ok
Ek1.7e-4,0.00017,2.0,10,64.0612,-24.7444,True,8.4972e-15,ok
Ek1.7e-4,0.00017,2.0,11,67.4351,-16.5129,True,1.41905e-13,ok
Ek1.7e-4,0.00017,2.0,12,71.084,-7.60404,True,4.01217e-14,ok
Ek1.7e-4,0.00017,2.0,13,75.0166,1.42165,True,3.65748e-14,ok
Ek1.7e-4,0.00017,2.0,14,79.3019,10.0801,True,1.57931e-13,ok
Ek1.7e-4,0.00017,2.0,15,84.0452,18.0384,True,9.03124e-14,ok
Ek1.7e-4,0.00017,2.2,1,67.5327,-17.3641,True,5.03231e-13,ok
Ek1.7e-4,0.00017,2.2,2,56.2713,-27.0694,True,7.29714e-12,ok
Ek1.7e-4,0.00017,2.2,3,51.847,-33.327,True,1.40209e-11,ok
Ek1.7e-4,0.00017,2.2,4,50.0482,-37.181,True,1.49859e-11,ok
Ek1.7e-4,0.00017,2.2,5,49.6885,-39.0351,True,1.39309e-12,ok
Ek1.7e-4,0.00017,2.2,6,50.2798,-39.0637,True,7.1473e-14,ok
Ek1.7e-4,0.00017,2.2,7,51.5753,-37.3405,True,1.935e-14,ok
Ek1.7e-4,0.00017,2.2,8,53.4302,-33.9195,True,1.19751e-14,ok
Ek1.7e-4,0.00017,2.2,9,55.7423,-28.9001,True,5.50569e-14,ok
Ek1.7e-4,0.00017,2.2,10,58.4261,-22.482,True,1.01709e-13,ok
Ek1.7e-4,0.00017,2.2,11,61.4117,-15.0003,True,1.56132e-14,ok
Ek1.7e-4,0.00017,2.2,12,64.662,-6.91053,True,1.3785e-13,ok
Ek1.7e-4,0.00017,2.2,13,68.191,1.2934,True,1.18865e-14,ok
Ek1.7e-4,0.00017,2.2,14,72.0615,9.18562,True,9.13339e-14,ok
Ek1.7e-4,0.00017,2.2,15,76.3651,16.47,True,1.27992e-13,ok
Ek1.7e-4,0.00017,2.4,1,62.369,-15.9733,True,3.17962e-13,ok
Ek1.7e-4,0.00017,2.4,2,52.0879,-24.9262,True,2.21195e-12,ok
Ek1.7e-4,0.00017,2.4,3,48.0257,-30.6871,True,1.49928e-11,ok
Ek1.7e-4,0.00017,2.4,4,46.3508,-34.219,True,1.45374e-11,ok
Ek1.7e-4,0.00017,2.4,5,45.9844,-35.8995,True,6.17043e-13,ok
Ek1.7e-4,0.00017,2.4,6,46.4812,-35.8955,True,1.18464e-13,ok
Ek1.7e-4,0.00017,2.4,7,47.6157,-34.2815,True,1.22321e-13,ok
Ek1.7e-4,0.00017,2.4,8,49.2555,-31.1139,True,7.72497e-14,ok
Ek1.7e-4,0.00017,2.4,9,51.3087,-26.4898,True,4.86909e-14,ok
Ek1.7e-4,0.00017,2.4,10,53.7014,-20.5965,True,1.17744e-14,ok
Ek1.7e-4,0.00017,2.4,11,56.3757,-13.7407,True,1.57214e-13,ok
Ek1.7e-4,0.00017,2.4,12,59.3043,-6.33279,True,9.01623e-14,ok
Ek1.7e-4,0.00017,2.4,13,62.5039,1.18638,True,3.96908e-14,ok
Ek1.7e-4,0.00017,2.4,14,66.0324,8.43716,True,3.26007e-14,ok
Ek1.7e-4,0.00017,2.4,15,69.9707,15.1529,True,0.0,ok
Ek1.7e-4,0.00017,2.6,1,57.9378,-14.7885,True,1.0767e-13,ok
Ek1.7e-4,0.00017,2.6,2,48.482,-23.0966,True,6.52902e-13,ok
Ek1.7e-4,0.00017,2.6,3,44.7274,-28.4333,True,1.28547e-11,ok
Ek1.7e-4,0.00017,2.6,4,43.1605,-31.692,True,8.05779e-12,ok
Ek1.7e-4,0.00017,2.6,5,42.7926,-33.2275,True,2.96863e-13,ok
Ek1.7e-4,0.00017,2.6,6,43.2148,-33.1996,True,3.82407e-15,ok
Ek1.7e-4,0.00017,2.6,7,44.2193,-31.6827,True,5.2239e-14,ok
Ek1.7e-4,0.00017,2.6,8,45.6847,-28.7341,True,9.73947e-14,ok
Ek1.7e-4,0.00017,2.6,9,47.5276,-24.4484,True,2.90329e-14,ok
Ek1.7e-4,0.00017,2.6,10,49.6831,-19.0015,True,7.01494e-14,ok
Ek1.7e-4,0.00017,2.6,11,52.1027,-12.6757,True,4.4596e-15,ok
Ek1.7e-4,0.00017,2.6,12,54.7664,-5.84408,True,2.00964e-13,ok
Ek1.7e-4,0.00017,2.6,13,57.6924,1.09572,True,6.26477e-14,ok
Ek1.7e-4,0.00017,2.6,14,60.9341,7.80161,True,1.08118e-13,ok
Ek1.7e-4,0.00017,2.6,15,64.5642,14.0313,True,7.65018e-14,ok
Ek1.7e-4,0.00017,2.8,1,54.0937,-13.7671,True,1.00963e-13,ok
Ek1.7e-4,0.00017,2.8,2,45.3419,-21.5167,True,2.00216e-12,ok
Ek1.7e-4,0.00017,2.8,3,41.8518,-26.4868,True,8.05737e-12,ok
Ek1.7e-4,0.00017,2.8,4,40.3799,-29.5111,True,2.59389e-12,ok
Ek1.7e-4,0.00017,2.8,5,40.0139,-30.9238,True,9.14978e-13,ok
Ek1.7e-4,0.00017,2.8,6,40.3762,-30.8782,True,7.93919e-14,ok
Ek1.7e-4,0.00017,2.8,7,41.2743,-29.4479,True,1.20346e-14,ok
Ek1.7e-4,0.00017,2.8,8,42.5958,-26.6906,True,2.96591e-14,ok
Ek1.7e-4,0.00017,2.8,9,44.2649,-22.6977,True,1.28693e-13,ok
Ek1.7e-4,0.00017,2.8,10,46.2239,-17.6348,True,6.47373e-14,ok
Ek1.7e-4,0.00017,2.8,11,48.4317,-11.7635,True,4.22491e-14,ok
Ek1.7e-4,0.00017,2.8,12,50.8736,-5.42532,True,6.61738e-14,ok
Ek1.7e-4,0.00017,2.8,13,53.5687,1.01793,True,2.36982e-14,ok
Ek1.7e-4,0.00017,2.8,14,56.5666,7.2552,True,1.24184e-13,ok
Ek1.7e-4,0.00017,2.8,15,59.9331,13.0644,True,3.07925e-14,ok
Ek1.7e-4,0.00017,3.0,1,50.7274,-12.8776,True,1.24904e-13,ok
Ek1.7e-4,0.00017,3.0,2,42.583,-20.1386,True,1.61261e-12,ok
Ek1.7e-4,0.00017,3.0,3,39.3228,-24.789,True,8.89162e-12,ok
Ek1.7e-4,0.00017,3.0,4,37.935,-27.6099,True,5.28377e-12,ok
Ek1.7e-4,0.00017,3.0,5,37.5733,-28.9175,True,8.2654e-13,ok
Ek1.7e-4,0.00017,3.0,6,37.8867,-28.8588,True,4.62313e-14,ok
Ek1.7e-4,0.00017,3.0,7,38.6962,-27.5062,True,3.93743e-14,ok
Ek1.7e-4,0.00017,3.0,8,39.8975,-24.9171,True,5.16971e-14,ok
Ek1.7e-4,0.00017,3.0,9,41.4209,-21.1799,True,4.66906e-14,ok
Ek1.7e-4,0.00017,3.0,10,43.2147,-16.4509,True,5.63369e-15,ok
Ek1.7e-4,0.00017,3.0,11,45.2439,-10.9735,True,1.73799e-13,ok
Ek1.7e-4,0.00017,3.0,12,47.4974,-5.06251,True,8.53618e-14,ok
Ek1.7e-4,0.00017,3.0,13,49.9952,0.95046,True,1.47433e-13,ok
Ek1.7e-4,0.00017,3.0,14,52.7833,6.78037,True,1.67159e-13,ok
Ek1.7e-4,0.00017,3.0,15,55.9218,12.2224,True,2.48781e-14,ok
Ek1.7e-4,0.00017,3.2,1,47.7552,-12.096,True,4.24903e-13,ok
Ek1.7e-4,0.00017,3.2,2,40.14,-18.9262,True,1.12131e-13,ok
Ek1.7e-4,0.00017,3.2,3,37.0813,-23.2952,True,1.11216e-11,ok
Ek1.7e-4,0.00017,3.2,4,35.7686,-25.9381,True,6.51502e-12,ok
Ek1.7e-4,0.00017,3.2,5,35.4126,-27.1547,True,5.41001e-13,ok
Ek1.7e-4,0.00017,3.2,6,35.6858,-27.0862,True,6.36351e-14,ok
Ek1.7e-4,0.00017,3.2,7,36.4208,-25.8036,True,7.39215e-14,ok
Ek1.7e-4,0.00017,3.2,8,37.5203,-23.3636,True,1.51506e-14,ok
Ek1.7e-4,0.00017,3.2,9,38.9199,-19.8516,True,5.46906e-15,ok
Ek1.7e-4,0.00017,3.2,10,40.5732,-15.4155,True,7.09049e-14,ok
Ek1.7e-4,0.00017,3.2,11,42.4496,-10.2828,True,8.36404e-14,ok
Ek1.7e-4,0.00017,3.2,12,44.5414,-4.74515,True,2.8748e-14,ok
Ek1.7e-4,0.00017,3.2,13,46.8686,0.891378,True,7.4452e-14,ok
Ek1.7e-4,0.00017,3.2,14,49.4743,6.36393,True,2.18073e-13,ok
Ek1.7e-4,0.00017,3.2,15,52.4136,11.4825,True,5.12332e-14,ok
Ek1.7e-4,0.00017,3.4,1,45.1117,-11.4037,True,2.42327e-13,ok
Ek1.7e-4,0.00017,3.4,2,37.9617,-17.8512,True,1.22374e-12,ok
Ek1.7e-4,0.00017,3.4,3,35.081,-21.9708,True,3.09602e-12,ok
Ek1.7e-4,0.00017,3.4,4,33.8357,-24.4567,True,7.17217e-12,ok
Ek1.7e-4,0.00017,3.4,5,33.4864,-25.5938,True,1.82332e-13,ok
Ek1.7e-4,0.00017,3.4,6,33.726,-25.518,True,2.25919e-14,ok
Ek1.7e-4,0.00017,3.4,7,34.3977,-24.2987,True,2.04845e-14,ok
Ek1.7e-4,0.00017,3.4,8,35.41,-21.9918,True,3.35591e-14,ok
Ek1.7e-4,0.00017,3.4,9,36.7035,-18.6796,True,4.84234e-14,ok
Ek1.7e-4,0.00017,3.4,10,38.2359,-14.5024,True,0.0,ok
Ek1.7e-4,0.00017,3.4,11,39.9804,-9.67369,True,5.19475e-15,ok
Ek1.7e-4,0.00017,3.4,12,41.9318,-4.4652,True,8.24553e-14,ok
Ek1.7e-4,0.00017,3.4,13,44.1101,0.839212,True,8.02234e-14,ok
Ek1.7e-4,0.00017,3.4,14,46.5557,5.99571,True,8.58084e-14,ok
Ek1.7e-4,0.00017,3.4,15,49.3196,10.8271,True,1.12253e-13,ok
Ek1.7e-4,0.00017,3.6,1,42.7452,-10.7863,True,3.16535e-13,ok
Ek1.7e-4,0.00017,3.6,2,36.0072,-16.8916,True,6.35531e-12,ok
Ek1.7e-4,0.00017,3.6,3,33.2851,-20.7886,True,9.99246e-13,ok
Ek1.7e-4,0.00017,3.6,4,32.1006,-23.1348,True,8.68391e-12,ok
Ek1.7e-4,0.00017,3.6,5,31.7585,-24.2021,True,2.00117e-13,ok
Ek1.7e-4,0.00017,3.6,6,31.97,-24.1208,True,3.24864e-14,ok
Ek1.7e-4,0.00017,3.6,7,32.5872,-22.959,True,5.48642e-15,ok
Ek1.7e-4,0.00017,3.6,8,33.5243,-20.7716,True,1.34723e-13,ok
Ek1.7e-4,0.00017,3.6,9,34.7258,-17.6378,True,2.59037e-14,ok
Ek1.7e-4,0.00017,3.6,10,36.153,-13.6912,True,3.90207e-14,ok
Ek1.7e-4,0.00017,3.6,11,37.7826,-9.13263,True,4.74565e-14,ok
Ek1.7e-4,0.00017,3.6,12,39.6111,-4.21642,True,1.97378e-14,ok
Ek1.7e-4,0.00017,3.6,13,41.6582,0.792815,True,3.87997e-14,ok
Ek1.7e-4,0.00017,3.6,14,43.9622,5.6678,True,7.13294e-15,ok
Ek1.7e-4,0.00017,3.6,15,46.5705,10.2426,True,5.96932e-14,ok
Ek1.7e-4,0.00017,3.8,1,40.6145,-10.2323,True,3.08986e-13,ok
Ek1.7e-4,0.00017,3.8,2,34.2439,-16.0297,True,2.33774e-12,ok
Ek1.7e-4,0.00017,3.8,3,31.6639,-19.7269,True,9.73812e-13,ok
Ek1.7e-4,0.00017,3.8,4,30.5345,-21.9482,True,9.62414e-12,ok
Ek1.7e-4,0.00017,3.8,5,30.1999,-22.9535,True,1.38492e-13,ok
Ek1.7e-4,0.00017,3.8,6,30.3874,-22.8683,True,2.49405e-14,ok
Ek1.7e-4,0.00017,3.8,7,30.9574,-21.7589,True,5.09211e-14,ok
Ek1.7e-4,0.00017,3.8,8,31.829,-19.6792,True,3.22469e-14,ok
Ek1.7e-4,0.00017,3.8,9,32.9501,-16.7058,True,5.61595e-14,ok
Ek1.7e-4,0.00017,3.8,10,34.2853,-12.9657,True,6.53239e-14,ok
Ek1.7e-4,0.00017,3.8,11,35.8138,-8.6488,True,6.02088e-14,ok
Ek1.7e-4,0.00017,3.8,12,37.5337,-3.99389,True,5.93264e-14,ok
Ek1.7e-4,0.00017,3.8,13,39.4646,0.75128,True,2.38121e-15,ok
Ek1.7e-4,0.00017,3.8,14,41.6424,5.37391,True,1.73936e-13,ok
Ek1.7e-4,0.00017,3.8,15,44.1116,9.718,True,8.65004e-14,ok
Ek1.7e-4,0.00017,4.0,1,38.686,-9.73243,True,8.33745e-13,ok
Ek1.7e-4,0.00017,4.0,2,32.645,-15.2515,True,2.04808e-12,ok
Ek1.7e-4,0.00017,4.0,3,30.1929,-18.7682,True,5.91852e-13,ok
Ek1.7e-4,0.00017,4.0,4,29.1138,-20.8772,True,9.51686e-13,ok
Ek1.7e-4,0.00017,4.0,5,28.7869,-21.827,True,4.53936e-13,ok
Ek1.7e-4,0.00017,4.0,6,28.954,-21.739,True,4.39619e-14,ok
Ek1.7e-4,0.00017,4.0,7,29.4828,-20.6777,True,3.85691e-14,ok
Ek1.7e-4,0.00017,4.0,8,30.2968,-18.6957,True,7.27607e-15,ok
Ek1.7e-4,0.00017,4.0,9,31.3471,-15.8671,True,1.22288e-14,ok
Ek1.7e-4,0.00017,4.0,10,32.601,-12.3131,True,4.20811e-14,ok
Ek1.7e-4,0.00017,4.0,11,34.04,-8.21359,True,5.61743e-15,ok
Ek1.7e-4,0.00017,4.0,12,35.6634,-3.79366,True,6.71083e-14,ok
Ek1.7e-4,0.00017,4.0,13,37.4904,0.71388,True,8.41906e-14,ok
Ek1.7e-4,0.00017,4.0,14,39.5552,5.10901,True,1.23161e-14,ok
Ek1.7e-4,0.00017,4.0,15,41.8993,9.24456,True,4.86269e-14,ok
Ek1.7e-4,0.00017,5.0,1,31.2624,-7.82153,True,1.36127e-12,ok
Ek1.7e-4,0.00017,5.0,2,26.4646,-12.2715,True,2.51861e-12,ok
Ek1.7e-4,0.00017,5.0,3,24.5,-15.0978,True,8.70452e-13,ok
Ek1.7e-4,0.00017,5.0,4,23.6173,-16.7805,True,7.13701e-12,ok
Ek1.7e-4,0.00017,5.0,5,23.3273,-17.5243,True,3.61384e-13,ok
Ek1.7e-4,0.00017,5.0,6,23.4264,-17.4319,True,1.57523e-14,ok
Ek1.7e-4,0.00017,5.0,7,23.81,-16.5602,True,5.13792e-14,ok
Ek1.7e-4,0.00017,5.0,8,24.4179,-14.9559,True,3.8802e-14,ok
Ek1.7e-4,0.00017,5.0,9,25.213,-12.6817,True,1.33915e-14,ok
Ek1.7e-4,0.00017,5.0,10,26.1718,-9.83643,True,1.74557e-14,ok
Ek1.7e-4,0.00017,5.0,11,27.2832,-6.56207,True,1.55373e-14,ok
Ek1.7e-4,0.00017,5.0,12,28.5501,-3.03321,True,4.74974e-14,ok
Ek1.7e-4,0.00017,5.0,13,29.9895,0.571607,True,4.97691e-14,ok
Ek1.7e-4,0.00017,5.0,14,31.6285,4.0989,True,2.51813e-14,ok
Ek1.7e-4,0.00017,5.0,15,33.4989,7.43404,True,1.25781e-13,ok
Ek1.7e-4,0.00017,6.0,1,26.2284,-6.53768,True,2.96464e-13,ok
Ek1.7e-4,0.00017,6.0,2,22.2506,-10.2652,True,2.23631e-12,ok
Ek1.7e-4,0.00017,6.0,3,20.6118,-12.6272,True,5.02568e-13,ok
Ek1.7e-4,0.00017,6.0,4,19.8651,-14.0265,True,3.0808e-12,ok
Ek1.7e-4,0.00017,6.0,5,19.607,-14.637,True,3.73114e-13,ok
Ek1.7e-4,0.00017,6.0,6,19.6697,-14.5475,True,2.24402e-14,ok
Ek1.7e-4,0.00017,6.0,7,19.9668,-13.8085,True,7.93838e-15,ok
Ek1.7e-4,0.00017,6.0,8,20.4489,-12.4613,True,8.61994e-15,ok
Ek1.7e-4,0.00017,6.0,9,21.086,-10.5603,True,1.54765e-14,ok
Ek1.7e-4,0.00017,6.0,10,21.8602,-8.1885,True,3.72211e-14,ok
Ek1.7e-4,0.00017,6.0,11,22.7644,-5.46321,True,4.6391e-14,ok
Ek1.7e-4,0.00017,6.0,12,23.8025,-2.52667,True,8.22177e-14,ok
Ek1.7e-4,0.00017,6.0,13,24.9896,0.476621,True,3.22824e-15,ok
Ek1.7e-4,0.00017,6.0,14,26.3483,3.42235,True,1.69045e-14,ok
Ek1.7e-4,0.00017,6.0,15,27.9042,6.21675,True,4.9344e-14,ok
Ek1.7e-4,0.00017,7.0,1,22.5904,-5.61581,True,1.40081e-13,ok
Ek1.7e-4,0.00017,7.0,2,19.1937,-8.82249,True,2.76884e-13,ok
Ek1.7e-4,0.00017,7.0,3,17.7881,-10.8511,True,2.86398e-12,ok
Ek1.7e-4,0.00017,7.0,4,17.141,-12.0484,True,9.39987e-13,ok
Ek1.7e-4,0.00017,7.0,5,16.9096,-12.5658,True,3.29188e-13,ok
Ek1.7e-4,0.00017,7.0,6,16.9508,-12.4814,True,1.63349e-14,ok
Ek1.7e-4,0.00017,7.0,7,17.1914,-11.8401,True,3.30736e-14,ok
Ek1.7e-4,0.00017,7.0,8,17.5893,-10.6792,True,1.42443e-14,ok
Ek1.7e-4,0.00017,7.0,9,18.1197,-9.04641,True,3.2936e-14,ok
Ek1.7e-4,0.00017,7.0,10,18.7682,-7.01321,True,3.00336e-14,ok
Ek1.7e-4,0.00017,7.0,11,19.5296,-4.67946,True,5.46995e-14,ok
Ek1.7e-4,0.00017,7.0,12,20.4087,-2.16507,True,9.75792e-14,ok
Ek1.7e-4,0.00017,7.0,13,21.4187,0.408705,True,6.29052e-14,ok
Ek1.7e-4,0.00017,7.0,14,22.5789,2.93753,True,2.10765e-14,ok
Ek1.7e-4,0.00017,7.0,15,23.9107,5.3421,True,3.56441e-14,ok
Ek1.7e-4,0.00017,8.0,1,19.8385,-4.92175,True,7.85833e-14,ok
Ek1.7e-4,0.00017,8.0,2,16.8751,-7.73522,True,1.28968e-12,ok
Ek1.7e-4,0.00017,8.0,3,15.6445,-9.51277,True,1.9587e-12,ok
Ek1.7e-4,0.00017,8.0,4,15.0736,-10.559,True,7.23429e-13,ok
Ek1.7e-4,0.00017,8.0,5,14.8642,-11.0078,True,2.36016e-13,ok
Ek1.7e-4,0.00017,8.0,6,14.892,-10.9287,True,1.7351e-14,ok
Ek1.7e-4,0.00017,8.0,7,15.0931,-10.3626,True,2.23535e-14,ok
Ek1.7e-4,0.00017,8.0,8,15.4312,-9.34276,True,1.33249e-14,ok
Ek1.7e-4,0.00017,8.0,9,15.8849,-7.91191,True,1.73745e-15,ok
Ek1.7e-4,0.00017,8.0,10,16.4424,-6.13281,True,2.29663e-14,ok
Ek1.7e-4,0.00017,8.0,11,17.0998,-4.0923,True,6.27508e-14,ok
Ek1.7e-4,0.00017,8.0,12,17.8619,-1.89401,True,4.81903e-14,ok
Ek1.7e-4,0.00017,8.0,13,18.7407,0.357731,True,6.84244e-14,ok
Ek1.7e-4,0.00017,8.0,14,19.753,2.57304,True,4.33667e-14,ok
Ek1.7e-4,0.00017,8.0,15,20.9172,4.68326,True,5.47884e-15,ok
Ek1.7e-4,0.00017,9.0,1,17.6842,-4.38036,True,7.08445e-14,ok
Ek1.7e-4,0.00017,9.0,2,15.0561,-6.88646,True,7.7894e-13,ok
Ek1.7e-4,0.00017,9.0,3,13.9618,-8.46824,True,5.32691e-12,ok
Ek1.7e-4,0.00017,9.0,4,13.4511,-9.39718,True,8.00734e-13,ok
Ek1.7e-4,0.00017,9.0,5,13.2601,-9.79329,True,1.43403e-13,ok
Ek1.7e-4,0.00017,9.0,6,13.279,-9.71946,True,1.31673e-14,ok
Ek1.7e-4,0.00017,9.0,7,13.4512,-9.21266,True,3.53355e-15,ok
Ek1.7e-4,0.00017,9.0,8,13.7447,-8.30344,True,1.24388e-14,ok
Ek1.7e-4,0.00017,9.0,9,14.1408,-7.03012,True,5.48701e-15,ok
Ek1.7e-4,0.00017,9.0,10,14.6294,-5.44872,True,4.94413e-15,ok
Ek1.7e-4,0.00017,9.0,11,15.2077,-3.63604,True,1.61458e-14,ok
Ek1.7e-4,0.00017,9.0,12,15.8802,-1.68326,True,3.93207e-14,ok
Ek1.7e-4,0.00017,9.0,13,16.658,0.318063,True,1.26241e-14,ok
Ek1.7e-4,0.00017,9.0,14,17.5557,2.28903,True,0.0,ok
Ek1.7e-4,0.00017,9.0,15,18.5898,4.1691,True,2.36391e-14,ok
Ek1.7e-4,0.00017,10.0,1,15.9518,-3.94626,True,1.39032e-13,ok
Ek1.7e-4,0.00017,10.0,2,13.591,-6.20552,True,1.00727e-12,ok
Ek1.7e-4,0.00017,10.0,3,12.6058,-7.63033,True,2.59303e-12,ok
Ek1.7e-4,0.00017,10.0,4,12.1438,-8.4656,True,4.22443e-13,ok
Ek1.7e-4,0.00017,10.0,5,11.9684,-8.82006,True,5.5426e-14,ok
Ek1.7e-4,0.00017,10.0,6,11.9811,-8.75102,True,2.88239e-15,ok
Ek1.7e-4,0.00017,10.0,7,12.1314,-8.29237,True,8.58855e-15,ok
Ek1.7e-4,0.00017,10.0,8,12.3904,-7.47211,True,3.87415e-15,ok
Ek1.7e-4,0.00017,10.0,9,12.7417,-6.32511,True,2.665e-14,ok
Ek1.7e-4,0.00017,10.0,10,13.1765,-4.90188,True,1.20046e-14,ok
Ek1.7e-4,0.00017,10.0,11,13.6925,-3.27129,True,7.72256e-15,ok
Ek1.7e-4,0.00017,10.0,12,14.2943,-1.51471,True,2.01231e-14,ok
Ek1.7e-4,0.00017,10.0,13,14.9918,0.286313,True,2.86867e-14,ok
Ek1.7e-4,0.00017,10.0,14,15.7984,2.06149,True,1.02856e-13,ok
Ek1.7e-4,0.00017,10.0,15,16.7284,3.75669,True,2.35023e-14,ok
Ek1.7e-4,0.00017,20.0,1,8.05783,-1.98197,True,3.59895e-14,ok
Ek1.7e-4,0.00017,20.0,2,6.88762,-3.12001,True,2.19376e-13,ok
Ek1.7e-4,0.00017,20.0,3,6.39441,-3.835,True,3.07353e-12,ok
Ek1.7e-4,0.00017,20.0,4,6.15788,-4.25071,True,3.11068e-13,ok
Ek1.7e-4,0.00017,20.0,5,6.06203,-4.42323,True,1.97331e-14,ok
Ek1.7e-4,0.00017,20.0,6,6.05861,-4.3828,True,4.84299e-15,ok
Ek1.7e-4,0.00017,20.0,7,6.12282,-4.14777,True,0.0,ok
Ek1.7e-4,0.00017,20.0,8,6.24076,-3.73331,True,1.54739e-15,ok
Ek1.7e-4,0.00017,20.0,9,6.40464,-3.15767,True,1.05164e-14,ok
Ek1.7e-4,0.00017,20.0,10,6.61078,-2.44631,True,9.96604e-15,ok
Ek1.7e-4,0.00017,20.0,11,6.85893,-1.63298,True,2.96053e-15,ok
Ek1.7e-4,0.00017,20.0,12,7.15197,-0.756834,True,9.66618e-15,ok
Ek1.7e-4,0.00017,20.0,13,7.4952,0.143286,True,9.29989e-16,ok
Ek1.7e-4,0.00017,20.0,14,7.89518,1.03384,True,1.4833e-14,ok
Ek1.7e-4,0.00017,20.0,15,8.35886,1.88859,True,2.37596e-15,ok
Ek1.7e-4,0.00017,40.0,1,4.04961,-0.993194,True,3.51737e-15,ok
Ek1.7e-4,0.00017,40.0,2,3.46715,-1.56429,True,9.4972e-14,ok
Ek1.7e-4,0.00017,40.0,3,3.22039,-1.92239,True,1.08497e-12,ok
Ek1.7e-4,0.00017,40.0,4,3.10069,-2.12971,True,1.86623e-13,ok
Ek1.7e-4,0.00017,40.0,5,3.05066,-2.21475,True,3.93662e-14,ok
Ek1.7e-4,0.00017,40.0,6,3.04644,-2.19303,True,2.54402e-15,ok
Ek1.7e-4,0.00017,40.0,7,3.07576,-2.07409,True,1.194e-15,ok
Ek1.7e-4,0.00017,40.0,8,3.13178,-1.86581,True,5.02445e-15,ok
Ek1.7e-4,0.00017,40.0,9,3.21075,-1.5775,True,2.48652e-15,ok
Ek1.7e-4,0.00017,40.0,10,3.31101,-1.22193,True,4.97303e-15,ok
Ek1.7e-4,0.00017,40.0,11,3.43262,-0.815792,True,4.13768e-15,ok
Ek1.7e-4,0.00017,40.0,12,3.57719,-0.378281,True,6.54541e-15,ok
Ek1.7e-4,0.00017,40.0,13,3.74742,0.0716755,True,1.11335e-15,ok
Ek1.7e-4,0.00017,40.0,14,3.94658,0.517708,True,2.38051e-15,ok
Ek1.7e-4,0.00017,40.0,15,4.17807,0.946904,True,7.96365e-15,ok
Ek1.7e-4,0.00017,60.0,1,2.70436,-0.662619,True,1.44714e-14,ok
Ek1.7e-4,0.00017,60.0,2,2.31665,-1.04381,True,6.42927e-14,ok
Ek1.7e-4,0.00017,60.0,3,2.15211,-1.28267,True,5.00987e-13,ok
Ek1.7e-4,0.00017,60.0,4,2.07199,-1.42076,True,9.45928e-14,ok
Ek1.7e-4,0.00017,60.0,5,2.03816,-1.47718,True,3.48657e-14,ok
Ek1.7e-4,0.00017,60.0,6,2.03478,-1.46236,True,4.87235e-15,ok
Ek1.7e-4,0.00017,60.0,7,2.0537,-1.38276,True,4.56393e-15,ok
Ek1.7e-4,0.00017,60.0,8,2.09039,-1.24367,True,0.0,ok
Ek1.7e-4,0.00017,60.0,9,2.14237,-1.05136,True,9.81751e-16,ok
Ek1.7e-4,0.00017,60.0,10,2.20858,-0.814338,True,2.20872e-15,ok
Ek1.7e-4,0.00017,60.0,11,2.28911,-0.543704,True,2.62558e-15,ok
Ek1.7e-4,0.00017,60.0,12,2.38506,-0.252157,True,5.19552e-15,ok
Ek1.7e-4,0.00017,60.0,13,2.49824,0.047791,True,4.3087e-15,ok
Ek1.7e-4,0.00017,60.0,14,2.63083,0.345314,True,3.70679e-15,ok
Ek1.7e-4,0.00017,60.0,15,2.78508,0.631853,True,3.28e-15,ok
Ek1.7e-4,0.00017,80.0,1,2.03001,-0.497148,True,1.30904e-14,ok
Ek1.7e-4,0.00017,80.0,2,1.73945,-0.783211,True,1.09496e-13,ok
Ek1.7e-4,0.00017,80.0,3,1.61603,-0.962405,True,2.28356e-13,ok
Ek1.7e-4,0.00017,80.0,4,1.55582,-1.06593,True,3.9913e-14,ok
Ek1.7e-4,0.00017,80.0,5,1.53027,-1.10814,True,5.62139e-14,ok
Ek1.7e-4,0.00017,80.0,6,1.52752,-1.0969,True,4.04519e-15,ok
Ek1.7e-4,0.00017,80.0,7,1.54147,-1.03707,True,4.17925e-15,ok
Ek1.7e-4,0.00017,80.0,8,1.56874,-0.932673,True,4.63565e-15,ok
Ek1.7e-4,0.00017,80.0,9,1.60748,-0.788401,True,4.27855e-15,ok
Ek1.7e-4,0.00017,80.0,10,1.6569,-0.610648,True,1.24197e-15,ok
Ek1.7e-4,0.00017,80.0,11,1.7171,-0.407719,True,1.6241e-15,ok
Ek1.7e-4,0.00017,80.0,12,1.78889,-0.189106,True,2.12807e-15,ok
Ek1.7e-4,0.00017,80.0,13,1.87366,0.0358459,True,6.66489e-15,ok
Ek1.7e-4,0.00017,80.0,14,1.97304,0.259052,True,6.55641e-16,ok
Ek1.7e-4,0.00017,80.0,15,2.0887,0.474109,True,2.09627e-15,ok
Ek1.7e-4,0.00017,100.0,1,1.62484,-0.397806,True,1.38376e-14,ok
Ek1.7e-4,0.00017,100.0,2,1.3925,-0.626739,True,1.25782e-13,ok
Ek1.7e-4,0.00017,100.0,3,1.29376,-0.770118,True,2.82061e-14,ok
Ek1.7e-4,0.00017,100.0,4,1.24553,-0.852914,True,6.11974e-14,ok
Ek1.7e-4,0.00017,100.0,5,1.22501,-0.88663,True,1.33896e-14,ok
Ek1.7e-4,0.00017,100.0,6,1.2227,-0.877579,True,1.40546e-15,ok
Ek1.7e-4,0.00017,100.0,7,1.23375,-0.829662,True,7.6421e-16,ok
Ek1.7e-4,0.00017,100.0,8,1.25545,-0.7461,True,6.18023e-16,ok
Ek1.7e-4,0.00017,100.0,9,1.28632,-0.630664,True,2.64946e-15,ok
Ek1.7e-4,0.00017,100.0,10,1.32575,-0.488467,True,5.82778e-16,ok
Ek1.7e-4,0.00017,100.0,11,1.3738,-0.326146,True,2.73983e-15,ok
Ek1.7e-4,0.00017,100.0,12,1.43116,-0.151279,True,3.02862e-15,ok
Ek1.7e-4,0.00017,100.0,13,1.49892,0.0286781,True,5.64504e-15,ok
Ek1.7e-4,0.00017,100.0,14,1.57839,0.207273,True,7.25004e-16,ok
Ek1.7e-4,0.00017,100.0,15,1.6709,0.379393,True,1.34236e-15,ok
Ek3.7e-4,0.00037,0.01,1,400.0,0.0,True,0.0,ok
Ek3.7e-4,0.00037,0.01,2,885.781,0.0,True,0.0,ok
Ek3.7e-4,0.00037,0.01,3,3298.139999602875,-235.98600000779896,True,2.07856e-08,ok
Ek3.7e-4,0.00037,0.01,4,4040.929997405712,-225.5180000560424,True,1.2447e-07,ok
Ek3.7e-4,0.00037,0.01,5,5045.54,-204.943,True,2.6556e-09,ok
Ek3.7e-4,0.00037,0.01,6,6347.95,-175.306,True,7.56496e-11,ok
Ek3.7e-4,0.00037,0.01,7,7590.331989602484,679.7579267554279,True,9.44913e-05,ok
Ek3.7e-4,0.00037,0.01,8,9077.458831044874,585.9460459789016,True,5.02574e-05,ok
Ek3.7e-4,0.00037,0.01,9,10829.400025813417,489.3489987926415,True,1.08497e-06,ok
Ek3.7e-4,0.00037,0.01,10,12681.500106783227,386.1899933797434,True,5.7518e-06,ok
Ek3.7e-4,0.00037,0.01,11,14257.600008553822,293.84299946293214,True,6.86448e-07,ok
Ek3.7e-4,0.00037,0.01,12,15562.0,237.441,True,1.88756e-09,ok
Ek3.7e-4,0.00037,0.01,13,16968.9,205.73,True,5.38181e-11,ok
Ek3.7e-4,0.00037,0.01,14,18643.2,185.239,True,7.44052e-13,ok
Ek3.7e-4,0.00037,0.01,15,20640.8,170.296,True,9.30706e-13,ok
Ek3.7e-4,0.00037,0.03,1,532.4,0.0,True,0.0,ok
Ek3.7e-4,0.00037,0.03,2,1017.15,0.0,True,0.0,ok
Ek3.7e-4,0.00037,0.03,3,1149.7700002833096,-217.74699998268665,True,3.93984e-08,ok
Ek3.7e-4,0.00037,0.03,4,1392.0799996438743,-210.34300002318955,True,4.63489e-08,ok
Ek3.7e-4,0.00037,0.03,5,1726.82,-192.246,True,9.39417e-11,ok
Ek3.7e-4,0.00037,0.03,6,2163.98,-164.42,True,2.77159e-11,ok
Ek3.7e-4,0.00037,0.03,7,2728.88,-123.314,True,3.56114e-13,ok
Ek3.7e-4,0.00037,0.03,8,3229.660016094856,535.5519978961788,True,1.82464e-06,ok
Ek3.7e-4,0.00037,0.03,9,3809.5800004675552,439.3939999243094,True,5.52967e-08,ok
Ek3.7e-4,0.00037,0.03,10,4384.210274721394,336.1349725278605,True,1.08136e-05,ok
Ek3.7e-4,0.00037,0.03,11,4819.239999875575,257.55300002173857,True,3.45318e-08,ok
Ek3.7e-4,0.00037,0.03,12,5209.01,215.91,True,1.93213e-10,ok
Ek3.7e-4,0.00037,0.03,13,5664.56,191.821,True,8.36173e-12,ok
Ek3.7e-4,0.00037,0.03,14,6218.18,175.289,True,6.12968e-13,ok
Ek3.7e-4,0.00037,0.03,15,6882.24,162.637,True,3.44137e-13,ok
Ek3.7e-4,0.00037,0.05,1,585.64,0.0,True,0.0,ok
Ek3.7e-4,0.00037,0.05,2,657.424,-189.317,True,5.46819e-09,ok
Ek3.7e-4,0.00037,0.05,3,725.7259999202494,-201.6690000078193,True,1.66418e-08,ok
Ek3.7e-4,0.00037,0.05,4,865.876,-196.705,True,5.57087e-09,ok
Ek3.7e-4,0.00037,0.05,5,1065.16,-180.669,True,8.94366e-11,ok
Ek3.7e-4,0.00037,0.05,6,1327.96,-154.414,True,2.0888e-12,ok
Ek3.7e-4,0.00037,0.05,7,1667.67,-114.573,True,1.13858e-13,ok
Ek3.7e-4,0.00037,0.05,8,2088.860045007384,481.7359897125981,True,7.08435e-06,ok
Ek3.7e-4,0.00037,0.05,9,2425.22,383.092,True,3.22868e-09,ok
Ek3.7e-4,0.00037,0.05,10,2716.5399997805503,283.3630000923345,True,7.42042e-08,ok
Ek3.7e-4,0.00037,0.05,11,2919.06,225.869,True,4.38335e-09,ok
Ek3.7e-4,0.00037,0.05,12,3134.62,197.452,True,9.38063e-11,ok
Ek3.7e-4,0.00037,0.05,13,3402.71,179.577,True,3.91589e-13,ok
Ek3.7e-4,0.00037,0.05,14,3732.99,166.329,True,6.95884e-13,ok
Ek3.7e-4,0.00037,0.05,15,4130.6,155.63,True,8.40327e-14,ok
Ek3.7e-4,0.00037,0.07,1,606.247,-127.02,True,1.50017e-11,ok
Ek3.7e-4,0.00037,0.07,2,506.076,-173.848,True,1.3128e-09,ok
Ek3.7e-4,0.00037,0.07,3,546.1449999349899,-187.4810000083475,True,1.77279e-08,ok
Ek3.7e-4,0.00037,0.07,4,641.85,-184.429,True,5.53821e-10,ok
Ek3.7e-4,0.00037,0.07,5,782.427,-170.099,True,1.10171e-10,ok
Ek3.7e-4,0.00037,0.07,6,969.795,-145.216,True,2.48753e-12,ok
Ek3.7e-4,0.00037,0.07,7,1212.04,-106.594,True,1.18262e-13,ok
Ek3.7e-4,0.00037,0.07,8,1529.42,-41.4285,True,7.20518e-13,ok
Ek3.7e-4,0.00037,0.07,9,1843.0395981267247,313.918,True,1.23552e-06,ok
Ek3.7e-4,0.00037,0.07,10,1983.9100001280103,231.62499994183372,True,1.1449e-07,ok
Ek3.7e-4,0.00037,0.07,11,2096.87,199.371,True,2.71916e-10,ok
Ek3.7e-4,0.00037,0.07,12,2243.53,181.652,True,5.6125e-11,ok
Ek3.7e-4,0.00037,0.07,13,2432.78,168.752,True,5.43401e-13,ok
Ek3.7e-4,0.00037,0.07,14,2667.78,158.228,True,3.25732e-13,ok
Ek3.7e-4,0.00037,0.07,15,2951.35,149.198,True,3.86152e-14,ok
Ek3.7e-4,0.00037,0.1,1,479.516,-111.0,True,7.63037e-12,ok
Ek3.7e-4,0.00037,0.1,2,393.249,-154.516,True,7.39333e-10,ok
Ek3.7e-4,0.00037,0.1,3,412.471,-169.198,True,1.26475e-09,ok
Ek3.7e-4,0.00037,0.1,4,474.675,-168.227,True,3.18049e-10,ok
Ek3.7e-4,0.00037,0.1,5,570.765,-155.917,True,2.97096e-11,ok
Ek3.7e-4,0.00037,0.1,6,700.867,-132.789,True,9.48231e-13,ok
Ek3.7e-4,0.00037,0.1,7,868.965,-95.9361,True,1.27728e-13,ok
Ek3.7e-4,0.00037,0.1,8,1083.07,-34.8577,True,4.63715e-13,ok
Ek3.7e-4,0.00037,0.1,9,1346.74,113.568,True,2.08077e-12,ok
Ek3.7e-4,0.00037,0.1,10,1404.26,170.243,True,2.55066e-10,ok
Ek3.7e-4,0.00037,0.1,11,1473.31,168.409,True,3.73914e-12,ok
Ek3.7e-4,0.00037,0.1,12,1573.35,162.01,True,1.63914e-12,ok
Ek3.7e-4,0.00037,0.1,13,1704.77,154.722,True,4.15274e-14,ok
Ek3.7e-4,0.00037,0.1,14,1868.74,147.447,True,7.54282e-13,ok
Ek3.7e-4,0.00037,0.1,15,2066.92,140.487,True,5.30683e-13,ok
Ek3.7e-4,0.00037,0.2,1,317.365,-77.5852,True,2.08842e-14,ok
Ek3.7e-4,0.00037,0.2,2,254.911,-111.92,True,2.35764e-12,ok
Ek3.7e-4,0.00037,0.2,3,253.626,-126.404,True,5.15546e-12,ok
Ek3.7e-4,0.00037,0.2,4,278.034,-128.375,True,4.0167e-12,ok
Ek3.7e-4,0.00037,0.2,5,321.799,-119.889,True,1.09709e-12,ok
Ek3.7e-4,0.00037,0.2,6,383.407,-100.945,True,5.30298e-14,ok
Ek3.7e-4,0.00037,0.2,7,462.102,-69.6319,True,1.09343e-13,ok
Ek3.7e-4,0.00037,0.2,8,553.921,-21.9247,True,9.67287e-14,ok
Ek3.7e-4,0.00037,0.2,9,639.177,41.0369,True,2.97974e-12,ok
Ek3.7e-4,0.00037,0.2,10,692.094,89.1,True,1.53003e-11,ok
Ek3.7e-4,0.00037,0.2,11,735.374,110.816,True,9.79934e-13,ok
Ek3.7e-4,0.00037,0.2,12,787.702,119.112,True,8.36797e-13,ok
Ek3.7e-4,0.00037,0.2,13,853.997,121.185,True,5.09515e-13,ok
Ek3.7e-4,0.00037,0.2,14,936.045,120.183,True,2.50564e-14,ok
Ek3.7e-4,0.00037,0.2,15,1035.04,117.617,True,9.59908e-14,ok
Ek3.7e-4,0.00037,0.3,1,248.49,-59.3212,True,4.27314e-13,ok
Ek3.7e-4,0.00037,0.3,2,199.862,-87.3253,True,1.40222e-12,ok
Ek3.7e-4,0.00037,0.3,3,194.782,-100.037,True,6.94409e-14,ok
Ek3.7e-4,0.00037,0.3,4,208.018,-102.457,True,3.64202e-13,ok
Ek3.7e-4,0.00037,0.3,5,234.573,-95.7007,True,2.38315e-13,ok
Ek3.7e-4,0.00037,0.3,6,272.695,-79.5999,True,6.59487e-14,ok
Ek3.7e-4,0.00037,0.3,7,320.538,-53.1363,True,2.05713e-13,ok
Ek3.7e-4,0.00037,0.3,8,373.294,-15.6667,True,1.05593e-13,ok
Ek3.7e-4,0.00037,0.3,9,420.451,27.4998,True,5.66724e-13,ok
Ek3.7e-4,0.00037,0.3,10,455.886,62.309,True,1.75108e-13,ok
Ek3.7e-4,0.00037,0.3,11,487.923,83.3186,True,8.79097e-13,ok
Ek3.7e-4,0.00037,0.3,12,524.679,94.4846,True,3.40702e-13,ok
Ek3.7e-4,0.00037,0.3,13,569.755,99.7402,True,2.93373e-13,ok
Ek3.7e-4,0.00037,0.3,14,624.829,101.501,True,1.42975e-13,ok
Ek3.7e-4,0.00037,0.3,15,690.957,101.189,True,2.48671e-13,ok
Ek3.7e-4,0.00037,0.4,1,206.258,-47.879,True,3.97667e-13,ok
Ek3.7e-4,0.00037,0.4,2,166.971,-71.3873,True,6.18828e-14,ok
Ek3.7e-4,0.00037,0.4,3,161.204,-82.3539,True,3.29425e-13,ok
Ek3.7e-4,0.00037,0.4,4,169.498,-84.5856,True,1.11703e-13,ok
Ek3.7e-4,0.00037,0.4,5,187.7,-78.8076,True,3.01664e-13,ok
Ek3.7e-4,0.00037,0.4,6,214.096,-64.8707,True,5.84006e-14,ok
Ek3.7e-4,0.00037,0.4,7,246.726,-42.3826,True,1.43339e-13,ok
Ek3.7e-4,0.00037,0.4,8,281.681,-12.1111,True,1.52668e-13,ok
Ek3.7e-4,0.00037,0.4,9,313.186,20.9098,True,8.19135e-14,ok
Ek3.7e-4,0.00037,0.4,10,339.366,48.4278,True,3.25469e-14,ok
Ek3.7e-4,0.00037,0.4,11,364.521,67.1049,True,1.56232e-14,ok
Ek3.7e-4,0.00037,0.4,12,393.062,78.4892,True,1.38929e-13,ok
Ek3.7e-4,0.00037,0.4,13,427.459,84.8481,True,0.0,ok
Ek3.7e-4,0.00037,0.4,14,469.077,87.9024,True,2.81483e-13,ok
Ek3.7e-4,0.00037,0.4,15,518.821,88.8199,True,2.87389e-13,ok
Ek3.7e-4,0.00037,0.5,1,176.788,-40.0695,True,1.0918e-12,ok
Ek3.7e-4,0.00037,0.5,2,144.124,-60.2504,True,1.32242e-13,ok
Ek3.7e-4,0.00037,0.5,3,138.466,-69.7576,True,3.96745e-13,ok
Ek3.7e-4,0.00037,0.5,4,144.098,-71.6796,True,6.23907e-14,ok
Ek3.7e-4,0.00037,0.5,5,157.475,-66.5679,True,1.61428e-13,ok
Ek3.7e-4,0.00037,0.5,6,177.009,-54.3484,True,1.33223e-13,ok
Ek3.7e-4,0.00037,0.5,7,200.913,-35.0145,True,1.53129e-13,ok
Ek3.7e-4,0.00037,0.5,8,226.216,-9.84686,True,1.54744e-13,ok
Ek3.7e-4,0.00037,0.5,9,249.489,16.9278,True,5.76623e-14,ok
Ek3.7e-4,0.00037,0.5,10,270.123,39.7742,True,3.18339e-13,ok
Ek3.7e-4,0.00037,0.5,11,290.745,56.3242,True,2.09124e-13,ok
Ek3.7e-4,0.00037,0.5,12,314.121,67.2262,True,3.91992e-14,ok
Ek3.7e-4,0.00037,0.5,13,342.023,73.8873,True,1.98879e-13,ok
Ek3.7e-4,0.00037,0.5,14,375.551,77.5543,True,1.46073e-13,ok
Ek3.7e-4,0.00037,0.5,15,415.472,79.1675,True,9.78512e-14,ok
Ek3.7e-4,0.00037,0.6,1,154.819,-34.4156,True,1.68482e-13,ok
Ek3.7e-4,0.00037,0.6,2,127.02,-52.0505,True,2.63189e-13,ok
Ek3.7e-4,0.00037,0.6,3,121.686,-60.3774,True,1.40389e-12,ok
Ek3.7e-4,0.00037,0.6,4,125.708,-62.0051,True,1.80073e-13,ok
Ek3.7e-4,0.00037,0.6,5,136.008,-57.4017,True,3.4295e-14,ok
Ek3.7e-4,0.00037,0.6,6,151.144,-46.5692,True,0.0,ok
Ek3.7e-4,0.00037,0.6,7,169.563,-29.7245,True,3.06542e-14,ok
Ek3.7e-4,0.00037,0.6,8,189.013,-8.28668,True,9.72035e-14,ok
Ek3.7e-4,0.00037,0.6,9,207.307,14.2416,True,1.5481e-13,ok
Ek3.7e-4,0.00037,0.6,10,224.283,33.813,True,3.17334e-13,ok
Ek3.7e-4,0.00037,0.6,11,241.724,48.5994,True,2.45835e-14,ok
Ek3.7e-4,0.00037,0.6,12,261.533,58.8444,True,2.76311e-13,ok
Ek3.7e-4,0.00037,0.6,13,285.045,65.4712,True,3.71793e-14,ok
Ek3.7e-4,0.00037,0.6,14,313.156,69.4096,True,0.0,ok
Ek3.7e-4,0.00037,0.6,15,346.525,71.4223,True,2.21227e-13,ok
Ek3.7e-4,0.00037,0.7,1,137.743,-30.1411,True,3.59322e-13,ok
Ek3.7e-4,0.00037,0.7,2,113.631,-45.7745,True,1.09043e-13,ok
Ek3.7e-4,0.00037,0.7,3,108.661,-53.1479,True,1.47492e-12,ok
Ek3.7e-4,0.00037,0.7,4,111.633,-54.5268,True,5.15764e-14,ok
Ek3.7e-4,0.00037,0.7,5,119.837,-50.3351,True,8.79028e-14,ok
Ek3.7e-4,0.00037,0.7,6,131.975,-40.6367,True,6.87509e-14,ok
Ek3.7e-4,0.00037,0.7,7,146.717,-25.7726,True,4.60899e-15,ok
Ek3.7e-4,0.00037,0.7,8,162.323,-7.14918,True,4.25582e-15,ok
Ek3.7e-4,0.00037,0.7,9,177.317,12.3005,True,2.72968e-14,ok
Ek3.7e-4,0.00037,0.7,10,191.714,29.438,True,2.40528e-13,ok
Ek3.7e-4,0.00037,0.7,11,206.809,42.7752,True,2.3488e-13,ok
Ek3.7e-4,0.00037,0.7,12,224.002,52.352,True,8.55795e-14,ok
Ek3.7e-4,0.00037,0.7,13,244.337,58.7989,True,4.79799e-14,ok
Ek3.7e-4,0.00037,0.7,14,268.562,62.8284,True,1.09563e-13,ok
Ek3.7e-4,0.00037,0.7,15,297.245,65.0677,True,3.67224e-14,ok
Ek3.7e-4,0.00037,0.8,1,124.067,-26.8004,True,1.28585e-12,ok
Ek3.7e-4,0.00037,0.8,2,102.825,-40.8245,True,1.85034e-13,ok
Ek3.7e-4,0.00037,0.8,3,98.2053,-47.421,True,5.46134e-14,ok
Ek3.7e-4,0.00037,0.8,4,100.455,-48.5968,True,2.45808e-14,ok
Ek3.7e-4,0.00037,0.8,5,107.164,-44.7494,True,2.08428e-14,ok
Ek3.7e-4,0.00037,0.8,6,117.162,-35.9888,True,3.59488e-14,ok
Ek3.7e-4,0.00037,0.8,7,129.311,-22.7216,True,1.218e-13,ok
Ek3.7e-4,0.00037,0.8,8,142.24,-6.28423,True,7.34393e-14,ok
Ek3.7e-4,0.00037,0.8,9,154.903,10.8298,True,5.37126e-14,ok
Ek3.7e-4,0.00037,0.8,10,167.389,26.0823,True,8.49675e-14,ok
Ek3.7e-4,0.00037,0.8,11,180.687,38.2185,True,8.61502e-14,ok
Ek3.7e-4,0.00037,0.8,12,195.876,47.1686,True,7.71909e-15,ok
Ek3.7e-4,0.00037,0.8,13,213.802,53.3752,True,1.28494e-13,ok
Ek3.7e-4,0.00037,0.8,14,235.097,57.3974,True,6.85798e-14,ok
Ek3.7e-4,0.00037,0.8,15,260.26,59.7584,True,1.23896e-13,ok
Ek3.7e-4,0.00037,1.0,1,103.509,-21.9227,True,1.33395e-14,ok
Ek3.7e-4,0.00037,1.0,2,86.4121,-33.5295,True,2.30127e-13,ok
Ek3.7e-4,0.00037,1.0,3,82.398,-38.9507,True,6.84279e-13,ok
Ek3.7e-4,0.00037,1.0,4,83.7507,-39.8288,True,6.05406e-14,ok
Ek3.7e-4,0.00037,1.0,5,88.5089,-36.5285,True,1.15735e-13,ok
Ek3.7e-4,0.00037,1.0,6,95.7198,-29.2152,True,1.71754e-13,ok
Ek3.7e-4,0.00037,1.0,7,104.527,-18.3388,True,5.83407e-14,ok
Ek3.7e-4,0.00037,1.0,8,114.027,-5.05744,True,2.8397e-15,ok
Ek3.7e-4,0.00037,1.0,9,123.638,8.74544,True,3.71494e-14,ok
Ek3.7e-4,0.00037,1.0,10,133.489,21.2612,True,1.50559e-13,ok
Ek3.7e-4,0.00037,1.0,11,144.221,31.5347,True,1.82857e-13,ok
Ek3.7e-4,0.00037,1.0,12,156.543,39.3994,True,7.00138e-14,ok
Ek3.7e-4,0.00037,1.0,13,171.049,45.0844,True,3.526e-14,ok
Ek3.7e-4,0.00037,1.0,14,188.215,48.9538,True,7.48301e-14,ok
Ek3.7e-4,0.00037,1.0,15,208.436,51.3865,True,2.7484e-14,ok
Ek3.7e-4,0.00037,1.2,1,88.785,-18.5381,True,2.33692e-13,ok
Ek3.7e-4,0.00037,1.2,2,74.5168,-28.4233,True,7.84817e-14,ok
Ek3.7e-4,0.00037,1.2,3,70.984,-33.0076,True,1.43639e-13,ok
Ek3.7e-4,0.00037,1.2,4,71.8276,-33.6868,True,1.18114e-13,ok
Ek3.7e-4,0.00037,1.2,5,75.4051,-30.8021,True,1.31668e-14,ok
Ek3.7e-4,0.00037,1.2,6,80.924,-24.5438,True,2.508e-14,ok
Ek3.7e-4,0.00037,1.2,7,87.7192,-15.3545,True,3.27185e-15,ok
Ek3.7e-4,0.00037,1.2,8,95.1549,-4.23005,True,1.31113e-13,ok
Ek3.7e-4,0.00037,1.2,9,102.871,7.33704,True,1.44932e-13,ok
Ek3.7e-4,0.00037,1.2,10,110.996,17.9569,True,8.94981e-15,ok
Ek3.7e-4,0.00037,1.2,11,119.986,26.8585,True,4.00447e-14,ok
Ek3.7e-4,0.00037,1.2,12,130.354,33.8459,True,7.55138e-14,ok
Ek3.7e-4,0.00037,1.2,13,142.544,39.0387,True,1.21613e-13,ok
Ek3.7e-4,0.00037,1.2,14,156.935,42.6882,True,1.0748e-13,ok
Ek3.7e-4,0.00037,1.2,15,173.849,45.0813,True,1.41021e-14,ok
Ek3.7e-4,0.00037,1.4,1,77.7208,-16.0545,True,2.23559e-13,ok
Ek3.7e-4,0.00037,1.4,2,65.4943,-24.6556,True,4.21815e-15,ok
Ek3.7e-4,0.00037,1.4,3,62.3456,-28.6187,True,4.09187e-13,ok
Ek3.7e-4,0.00037,1.4,4,62.8776,-29.1604,True,1.18007e-14,ok
Ek3.7e-4,0.00037,1.4,5,65.6837,-26.6013,True,9.82034e-15,ok
Ek3.7e-4,0.00037,1.4,6,70.0919,-21.1407,True,6.82264e-14,ok
Ek3.7e-4,0.00037,1.4,7,75.5687,-13.1974,True,1.16021e-13,ok
Ek3.7e-4,0.00037,1.4,8,81.6428,-3.63474,True,3.08018e-14,ok
Ek3.7e-4,0.00037,1.4,9,88.0754,6.32071,True,4.21371e-14,ok
Ek3.7e-4,0.00037,1.4,10,94.9845,15.5472,True,7.37986e-14,ok
Ek3.7e-4,0.00037,1.4,11,102.718,23.3987,True,6.07845e-14,ok
Ek3.7e-4,0.00037,1.4,12,111.666,29.6737,True,1.22198e-14,ok
Ek3.7e-4,0.00037,1.4,13,122.183,34.431,True,1.60407e-13,ok
Ek3.7e-4,0.00037,1.4,14,134.576,37.8513,True,1.19298e-13,ok
Ek3.7e-4,0.00037,1.4,15,149.119,40.1594,True,2.23818e-13,ok
Ek3.7e-4,0.00037,1.6,1,69.1036,-14.1555,True,2.58615e-13,ok
Ek3.7e-4,0.00037,1.6,2,58.4158,-21.7639,True,1.08462e-13,ok
Ek3.7e-4,0.00037,1.6,3,55.5781,-25.2497,True,6.52523e-13,ok
Ek3.7e-4,0.00037,1.6,4,55.9091,-25.6929,True,1.83221e-14,ok
Ek3.7e-4,0.00037,1.6,5,58.182,-23.3953,True,1.02544e-13,ok
Ek3.7e-4,0.00037,1.6,6,61.8169,-18.5566,True,1.19469e-14,ok
Ek3.7e-4,0.00037,1.6,7,66.3747,-11.5676,True,3.71397e-14,ok
Ek3.7e-4,0.00037,1.6,8,71.4912,-3.18604,True,2.70473e-14,ok
Ek3.7e-4,0.00037,1.6,9,76.9999,5.55235,True,3.42266e-15,ok
Ek3.7e-4,0.00037,1.6,10,83.0075,13.7106,True,8.60888e-14,ok
Ek3.7e-4,0.00037,1.6,11,89.791,20.733,True,8.35163e-14,ok
Ek3.7e-4,0.00037,1.6,12,97.6626,26.4222,True,5.32871e-14,ok
Ek3.7e-4,0.00037,1.6,13,106.912,30.8008,True,5.92456e-14,ok
Ek3.7e-4,0.00037,1.6,14,117.798,34.0029,True,4.01136e-14,ok
Ek3.7e-4,0.00037,1.6,15,130.556,36.2096,True,5.91359e-14,ok
Ek3.7e-4,0.00037,1.8,1,62.2033,-12.657,True,3.19033e-13,ok
Ek3.7e-4,0.00037,1.8,2,52.7145,-19.476,True,3.42163e-14,ok
Ek3.7e-4,0.00037,1.8,3,50.1331,-22.5847,True,3.64549e-13,ok
Ek3.7e-4,0.00037,1.8,4,50.3291,-22.955,True,2.55943e-14,ok
Ek3.7e-4,0.00037,1.8,5,52.217,-20.8715,True,1.39045e-13,ok
Ek3.7e-4,0.00037,1.8,6,55.2888,-16.53,True,2.84398e-14,ok
Ek3.7e-4,0.00037,1.8,7,59.1749,-10.294,True,7.35287e-15,ok
Ek3.7e-4,0.00037,1.8,8,63.5849,-2.8358,True,3.03557e-14,ok
Ek3.7e-4,0.00037,1.8,9,68.3984,4.95091,True,4.69428e-14,ok
Ek3.7e-4,0.00037,1.8,10,73.7113,12.2636,True,2.29589e-14,ok
Ek3.7e-4,0.00037,1.8,11,79.7521,18.6151,True,2.16402e-14,ok
Ek3.7e-4,0.00037,1.8,12,86.7784,23.8159,True,7.87142e-15,ok
Ek3.7e-4,0.00037,1.8,13,95.034,27.8659,True,4.84929e-14,ok
Ek3.7e-4,0.00037,1.8,14,104.742,30.8672,True,9.25578e-14,ok
Ek3.7e-4,0.00037,1.8,15,116.108,32.9691,True,1.20677e-13,ok
Ek3.7e-4,0.00037,2.0,1,56.5539,-11.4447,True,2.84475e-13,ok
Ek3.7e-4,0.00037,2.0,2,48.0247,-17.6213,True,3.44736e-14,ok
Ek3.7e-4,0.00037,2.0,3,45.6576,-20.4251,True,2.17111e-13,ok
Ek3.7e-4,0.00037,2.0,4,45.7601,-20.74,True,2.08933e-14,ok
Ek3.7e-4,0.00037,2.0,5,47.3602,-18.8348,True,4.43085e-14,ok
Ek3.7e-4,0.00037,2.0,6,50.0072,-14.8994,True,3.38884e-14,ok
Ek3.7e-4,0.00037,2.0,7,53.3841,-9.27176,True,4.17554e-14,ok
Ek3.7e-4,0.00037,2.0,8,57.2533,-2.55485,True,5.00023e-14,ok
Ek3.7e-4,0.00037,2.0,9,61.5252,4.46723,True,2.27097e-14,ok
Ek3.7e-4,0.00037,2.0,10,66.2868,11.0939,True,3.07438e-14,ok
Ek3.7e-4,0.00037,2.0,11,71.731,16.8913,True,4.55349e-14,ok
Ek3.7e-4,0.00037,2.0,12,78.0761,21.6793,True,5.21797e-14,ok
Ek3.7e-4,0.00037,2.0,13,85.5317,25.4434,True,7.18722e-14,ok
Ek3.7e-4,0.00037,2.0,14,94.2928,28.2626,True,7.75966e-14,ok
Ek3.7e-4,0.00037,2.0,15,104.542,30.2623,True,1.27093e-14,ok
Ek3.7e-4,0.00037,2.2,1,51.8439,-10.4439,True,6.20623e-14,ok
Ek3.7e-4,0.00037,2.2,2,44.0995,-16.0879,True,5.38779e-15,ok
Ek3.7e-4,0.00037,2.2,3,41.9141,-18.6404,True,1.44661e-13,ok
Ek3.7e-4,0.00037,2.2,4,41.9504,-18.9122,True,6.94914e-14,ok
Ek3.7e-4,0.00037,2.2,5,43.3291,-17.1577,True,2.65552e-14,ok
Ek3.7e-4,0.00037,2.2,6,45.6462,-13.5598,True,3.8275e-14,ok
Ek3.7e-4,0.00037,2.2,7,48.6254,-8.43347,True,5.5274e-14,ok
Ek3.7e-4,0.00037,2.2,8,52.0685,-2.3245,True,9.14827e-14,ok
Ek3.7e-4,0.00037,2.2,9,55.907,4.06978,True,6.94175e-14,ok
Ek3.7e-4,0.00037,2.2,10,60.2205,10.1284,True,2.98965e-14,ok
Ek3.7e-4,0.00037,2.2,11,65.1753,15.4607,True,3.64897e-14,ok
Ek3.7e-4,0.00037,2.2,12,70.9597,19.8957,True,3.5707e-14,ok
Ek3.7e-4,0.00037,2.2,13,77.757,23.4096,True,7.60515e-15,ok
Ek3.7e-4,0.00037,2.2,14,85.7402,26.0644,True,2.82837e-14,ok
Ek3.7e-4,0.00037,2.2,15,95.0729,27.967,True,1.46537e-13,ok
Ek3.7e-4,0.00037,2.4,1,47.8571,-9.60373,True,1.65116e-13,ok
Ek3.7e-4,0.00037,2.4,2,40.7662,-14.7992,True,1.36776e-14,ok
Ek3.7e-4,0.00037,2.4,3,38.7368,-17.1411,True,2.58923e-13,ok
Ek3.7e-4,0.00037,2.4,4,38.7254,-17.3787,True,6.49657e-14,ok
Ek3.7e-4,0.00037,2.4,5,39.9298,-15.753,True,1.54975e-14,ok
Ek3.7e-4,0.00037,2.4,6,41.9844,-12.4399,True,3.43618e-14,ok
Ek3.7e-4,0.00037,2.4,7,44.6456,-7.73372,True,0.0,ok
Ek3.7e-4,0.00037,2.4,8,47.7448,-2.13222,True,4.94652e-14,ok
Ek3.7e-4,0.00037,2.4,9,51.229,3.73735,True,1.39566e-14,ok
Ek3.7e-4,0.00037,2.4,10,55.1711,9.31788,True,4.69914e-14,ok
Ek3.7e-4,0.00037,2.4,11,59.717,14.2541,True,1.12787e-14,ok
Ek3.7e-4,0.00037,2.4,12,65.0318,18.3841,True,5.6284e-14,ok
Ek3.7e-4,0.00037,2.4,13,71.278,21.6776,True,3.91287e-14,ok
Ek3.7e-4,0.00037,2.4,14,78.6107,24.1841,True,3.24669e-14,ok
Ek3.7e-4,0.00037,2.4,15,87.1782,25.996,True,0.0,ok
Ek3.7e-4,0.00037,2.6,1,44.439,-8.88848,True,2.86165e-13,ok
Ek3.7e-4,0.00037,2.6,2,37.9005,-13.7011,True,3.9077e-14,ok
Ek3.7e-4,0.00037,2.6,3,36.0064,-15.8641,True,3.84187e-14,ok
Ek3.7e-4,0.00037,2.6,4,35.9601,-16.074,True,4.1235e-14,ok
Ek3.7e-4,0.00037,2.6,5,37.0246,-14.5598,True,2.20645e-14,ok
Ek3.7e-4,0.00037,2.6,6,38.8662,-11.4902,True,3.84762e-14,ok
Ek3.7e-4,0.00037,2.6,7,41.2679,-7.14089,True,3.96289e-14,ok
Ek3.7e-4,0.00037,2.6,8,44.0841,-1.9693,True,7.27645e-14,ok
Ek3.7e-4,0.00037,2.6,9,47.2733,3.45518,True,3.57862e-14,ok
Ek3.7e-4,0.00037,2.6,10,50.9027,8.62772,True,2.16936e-14,ok
Ek3.7e-4,0.00037,2.6,11,55.102,13.2227,True,5.09538e-14,ok
Ek3.7e-4,0.00037,2.6,12,60.0178,17.0864,True,6.88766e-14,ok
Ek3.7e-4,0.00037,2.6,13,65.7957,20.1848,True,2.26168e-14,ok
Ek3.7e-4,0.00037,2.6,14,72.5763,22.5574,True,2.11846e-14,ok
Ek3.7e-4,0.00037,2.6,15,80.4949,24.2849,True,2.86458e-14,ok
Ek3.7e-4,0.00037,2.8,1,41.4762,-8.27226,True,8.54694e-14,ok
Ek3.7e-4,0.00037,2.8,2,35.4106,-12.7543,True,4.85368e-14,ok
Ek3.7e-4,0.00037,2.8,3,33.635,-14.7635,True,1.99638e-13,ok
Ek3.7e-4,0.00037,2.8,4,33.5629,-14.9507,True,2.94693e-14,ok
Ek3.7e-4,0.00037,2.8,5,34.513,-13.5339,True,0.0,ok
Ek3.7e-4,0.00037,2.8,6,36.179,-10.6746,True,0.0,ok
Ek3.7e-4,0.00037,2.8,7,38.3652,-6.63226,True,1.46506e-14,ok
Ek3.7e-4,0.00037,2.8,8,40.9448,-1.82949,True,6.68873e-15,ok
Ek3.7e-4,0.00037,2.8,9,43.8847,3.21267,True,2.75013e-14,ok
Ek3.7e-4,0.00037,2.8,10,47.2472,8.03292,True,4.47752e-15,ok
Ek3.7e-4,0.00037,2.8,11,51.1489,12.3307,True,4.43114e-14,ok
Ek3.7e-4,0.00037,2.8,12,55.7214,15.9603,True,4.77237e-14,ok
Ek3.7e-4,0.00037,2.8,13,61.0965,18.8848,True,9.40368e-14,ok
Ek3.7e-4,0.00037,2.8,14,67.4026,21.1361,True,2.47987e-14,ok
Ek3.7e-4,0.00037,2.8,15,74.764,22.7855,True,6.48454e-14,ok
Ek3.7e-4,0.00037,3.0,1,38.8834,-7.73584,True,9.30151e-14,ok
Ek3.7e-4,0.00037,3.0,2,33.2273,-11.9296,True,6.12259e-14,ok
Ek3.7e-4,0.00037,3.0,3,31.5562,-13.8053,True,1.52083e-13,ok
Ek3.7e-4,0.00037,3.0,4,31.465,-13.9736,True,2.16785e-14,ok
Ek3.7e-4,0.00037,3.0,5,32.3203,-12.6425,True,1.33087e-14,ok
Ek3.7e-4,0.00037,3.0,6,33.8392,-9.96676,True,2.48142e-14,ok
Ek3.7e-4,0.00037,3.0,7,35.844,-6.19112,True,2.34051e-14,ok
Ek3.7e-4,0.00037,3.0,8,38.2229,-1.70821,True,3.66076e-14,ok
Ek3.7e-4,0.00037,3.0,9,40.9493,3.00199,True,3.95207e-14,ok
Ek3.7e-4,0.00037,3.0,10,44.0815,7.51497,True,4.85922e-14,ok
Ek3.7e-4,0.00037,3.0,11,47.7249,11.5517,True,3.33338e-14,ok
Ek3.7e-4,0.00037,3.0,12,51.999,14.9736,True,0.0,ok
Ek3.7e-4,0.00037,3.0,13,57.0239,17.7423,True,2.62116e-14,ok
Ek3.7e-4,0.00037,3.0,14,62.9177,19.8835,True,8.5043e-14,ok
Ek3.7e-4,0.00037,3.0,15,69.7954,21.4607,True,4.15451e-14,ok
Ek3.7e-4,0.00037,3.2,1,36.5955,-7.26469,True,2.13131e-13,ok
Ek3.7e-4,0.00037,3.2,2,31.2972,-11.2049,True,5.57555e-14,ok
Ek3.7e-4,0.00037,3.2,3,29.719,-12.9636,True,1.3177e-13,ok
Ek3.7e-4,0.00037,3.2,4,29.6136,-13.116,True,1.90992e-14,ok
Ek3.7e-4,0.00037,3.2,5,30.3894,-11.8608,True,1.56185e-14,ok
Ek3.7e-4,0.00037,3.2,6,31.7835,-9.34669,True,2.42474e-15,ok
Ek3.7e-4,0.00037,3.2,7,33.6337,-5.8049,True,5.14401e-14,ok
Ek3.7e-4,0.00037,3.2,8,35.8403,-1.602,True,1.96601e-14,ok
Ek3.7e-4,0.00037,3.2,9,38.382,2.81725,True,1.89453e-14,ok
Ek3.7e-4,0.00037,3.2,10,41.3132,7.05985,True,6.9169e-15,ok
Ek3.7e-4,0.00037,3.2,11,44.7304,10.8654,True,1.63838e-14,ok
Ek3.7e-4,0.00037,3.2,12,48.7427,14.1021,True,1.37993e-14,ok
Ek3.7e-4,0.00037,3.2,13,53.4603,16.7305,True,1.5538e-14,ok
Ek3.7e-4,0.00037,3.2,14,58.9926,18.7713,True,3.42301e-14,ok
Ek3.7e-4,0.00037,3.2,15,65.4464,20.2816,True,1.71256e-14,ok
Ek3.7e-4,0.00037,3.4,1,34.5616,-6.84758,True,6.57227e-14,ok
Ek3.7e-4,0.00037,3.4,2,29.5787,-10.5631,True,0.0,ok
Ek3.7e-4,0.00037,3.4,3,28.0837,-12.2183,True,2.36182e-13,ok
Ek3.7e-4,0.00037,3.4,4,27.9678,-12.3573,True,3.39067e-14,ok
Ek3.7e-4,0.00037,3.4,5,28.676,-11.1699,True,1.90463e-14,ok
Ek3.7e-4,0.00037,3.4,6,29.9632,-8.79905,True,2.57871e-14,ok
Ek3.7e-4,0.00037,3.4,7,31.6801,-5.46396,True,4.64037e-14,ok
Ek3.7e-4,0.00037,3.4,8,33.7373,-1.50822,True,2.1719e-14,ok
Ek3.7e-4,0.00037,3.4,9,36.1176,2.65395,True,7.42884e-15,ok
Ek3.7e-4,0.00037,3.4,10,38.8721,6.65677,True,4.18174e-14,ok
Ek3.7e-4,0.00037,3.4,11,42.0895,10.2562,True,7.29906e-15,ok
Ek3.7e-4,0.00037,3.4,12,45.8701,13.3266,True,2.71113e-14,ok
Ek3.7e-4,0.00037,3.4,13,50.316,15.8279,True,7.82258e-14,ok
Ek3.7e-4,0.00037,3.4,14,55.5285,17.7771,True,3.72787e-14,ok
Ek3.7e-4,0.00037,3.4,15,61.6078,19.2255,True,5.89893e-14,ok
Ek3.7e-4,0.00037,3.6,1,32.7418,-6.47573,True,1.6877e-14,ok
Ek3.7e-4,0.00037,3.6,2,28.039,-9.99068,True,2.07779e-14,ok
Ek3.7e-4,0.00037,3.6,3,26.6188,-11.5539,True,3.1494e-14,ok
Ek3.7e-4,0.00037,3.6,4,26.4951,-11.6813,True,1.32556e-14,ok
Ek3.7e-4,0.00037,3.6,5,27.1454,-10.5548,True,2.78289e-14,ok
Ek3.7e-4,0.00037,3.6,6,28.34,-8.31189,True,2.97222e-14,ok
Ek3.7e-4,0.00037,3.6,7,29.941,-5.16079,True,7.39235e-15,ok
Ek3.7e-4,0.00037,3.6,8,31.8674,-1.42481,True,3.44839e-14,ok
Ek3.7e-4,0.00037,3.6,9,34.1055,2.50856,True,1.3973e-15,ok
Ek3.7e-4,0.00037,3.6,10,36.7032,6.29729,True,3.19194e-14,ok
Ek3.7e-4,0.00037,3.6,11,39.7429,9.71183,True,3.53416e-14,ok
Ek3.7e-4,0.00037,3.6,12,43.3172,12.632,True,2.21445e-15,ok
Ek3.7e-4,0.00037,3.6,13,47.521,15.0179,True,6.5729e-14,ok
Ek3.7e-4,0.00037,3.6,14,52.4488,16.883,True,0.0,ok
Ek3.7e-4,0.00037,3.6,15,58.1947,18.274,True,6.48809e-14,ok
Ek3.7e-4,0.00037,3.8,1,31.1039,-6.14216,True,1.60731e-13,ok
Ek3.7e-4,0.00037,3.8,2,26.6514,-9.47705,True,2.11892e-14,ok
Ek3.7e-4,0.00037,3.8,3,25.299,-10.9579,True,1.53307e-13,ok
Ek3.7e-4,0.00037,3.8,4,25.1696,-11.0753,True,1.70227e-15,ok
Ek3.7e-4,0.00037,3.8,5,25.7698,-10.0038,True,2.77767e-15,ok
Ek3.7e-4,0.00037,3.8,6,26.8836,-7.87573,True,1.37728e-14,ok
Ek3.7e-4,0.00037,3.8,7,28.3829,-4.88945,True,1.85793e-14,ok
Ek3.7e-4,0.00037,3.8,8,30.194,-1.35014,True,3.8857e-14,ok
Ek3.7e-4,0.00037,3.8,9,32.3057,2.37827,True,2.54325e-14,ok
Ek3.7e-4,0.00037,3.8,10,34.7636,5.97467,True,3.17051e-14,ok
Ek3.7e-4,0.00037,3.8,11,37.6442,9.22237,True,3.8951e-14,ok
Ek3.7e-4,0.00037,3.8,12,41.0335,12.0064,True,3.60094e-14,ok
Ek3.7e-4,0.00037,3.8,13,45.0202,14.2868,True,6.23182e-14,ok
Ek3.7e-4,0.00037,3.8,14,49.6929,16.0746,True,7.35116e-14,ok
Ek3.7e-4,0.00037,3.8,15,55.1401,17.4124,True,2.10381e-15,ok
Ek3.7e-4,0.00037,4.0,1,29.622,-5.84124,True,1.10802e-13,ok
Ek3.7e-4,0.00037,4.0,2,25.3946,-9.01358,True,1.57849e-14,ok
Ek3.7e-4,0.00037,4.0,3,24.1038,-10.4203,True,1.38633e-13,ok
Ek3.7e-4,0.00037,4.0,4,23.9702,-10.5289,True,7.07687e-14,ok
Ek3.7e-4,0.00037,4.0,5,24.5268,-9.50733,True,3.26145e-14,ok
Ek3.7e-4,0.00037,4.0,6,25.5695,-7.48297,True,2.02042e-14,ok
Ek3.7e-4,0.00037,4.0,7,26.9789,-4.64518,True,8.38464e-15,ok
Ek3.7e-4,0.00037,4.0,8,28.6875,-1.2829,True,1.93688e-14,ok
Ek3.7e-4,0.00037,4.0,9,30.6863,2.26086,True,4.96553e-14,ok
Ek3.7e-4,0.00037,4.0,10,33.0187,5.68354,True,1.97247e-14,ok
Ek3.7e-4,0.00037,4.0,11,35.7559,8.77992,True,4.38617e-14,ok
Ek3.7e-4,0.00037,4.0,12,38.9785,11.4398,True,4.90369e-14,ok
Ek3.7e-4,0.00037,4.0,13,42.7694,13.6237,True,5.66675e-14,ok
Ek3.7e-4,0.00037,4.0,14,47.2122,15.3402,True,2.6126e-14,ok
Ek3.7e-4,0.00037,4.0,15,52.3903,16.6284,True,6.7152e-14,ok
Ek3.7e-4,0.00037,5.0,1,23.9224,-4.69176,True,8.00375e-14,ok
Ek3.7e-4,0.00037,5.0,2,20.5485,-7.24214,True,9.46231e-15,ok
Ek3.7e-4,0.00037,5.0,3,19.497,-8.36678,True,1.97212e-13,ok
Ek3.7e-4,0.00037,5.0,4,19.3574,-8.44465,True,1.97931e-14,ok
Ek3.7e-4,0.00037,5.0,5,19.7605,-7.61629,True,3.7836e-14,ok
Ek3.7e-4,0.00037,5.0,6,20.5474,-5.98892,True,5.97308e-15,ok
Ek3.7e-4,0.00037,5.0,7,21.6292,-3.71655,True,7.6676e-15,ok
Ek3.7e-4,0.00037,5.0,8,22.9598,-1.02713,True,5.62213e-15,ok
Ek3.7e-4,0.00037,5.0,9,24.5367,1.8133,True,1.27767e-14,ok
Ek3.7e-4,0.00037,5.0,10,26.3942,4.57027,True,1.15948e-14,ok
Ek3.7e-4,0.00037,5.0,11,28.5861,7.08168,True,3.34067e-14,ok
Ek3.7e-4,0.00037,5.0,12,31.1725,9.25653,True,1.90255e-14,ok
Ek3.7e-4,0.00037,5.0,13,34.2164,11.0581,True,3.0546e-14,ok
Ek3.7e-4,0.00037,5.0,14,37.7821,12.4881,True,1.51498e-14,ok
Ek3.7e-4,0.00037,5.0,15,41.9351,13.5733,True,0.0,ok
Ek3.7e-4,0.00037,6.0,1,20.0618,-3.92018,True,3.36969e-14,ok
Ek3.7e-4,0.00037,6.0,2,17.2548,-6.05228,True,3.45674e-14,ok
Ek3.7e-4,0.00037,6.0,3,16.3679,-6.98883,True,1.83695e-13,ok
Ek3.7e-4,0.00037,6.0,4,16.2328,-7.04854,True,5.24002e-14,ok
Ek3.7e-4,0.00037,6.0,5,16.5447,-6.35206,True,2.68776e-14,ok
Ek3.7e-4,0.00037,6.0,6,17.1739,-4.99174,True,2.00563e-14,ok
Ek3.7e-4,0.00037,6.0,7,18.05,-3.09718,True,1.91697e-14,ok
Ek3.7e-4,0.00037,6.0,8,19.1386,-0.856377,True,6.35089e-15,ok
Ek3.7e-4,0.00037,6.0,9,20.4403,1.51369,True,2.97625e-14,ok
Ek3.7e-4,0.00037,6.0,10,21.9836,3.82184,True,1.94597e-14,ok
Ek3.7e-4,0.00037,6.0,11,23.8112,5.9342,True,2.44351e-14,ok
Ek3.7e-4,0.00037,6.0,12,25.9712,7.77342,True,1.67716e-14,ok
Ek3.7e-4,0.00037,6.0,13,28.5142,9.30609,True,2.88447e-14,ok
Ek3.7e-4,0.00037,6.0,14,31.4923,10.5306,True,2.15455e-14,ok
Ek3.7e-4,0.00037,6.0,15,34.9593,11.4669,True,3.6496e-15,ok
Ek3.7e-4,0.00037,7.0,1,17.2738,-3.36649,True,1.2897e-14,ok
Ek3.7e-4,0.00037,7.0,2,14.8708,-5.19808,True,5.24969e-15,ok
Ek3.7e-4,0.00037,7.0,3,14.1039,-6.00034,True,1.19918e-14,ok
Ek3.7e-4,0.00037,7.0,4,13.9765,-6.04827,True,7.1074e-15,ok
Ek3.7e-4,0.00037,7.0,5,14.229,-5.44751,True,1.23549e-14,ok
Ek3.7e-4,0.00037,7.0,6,14.7518,-4.27904,True,1.27053e-14,ok
Ek3.7e-4,0.00037,7.0,7,15.4871,-2.65468,True,4.69447e-15,ok
Ek3.7e-4,0.00037,7.0,8,16.4078,-0.7343,True,1.84377e-14,ok
Ek3.7e-4,0.00037,7.0,9,17.516,1.29906,True,2.02344e-14,ok
Ek3.7e-4,0.00037,7.0,10,18.8359,3.28411,True,5.98708e-15,ok
Ek3.7e-4,0.00037,7.0,11,20.4031,5.10685,True,2.53353e-14,ok
Ek3.7e-4,0.00037,7.0,12,22.2574,6.7001,True,8.72189e-15,ok
Ek3.7e-4,0.00037,7.0,13,24.4411,8.0335,True,1.52258e-14,ok
Ek3.7e-4,0.00037,7.0,14,26.998,9.10386,True,1.43492e-10,ok
Ek3.7e-4,0.00037,7.0,15,29.9736,9.92667,True,3.0085e-14,ok
Ek3.7e-4,0.00037,8.0,1,15.1661,-2.94982,True,4.78198e-14,ok
Ek3.7e-4,0.00037,8.0,2,13.0655,-4.5551,True,2.64914e-14,ok
Ek3.7e-4,0.00037,8.0,3,12.39,-5.2567,True,2.3009e-14,ok
Ek3.7e-4,0.00037,8.0,4,12.2707,-5.29648,True,6.22894e-15,ok
Ek3.7e-4,0.00037,8.0,5,12.4818,-4.76833,True,2.46121e-14,ok
Ek3.7e-4,0.00037,8.0,6,12.9284,-3.74434,True,7.78273e-15,ok
Ek3.7e-4,0.00037,8.0,7,13.5615,-2.32279,True,2.03661e-14,ok
Ek3.7e-4,0.00037,8.0,8,14.359,-0.642682,True,1.35736e-14,ok
Ek3.7e-4,0.00037,8.0,9,15.3237,1.13774,True,1.69582e-14,ok
Ek3.7e-4,0.00037,8.0,10,16.4767,2.87906,True,1.19634e-14,ok
Ek3.7e-4,0.00037,8.0,11,17.8484,4.48204,True,2.62059e-14,ok
Ek3.7e-4,0.00037,8.0,12,19.4729,5.8873,True,4.81008e-15,ok
Ek3.7e-4,0.00037,8.0,13,21.3862,7.06719,True,2.21801e-14,ok
Ek3.7e-4,0.00037,8.0,14,23.6264,8.01767,True,9.81318e-15,ok
Ek3.7e-4,0.00037,8.0,15,26.2326,8.75128,True,1.59424e-14,ok
Ek3.7e-4,0.00037,9.0,1,13.5167,-2.62493,True,5.35479e-15,ok
Ek3.7e-4,0.00037,9.0,2,11.6509,-4.05365,True,1.1402e-14,ok
Ek3.7e-4,0.00037,9.0,3,11.0474,-4.677,True,4.24995e-15,ok
Ek3.7e-4,0.00037,9.0,4,10.9359,-4.71084,True,6.15952e-16,ok
Ek3.7e-4,0.00037,9.0,5,11.1167,-4.23967,True,1.39692e-14,ok
Ek3.7e-4,0.00037,9.0,6,11.5062,-3.32838,True,2.45984e-15,ok
Ek3.7e-4,0.00037,9.0,7,12.0618,-2.06464,True,6.86227e-15,ok
Ek3.7e-4,0.00037,9.0,8,12.7651,-0.57139,True,5.79956e-15,ok
Ek3.7e-4,0.00037,9.0,9,13.6191,1.01207,True,1.08032e-14,ok
Ek3.7e-4,0.00037,9.0,10,14.6427,2.56298,True,8.38681e-15,ok
Ek3.7e-4,0.00037,9.0,11,15.8622,3.99348,True,2.65585e-15,ok
Ek3.7e-4,0.00037,9.0,12,17.3075,5.25041,True,7.65134e-15,ok
Ek3.7e-4,0.00037,9.0,13,19.0101,6.30843,True,9.94112e-15,ok
Ek3.7e-4,0.00037,9.0,14,21.0034,7.1631,True,3.1331e-14,ok
Ek3.7e-4,0.00037,9.0,15,23.322,7.82482,True,1.18959e-14,ok
Ek3.7e-4,0.00037,10.0,1,12.1909,-2.36449,True,6.36222e-14,ok
Ek3.7e-4,0.00037,10.0,2,10.5127,-3.65163,True,1.14732e-14,ok
Ek3.7e-4,0.00037,10.0,3,9.96725,-4.21242,True,3.64457e-14,ok
Ek3.7e-4,0.00037,10.0,4,9.86302,-4.24177,True,5.49336e-15,ok
Ek3.7e-4,0.00037,10.0,5,10.0207,-3.81649,True,4.85132e-15,ok
Ek3.7e-4,0.00037,10.0,6,10.3658,-2.99558,True,4.98128e-16,ok
Ek3.7e-4,0.00037,10.0,7,10.8607,-1.85813,True,1.26495e-14,ok
Ek3.7e-4,0.00037,10.0,8,11.4897,-0.514334,True,5.63899e-15,ok
Ek3.7e-4,0.00037,10.0,9,12.2558,0.911398,True,1.23575e-14,ok
Ek3.7e-4,0.00037,10.0,10,13.176,2.30944,True,1.77641e-14,ok
Ek3.7e-4,0.00037,10.0,11,14.2738,3.60098,True,6.47834e-15,ok
Ek3.7e-4,0.00037,10.0,12,15.5756,4.7379,True,1.18379e-14,ok
Ek3.7e-4,0.00037,10.0,13,17.1092,5.69683,True,1.71147e-14,ok
Ek3.7e-4,0.00037,10.0,14,18.9046,6.47318,True,2.32603e-14,ok
Ek3.7e-4,0.00037,10.0,15,20.9927,7.07577,True,0.0,ok
Ek3.7e-4,0.00037,20.0,1,6.15409,-1.18685,True,2.40837e-14,ok
Ek3.7e-4,0.00037,20.0,2,5.31741,-1.83326,True,4.10441e-15,ok
Ek3.7e-4,0.00037,20.0,3,5.03947,-2.11307,True,6.69222e-15,ok
Ek3.7e-4,0.00037,20.0,4,4.97831,-2.1252,True,2.25644e-15,ok
Ek3.7e-4,0.00037,20.0,5,5.04577,-1.9098,True,3.44195e-15,ok
Ek3.7e-4,0.00037,20.0,6,5.206,-1.49771,True,9.96152e-15,ok
Ek3.7e-4,0.00037,20.0,7,5.4419,-0.928888,True,7.6635e-16,ok
Ek3.7e-4,0.00037,20.0,8,5.74729,-0.25735,True,4.58822e-15,ok
Ek3.7e-4,0.00037,20.0,9,6.12475,0.45692,True,1.11258e-15,ok
Ek3.7e-4,0.00037,20.0,10,6.58263,1.16102,True,7.93173e-15,ok
Ek3.7e-4,0.00037,20.0,11,7.13197,1.81617,True,1.53805e-14,ok
Ek3.7e-4,0.00037,20.0,12,7.785,2.3977,True,2.55305e-15,ok
Ek3.7e-4,0.00037,20.0,13,8.55496,2.8927,True,6.96754e-15,ok
Ek3.7e-4,0.00037,20.0,14,9.45604,3.29751,True,2.35405e-14,ok
Ek3.7e-4,0.00037,20.0,15,10.5033,3.61527,True,2.17663e-15,ok
Ek3.7e-4,0.00037,40.0,1,3.09185,-0.594571,True,1.9624e-14,ok
Ek3.7e-4,0.00037,40.0,2,2.67415,-0.918464,True,4.8701e-15,ok
Ek3.7e-4,0.00037,40.0,3,2.53384,-1.05819,True,9.19967e-15,ok
Ek3.7e-4,0.00037,40.0,4,2.50094,-1.06361,True,4.64704e-15,ok
Ek3.7e-4,0.00037,40.0,5,2.53178,-0.955221,True,6.07812e-16,ok
Ek3.7e-4,0.00037,40.0,6,2.60878,-0.74879,True,3.98392e-15,ok
Ek3.7e-4,0.00037,40.0,7,2.72383,-0.464383,True,2.48999e-15,ok
Ek3.7e-4,0.00037,40.0,8,2.87426,-0.12872,True,3.1198e-15,ok
Ek3.7e-4,0.00037,40.0,9,3.06158,0.22877,True,3.9046e-15,ok
Ek3.7e-4,0.00037,40.0,10,3.28996,0.582117,True,2.33251e-15,ok
Ek3.7e-4,0.00037,40.0,11,3.56473,0.912086,True,6.46518e-15,ok
Ek3.7e-4,0.00037,40.0,12,3.89179,1.20621,True,8.07661e-16,ok
Ek3.7e-4,0.00037,40.0,13,4.27757,1.45774,True,2.59516e-15,ok
Ek3.7e-4,0.00037,40.0,14,4.729,1.66448,True,1.53792e-15,ok
Ek3.7e-4,0.00037,40.0,15,5.2535,1.82768,True,0.0,ok
Ek3.7e-4,0.00037,60.0,1,2.06454,-0.396635,True,9.85079e-15,ok
Ek3.7e-4,0.00037,60.0,2,1.78621,-0.612714,True,5.83518e-16,ok
Ek3.7e-4,0.00037,60.0,3,1.69237,-0.705826,True,1.10621e-15,ok
Ek3.7e-4,0.00037,60.0,4,1.66992,-0.70929,True,4.46836e-15,ok
Ek3.7e-4,0.00037,60.0,5,1.68983,-0.636879,True,2.16155e-15,ok
Ek3.7e-4,0.00037,60.0,6,1.74047,-0.499175,True,1.3832e-15,ok
Ek3.7e-4,0.00037,60.0,7,1.81653,-0.309574,True,1.23423e-15,ok
Ek3.7e-4,0.00037,60.0,8,1.91631,-0.085823,True,1.36073e-15,ok
Ek3.7e-4,0.00037,60.0,9,2.04088,0.152582,True,8.06444e-16,ok
Ek3.7e-4,0.00037,60.0,10,2.193,0.388438,True,1.47413e-15,ok
Ek3.7e-4,0.00037,60.0,11,2.3762,0.608956,True,1.31744e-15,ok
Ek3.7e-4,0.00037,60.0,12,2.59437,0.805798,True,2.73934e-15,ok
Ek3.7e-4,0.00037,60.0,13,2.85174,0.97439,True,2.10817e-16,ok
Ek3.7e-4,0.00037,60.0,14,3.15289,1.11319,True,3.3019e-15,ok
Ek3.7e-4,0.00037,60.0,15,3.50275,1.22298,True,4.98162e-15,ok
Ek3.7e-4,0.00037,80.0,1,1.54965,-0.297571,True,3.22453e-15,ok
Ek3.7e-4,0.00037,80.0,2,1.34095,-0.459687,True,1.17302e-15,ok
Ek3.7e-4,0.00037,80.0,3,1.27046,-0.529505,True,1.12061e-15,ok
Ek3.7e-4,0.00037,80.0,4,1.25343,-0.532048,True,2.19993e-15,ok
Ek3.7e-4,0.00037,80.0,5,1.26812,-0.477683,True,1.01333e-16,ok
Ek3.7e-4,0.00037,80.0,6,1.30584,-0.374373,True,4.35691e-16,ok
Ek3.7e-4,0.00037,80.0,7,1.36264,-0.232174,True,2.05872e-15,ok
Ek3.7e-4,0.00037,80.0,8,1.43728,-0.0643709,True,3.82748e-16,ok
Ek3.7e-4,0.00037,80.0,9,1.53059,0.114463,True,1.55932e-15,ok
Ek3.7e-4,0.00037,80.0,10,1.64464,0.291464,True,2.1881e-15,ok
Ek3.7e-4,0.00037,80.0,11,1.78205,0.457055,True,2.59756e-15,ok
Ek3.7e-4,0.00037,80.0,12,1.94572,0.604972,True,2.68179e-15,ok
Ek3.7e-4,0.00037,80.0,13,2.13881,0.731759,True,1.54568e-15,ok
Ek3.7e-4,0.00037,80.0,14,2.36475,0.836232,True,2.01854e-15,ok
Ek3.7e-4,0.00037,80.0,15,2.62722,0.918943,True,0.0,ok
Ek3.7e-4,0.00037,100.0,1,1.24032,-0.238103,True,4.65769e-15,ok
Ek3.7e-4,0.00037,100.0,2,1.07339,-0.367823,True,1.80247e-16,ok
Ek3.7e-4,0.00037,100.0,3,1.01694,-0.423669,True,1.59424e-16,ok
Ek3.7e-4,0.00037,100.0,4,1.00321,-0.425677,True,4.3051e-15,ok
Ek3.7e-4,0.00037,100.0,5,1.01485,-0.382157,True,7.78279e-16,ok
Ek3.7e-4,0.00037,100.0,6,1.0449,-0.299495,True,7.17004e-16,ok
Ek3.7e-4,0.00037,100.0,7,1.09022,-0.185737,True,3.37045e-16,ok
Ek3.7e-4,0.00037,100.0,8,1.14985,-0.0514985,True,1.4039e-15,ok
Ek3.7e-4,0.00037,100.0,9,1.22444,0.0915828,True,9.98235e-16,ok
Ek3.7e-4,0.00037,100.0,10,1.31565,0.233236,True,1.69106e-15,ok
Ek3.7e-4,0.00037,100.0,11,1.42559,0.365807,True,8.91384e-16,ok
Ek3.7e-4,0.00037,100.0,12,1.55655,0.484277,True,2.39544e-15,ok
Ek3.7e-4,0.00037,100.0,13,1.71105,0.585872,True,1.14324e-15,ok
Ek3.7e-4,0.00037,100.0,14,1.89184,0.669629,True,7.96524e-16,ok
Ek3.7e-4,0.00037,100.0,15,2.10185,0.735977,True,2.52573e-15,ok
Ek5.2e-4,0.00052,0.01,1,1037.5,0.0,True,0.0,ok
Ek5.2e-4,0.00052,0.01,2,3402.48,-154.412,True,9.85093e-10,ok
Ek5.2e-4,0.00052,0.01,3,3975.57,-156.402,True,7.12413e-10,ok
Ek5.2e-4,0.00052,0.01,4,4973.36,-143.2,True,2.83516e-10,ok
Ek5.2e-4,0.00052,0.01,5,6169.407579421928,618.8810740993288,True,0.000106011,ok
Ek5.2e-4,0.00052,0.01,6,7446.279640124928,528.2830112460961,True,1.39238e-05,ok
Ek5.2e-4,0.00052,0.01,7,9061.831259465893,442.6029370267054,True,4.93789e-05,ok
Ek5.2e-4,0.00052,0.01,8,10925.59997370507,353.4590002629493,True,3.67037e-08,ok
Ek5.2e-4,0.00052,0.01,9,12688.100023272204,265.1619988459297,True,1.507e-06,ok
Ek5.2e-4,0.00052,0.01,10,14086.0,204.834,True,3.48639e-09,ok
Ek5.2e-4,0.00052,0.01,11,15512.1,172.299,True,4.53189e-12,ok
Ek5.2e-4,0.00052,0.01,12,17233.6,152.508,True,1.21042e-13,ok
Ek5.2e-4,0.00052,0.01,13,19332.7,138.604,True,2.33283e-13,ok
Ek5.2e-4,0.00052,0.01,14,21850.2,127.897,True,2.83758e-14,ok
Ek5.2e-4,0.00052,0.01,15,24819.7,119.172,True,2.46363e-14,ok
Ek5.2e-4,0.00052,0.03,1,1141.25,0.0,True,0.0,ok
Ek5.2e-4,0.00052,0.03,2,1183.36,-142.388,True,2.14161e-10,ok
Ek5.2e-4,0.00052,0.03,3,1367.74,-145.918,True,1.68766e-09,ok
Ek5.2e-4,0.00052,0.03,4,1700.19,-134.31,True,8.7965e-11,ok
Ek5.2e-4,0.00052,0.03,5,2170.2,-110.478,True,2.75251e-13,ok
Ek5.2e-4,0.00052,0.03,6,2682.890001614885,483.871999837451,True,1.62576e-07,ok
Ek5.2e-4,0.00052,0.03,7,3211.8400281890717,402.8329967711445,True,2.7122e-06,ok
Ek5.2e-4,0.00052,0.03,8,3812.210251449448,313.7409616447996,True,2.94148e-05,ok
Ek5.2e-4,0.00052,0.03,9,4319.3500013784,232.17199977354863,True,2.74018e-07,ok
Ek5.2e-4,0.00052,0.03,10,4722.73,185.499,True,1.11234e-09,ok
Ek5.2e-4,0.00052,0.03,11,5179.8,160.547,True,5.96922e-12,ok
Ek5.2e-4,0.00052,0.03,12,5748.28,144.442,True,3.80018e-13,ok
Ek5.2e-4,0.00052,0.03,13,6446.08,132.55,True,1.06674e-13,ok
Ek5.2e-4,0.00052,0.03,14,7284.44,123.065,True,3.94088e-13,ok
Ek5.2e-4,0.00052,0.03,15,8273.86,115.146,True,2.30002e-13,ok
Ek5.2e-4,0.00052,0.05,1,867.702,-98.4122,True,7.14031e-13,ok
Ek5.2e-4,0.00052,0.05,2,744.927,-131.833,True,4.9781e-10,ok
Ek5.2e-4,0.00052,0.05,3,849.351,-136.493,True,3.79176e-10,ok
Ek5.2e-4,0.00052,0.05,4,1047.14,-126.196,True,6.69936e-12,ok
Ek5.2e-4,0.00052,0.05,5,1329.56,-103.475,True,5.57214e-13,ok
Ek5.2e-4,0.00052,0.05,6,1716.44,-63.2864,True,2.08436e-13,ok
Ek5.2e-4,0.00052,0.05,7,2066.359993890964,359.6060012928427,True,8.76601e-07,ok
Ek5.2e-4,0.00052,0.05,8,2395.4100112834767,269.9609963596586,True,2.9057e-06,ok
Ek5.2e-4,0.00052,0.05,9,2632.53,201.787,True,3.23426e-09,ok
Ek5.2e-4,0.00052,0.05,10,2845.43,168.863,True,4.67864e-10,ok
Ek5.2e-4,0.00052,0.05,11,3112.3,150.197,True,1.36969e-12,ok
Ek5.2e-4,0.00052,0.05,12,3451.08,137.165,True,3.26375e-14,ok
Ek5.2e-4,0.00052,0.05,13,3868.85,126.997,True,1.39891e-14,ok
Ek5.2e-4,0.00052,0.05,14,4371.44,118.584,True,1.46364e-13,ok
Ek5.2e-4,0.00052,0.05,15,4964.87,111.384,True,0.0,ok
Ek5.2e-4,0.00052,0.07,1,659.171,-90.2169,True,6.91835e-13,ok
Ek5.2e-4,0.00052,0.07,2,559.108,-122.535,True,2.57859e-11,ok
Ek5.2e-4,0.00052,0.07,3,628.504,-128.002,True,1.63033e-10,ok
Ek5.2e-4,0.00052,0.07,4,767.852,-118.782,True,5.16434e-12,ok
Ek5.2e-4,0.00052,0.07,5,969.061,-97.0541,True,2.28763e-13,ok
Ek5.2e-4,0.00052,0.07,6,1243.5,-58.071,True,4.67992e-14,ok
Ek5.2e-4,0.00052,0.07,7,1592.63,309.665,True,3.03707e-09,ok
Ek5.2e-4,0.00052,0.07,8,1781.5299992240869,221.4180004288721,True,3.02444e-07,ok
Ek5.2e-4,0.00052,0.07,9,1899.07,175.548,True,1.43027e-09,ok
Ek5.2e-4,0.00052,0.07,10,2038.25,154.64,True,1.27395e-10,ok
Ek5.2e-4,0.00052,0.07,11,2225.61,141.049,True,1.1389e-12,ok
Ek5.2e-4,0.00052,0.07,12,2466.46,130.575,True,3.10556e-13,ok
Ek5.2e-4,0.00052,0.07,13,2764.36,121.888,True,1.54633e-13,ok
Ek5.2e-4,0.00052,0.07,14,3123.1,114.417,True,1.81678e-13,ok
Ek5.2e-4,0.00052,0.07,15,3546.82,107.859,True,5.24707e-13,ok
Ek5.2e-4,0.00052,0.1,1,503.146,-79.9931,True,2.88609e-13,ok
Ek5.2e-4,0.00052,0.1,2,420.741,-110.55,True,1.31125e-11,ok
Ek5.2e-4,0.00052,0.1,3,463.594,-116.778,True,4.58229e-11,ok
Ek5.2e-4,0.00052,0.1,4,558.546,-108.827,True,5.34162e-13,ok
Ek5.2e-4,0.00052,0.1,5,698.037,-88.4136,True,0.0,ok
Ek5.2e-4,0.00052,0.1,6,886.842,-51.3021,True,1.09575e-13,ok
Ek5.2e-4,0.00052,0.1,7,1144.31,27.4516,True,3.29432e-13,ok
Ek5.2e-4,0.00052,0.1,8,1283.8,149.508,True,1.05943e-09,ok
Ek5.2e-4,0.00052,0.1,9,1338.21,144.826,True,4.88831e-11,ok
Ek5.2e-4,0.00052,0.1,10,1430.46,137.059,True,7.77204e-12,ok
Ek5.2e-4,0.00052,0.1,11,1559.99,129.202,True,3.47497e-13,ok
Ek5.2e-4,0.00052,0.1,12,1727.87,121.79,True,2.57308e-14,ok
Ek5.2e-4,0.00052,0.1,13,1936.03,114.95,True,2.29216e-14,ok
Ek5.2e-4,0.00052,0.1,14,2186.92,108.688,True,3.68865e-13,ok
Ek5.2e-4,0.00052,0.1,15,2483.38,102.971,True,9.19675e-14,ok
Ek5.2e-4,0.00052,0.2,1,312.842,-57.3733,True,1.48465e-13,ok
Ek5.2e-4,0.00052,0.2,2,256.394,-82.3898,True,2.00183e-13,ok
Ek5.2e-4,0.00052,0.2,3,269.478,-89.0766,True,4.26696e-13,ok
Ek5.2e-4,0.00052,0.2,4,311.952,-83.531,True,2.7839e-13,ok
Ek5.2e-4,0.00052,0.2,5,377.428,-66.5329,True,2.30369e-14,ok
Ek5.2e-4,0.00052,0.2,6,463.301,-35.6733,True,2.42834e-13,ok
Ek5.2e-4,0.00052,0.2,7,558.884,13.5517,True,9.93964e-14,ok
Ek5.2e-4,0.00052,0.2,8,625.922,65.7181,True,5.189e-11,ok
Ek5.2e-4,0.00052,0.2,9,667.512,90.8188,True,6.43865e-13,ok
Ek5.2e-4,0.00052,0.2,10,716.562,99.3465,True,6.16365e-13,ok
Ek5.2e-4,0.00052,0.2,11,781.855,100.961,True,3.1828e-13,ok
Ek5.2e-4,0.00052,0.2,12,865.748,99.4989,True,5.15214e-14,ok
Ek5.2e-4,0.00052,0.2,13,969.643,96.6294,True,1.9437e-13,ok
Ek5.2e-4,0.00052,0.2,14,1094.89,93.1501,True,2.25781e-13,ok
Ek5.2e-4,0.00052,0.2,15,1242.94,89.4637,True,3.74876e-13,ok
Ek5.2e-4,0.00052,0.3,1,238.742,-44.3041,True,3.54121e-13,ok
Ek5.2e-4,0.00052,0.3,2,195.542,-64.9911,True,1.02581e-13,ok
Ek5.2e-4,0.00052,0.3,3,200.401,-71.0278,True,1.40026e-13,ok
Ek5.2e-4,0.00052,0.3,4,225.605,-66.5937,True,0.0,ok
Ek5.2e-4,0.00052,0.3,5,265.709,-52.144,True,9.43342e-14,ok
Ek5.2e-4,0.00052,0.3,6,316.84,-26.659,True,6.9041e-14,ok
Ek5.2e-4,0.00052,0.3,7,369.795,9.2767,True,1.69588e-13,ok
Ek5.2e-4,0.00052,0.3,8,410.401,44.6257,True,3.24734e-13,ok
Ek5.2e-4,0.00052,0.3,9,442.031,66.9819,True,1.55659e-13,ok
Ek5.2e-4,0.00052,0.3,10,477.189,78.2125,True,2.01621e-13,ok
Ek5.2e-4,0.00052,0.3,11,521.753,82.9788,True,0.0,ok
Ek5.2e-4,0.00052,0.3,12,578.059,84.1646,True,3.68647e-14,ok
Ek5.2e-4,0.00052,0.3,13,647.42,83.3758,True,2.2912e-13,ok
Ek5.2e-4,0.00052,0.3,14,730.9,81.5148,True,7.95339e-13,ok
Ek5.2e-4,0.00052,0.3,15,829.541,79.0977,True,0.0,ok
Ek5.2e-4,0.00052,0.4,1,195.521,-35.9169,True,1.43221e-13,ok
Ek5.2e-4,0.00052,0.4,2,160.869,-53.3554,True,1.97536e-14,ok
Ek5.2e-4,0.00052,0.4,3,162.508,-58.6022,True,8.3404e-14,ok
Ek5.2e-4,0.00052,0.4,4,179.42,-54.8102,True,6.25365e-14,ok
Ek5.2e-4,0.00052,0.4,5,206.952,-42.3605,True,9.96098e-14,ok
Ek5.2e-4,0.00052,0.4,6,241.412,-21.0618,True,1.20045e-13,ok
Ek5.2e-4,0.00052,0.4,7,276.267,7.08976,True,2.10664e-13,ok
Ek5.2e-4,0.00052,0.4,8,304.91,34.2793,True,1.50843e-13,ok
Ek5.2e-4,0.00052,0.4,9,329.798,53.4287,True,1.4856e-13,ok
Ek5.2e-4,0.00052,0.4,10,357.383,64.6841,True,2.46777e-13,ok
Ek5.2e-4,0.00052,0.4,11,391.503,70.5287,True,2.675e-13,ok
Ek5.2e-4,0.00052,0.4,12,434.064,72.9736,True,1.66278e-13,ok
Ek5.2e-4,0.00052,0.4,13,486.217,73.3444,True,1.11981e-13,ok
Ek5.2e-4,0.00052,0.4,14,548.859,72.477,True,2.09584e-13,ok
Ek5.2e-4,0.00052,0.4,15,622.824,70.892,True,1.13336e-13,ok
Ek5.2e-4,0.00052,0.5,1,166.213,-30.1261,True,1.79481e-13,ok
Ek5.2e-4,0.00052,0.5,2,137.485,-45.1048,True,8.47009e-14,ok
Ek5.2e-4,0.00052,0.5,3,137.631,-49.6491,True,0.0,ok
Ek5.2e-4,0.00052,0.5,4,149.826,-46.2988,True,8.18073e-14,ok
Ek5.2e-4,0.00052,0.5,5,170.071,-35.4386,True,1.17646e-13,ok
Ek5.2e-4,0.00052,0.5,6,195.167,-17.3263,True,1.27067e-13,ok
Ek5.2e-4,0.00052,0.5,7,220.482,5.7474,True,1.44861e-13,ok
Ek5.2e-4,0.00052,0.5,8,242.44,27.971,True,8.68615e-14,ok
Ek5.2e-4,0.00052,0.5,9,262.813,44.5878,True,4.82827e-14,ok
Ek5.2e-4,0.00052,0.5,10,285.538,55.2437,True,1.16471e-13,ok
Ek5.2e-4,0.00052,0.5,11,313.286,61.3837,True,5.2291e-14,ok
Ek5.2e-4,0.00052,0.5,12,347.586,64.441,True,1.87296e-13,ok
Ek5.2e-4,0.00052,0.5,13,389.428,65.4853,True,1.26464e-13,ok
Ek5.2e-4,0.00052,0.5,14,439.585,65.2533,True,1.0341e-13,ok
Ek5.2e-4,0.00052,0.5,15,498.759,64.2347,True,2.86305e-13,ok
Ek5.2e-4,0.00052,0.6,1,144.755,-25.9078,True,6.52046e-14,ok
Ek5.2e-4,0.00052,0.6,2,120.322,-38.9871,True,4.74618e-14,ok
Ek5.2e-4,0.00052,0.6,3,119.708,-42.95,True,2.17603e-13,ok
Ek5.2e-4,0.00052,0.6,4,128.94,-39.937,True,3.54153e-13,ok
Ek5.2e-4,0.00052,0.6,5,144.555,-30.3511,True,5.11363e-14,ok
Ek5.2e-4,0.00052,0.6,6,163.847,-14.6823,True,3.58996e-14,ok
Ek5.2e-4,0.00052,0.6,7,183.433,4.83614,True,9.08817e-14,ok
Ek5.2e-4,0.00052,0.6,8,201.165,23.6786,True,3.89048e-14,ok
Ek5.2e-4,0.00052,0.6,9,218.362,38.3262,True,1.01925e-14,ok
Ek5.2e-4,0.00052,0.6,10,237.688,48.2602,True,2.50495e-13,ok
Ek5.2e-4,0.00052,0.6,11,261.115,54.3717,True,2.05133e-13,ok
Ek5.2e-4,0.00052,0.6,12,289.885,57.7151,True,0.0,ok
Ek5.2e-4,0.00052,0.6,13,324.853,59.1594,True,6.07125e-14,ok
Ek5.2e-4,0.00052,0.6,14,366.693,59.3461,True,9.77542e-14,ok
Ek5.2e-4,0.00052,0.6,15,416.015,58.7245,True,2.27328e-13,ok
Ek5.2e-4,0.00052,0.7,1,128.277,-22.7072,True,9.30234e-14,ok
Ek5.2e-4,0.00052,0.7,2,107.077,-34.2884,True,8.158e-15,ok
Ek5.2e-4,0.00052,0.7,3,106.053,-37.7783,True,7.42739e-14,ok
Ek5.2e-4,0.00052,0.7,4,113.296,-35.0376,True,4.2592e-14,ok
Ek5.2e-4,0.00052,0.7,5,125.777,-26.4845,True,7.78744e-14,ok
Ek5.2e-4,0.00052,0.7,6,141.211,-12.7225,True,5.84032e-14,ok
Ek5.2e-4,0.00052,0.7,7,157.041,4.17592,True,4.54969e-14,ok
Ek5.2e-4,0.00052,0.7,8,171.875,20.5533,True,1.72944e-13,ok
Ek5.2e-4,0.00052,0.7,9,186.732,33.6416,True,5.49719e-14,ok
Ek5.2e-4,0.00052,0.7,10,203.546,42.8735,True,3.82639e-14,ok
Ek5.2e-4,0.00052,0.7,11,223.838,48.818,True,1.81904e-13,ok
Ek5.2e-4,0.00052,0.7,12,248.64,52.2738,True,1.13765e-13,ok
Ek5.2e-4,0.00052,0.7,13,278.693,53.9563,True,2.52513e-13,ok
Ek5.2e-4,0.00052,0.7,14,314.595,54.4247,True,1.2332e-13,ok
Ek5.2e-4,0.00052,0.7,15,356.883,54.0881,True,8.11997e-14,ok
Ek5.2e-4,0.00052,0.8,1,115.196,-20.2003,True,1.04763e-13,ok
Ek5.2e-4,0.00052,0.8,2,96.5012,-30.5759,True,3.50302e-13,ok
Ek5.2e-4,0.00052,0.8,3,95.2524,-33.6803,True,1.84974e-13,ok
Ek5.2e-4,0.00052,0.8,4,101.093,-31.1665,True,1.34802e-13,ok
Ek5.2e-4,0.00052,0.8,5,111.351,-23.461,True,5.72892e-14,ok
Ek5.2e-4,0.00052,0.8,6,124.078,-11.216,True,8.37993e-14,ok
Ek5.2e-4,0.00052,0.8,7,137.286,3.6751,True,4.49852e-15,ok
Ek5.2e-4,0.00052,0.8,8,150.018,18.1695,True,5.49781e-14,ok
Ek5.2e-4,0.00052,0.8,9,163.085,29.9967,True,1.74822e-13,ok
Ek5.2e-4,0.00052,0.8,10,177.966,38.5861,True,1.08478e-13,ok
Ek5.2e-4,0.00052,0.8,11,195.875,44.3068,True,4.08651e-14,ok
Ek5.2e-4,0.00052,0.8,12,217.685,47.7789,True,1.58403e-13,ok
Ek5.2e-4,0.00052,0.8,13,244.046,49.6,True,1.96314e-13,ok
Ek5.2e-4,0.00052,0.8,14,275.495,50.2606,True,1.40228e-13,ok
Ek5.2e-4,0.00052,0.8,15,312.511,50.1325,True,4.35982e-14,ok
Ek5.2e-4,0.00052,1.0,1,95.7045,-16.5329,True,1.32766e-14,ok
Ek5.2e-4,0.00052,1.0,2,80.6205,-25.0996,True,3.93429e-14,ok
Ek5.2e-4,0.00052,1.0,3,79.1901,-27.6238,True,1.48257e-13,ok
Ek5.2e-4,0.00052,1.0,4,83.232,-25.4686,True,5.40109e-14,ok
Ek5.2e-4,0.00052,1.0,5,90.6072,-19.0599,True,1.0083e-14,ok
Ek5.2e-4,0.00052,1.0,6,99.8585,-9.05838,True,1.02486e-14,ok
Ek5.2e-4,0.00052,1.0,7,109.688,2.96508,True,4.44114e-14,ok
Ek5.2e-4,0.00052,1.0,8,119.583,14.7643,True,9.68043e-14,ok
Ek5.2e-4,0.00052,1.0,9,130.102,24.6803,True,2.95862e-14,ok
Ek5.2e-4,0.00052,1.0,10,142.2,32.1806,True,1.00602e-13,ok
Ek5.2e-4,0.00052,1.0,11,156.719,37.4159,True,6.79986e-14,ok
Ek5.2e-4,0.00052,1.0,12,174.31,40.7825,True,1.09638e-13,ok
Ek5.2e-4,0.00052,1.0,13,195.492,42.7143,True,7.59605e-14,ok
Ek5.2e-4,0.00052,1.0,14,220.703,43.5967,True,4.616e-14,ok
Ek5.2e-4,0.00052,1.0,15,250.339,43.7396,True,1.85852e-13,ok
Ek5.2e-4,0.00052,1.2,1,81.8611,-13.9843,True,2.61895e-13,ok
Ek5.2e-4,0.00052,1.2,2,69.2394,-21.2658,True,8.47262e-14,ok
Ek5.2e-4,0.00052,1.2,3,67.7846,-23.3809,True,7.96582e-14,ok
Ek5.2e-4,0.00052,1.2,4,70.7571,-21.497,True,8.33722e-14,ok
Ek5.2e-4,0.00052,1.2,5,76.392,-16.0256,True,6.23714e-14,ok
Ek5.2e-4,0.00052,1.2,6,83.5537,-7.59123,True,7.51748e-14,ok
Ek5.2e-4,0.00052,1.2,7,91.3269,2.48551,True,6.13855e-14,ok
Ek5.2e-4,0.00052,1.2,8,99.4055,12.443,True,8.16503e-14,ok
Ek5.2e-4,0.00052,1.2,9,108.201,20.9806,True,6.41425e-14,ok
Ek5.2e-4,0.00052,1.2,10,118.394,27.6159,True,4.76266e-14,ok
Ek5.2e-4,0.00052,1.2,11,130.611,32.3942,True,2.91262e-14,ok
Ek5.2e-4,0.00052,1.2,12,145.364,35.5842,True,5.71107e-14,ok
Ek5.2e-4,0.00052,1.2,13,163.081,37.5149,True,1.31835e-13,ok
Ek5.2e-4,0.00052,1.2,14,184.129,38.4981,True,9.76997e-14,ok
Ek5.2e-4,0.00052,1.2,15,208.845,38.7961,True,8.8774e-14,ok
Ek5.2e-4,0.00052,1.4,1,71.5164,-12.1126,True,9.56959e-14,ok
Ek5.2e-4,0.00052,1.4,2,60.6745,-18.438,True,6.13326e-14,ok
Ek5.2e-4,0.00052,1.4,3,59.2552,-20.2525,True,2.84608e-15,ok
Ek5.2e-4,0.00052,1.4,4,61.5401,-18.5808,True,4.07258e-14,ok
Ek5.2e-4,0.00052,1.4,5,66.0361,-13.8141,True,5.29656e-14,ok
Ek5.2e-4,0.00052,1.4,6,71.8272,-6.5306,True,4.49821e-14,ok
Ek5.2e-4,0.00052,1.4,7,78.231,2.13971,True,3.04979e-15,ok
Ek5.2e-4,0.00052,1.4,8,85.0497,10.7566,True,5.13831e-14,ok
Ek5.2e-4,0.00052,1.4,9,92.6036,18.253,True,0.0,ok
Ek5.2e-4,0.00052,1.4,10,101.41,24.1936,True,8.93542e-14,ok
Ek5.2e-4,0.00052,1.4,11,111.96,28.5684,True,4.53058e-14,ok
Ek5.2e-4,0.00052,1.4,12,124.671,31.5671,True,4.49442e-14,ok
Ek5.2e-4,0.00052,1.4,13,139.903,33.4482,True,1.43618e-13,ok
Ek5.2e-4,0.00052,1.4,14,157.974,34.4702,True,4.94686e-14,ok
Ek5.2e-4,0.00052,1.4,15,179.175,34.8586,True,4.21581e-14,ok
Ek5.2e-4,0.00052,1.6,1,63.4918,-10.6809,True,1.29821e-13,ok
Ek5.2e-4,0.00052,1.6,2,53.9938,-16.2688,True,5.69328e-14,ok
Ek5.2e-4,0.00052,1.6,3,52.6328,-17.8546,True,9.29046e-14,ok
Ek5.2e-4,0.00052,1.6,4,54.449,-16.3531,True,0.0,ok
Ek5.2e-4,0.00052,1.6,5,58.1538,-12.1336,True,1.83884e-14,ok
Ek5.2e-4,0.00052,1.6,6,62.9876,-5.7288,True,2.91493e-14,ok
Ek5.2e-4,0.00052,1.6,7,68.4195,1.87848,True,9.20646e-14,ok
Ek5.2e-4,0.00052,1.6,8,74.3149,9.47476,True,2.61623e-14,ok
Ek5.2e-4,0.00052,1.6,9,80.9331,16.157,True,8.33238e-14,ok
Ek5.2e-4,0.00052,1.6,10,88.6852,21.5306,True,2.25166e-14,ok
Ek5.2e-4,0.00052,1.6,11,97.9702,25.5551,True,2.26577e-14,ok
Ek5.2e-4,0.00052,1.6,12,109.14,28.3685,True,5.58422e-14,ok
Ek5.2e-4,0.00052,1.6,13,122.503,30.1796,True,5.68799e-14,ok
Ek5.2e-4,0.00052,1.6,14,138.337,31.2072,True,6.08194e-14,ok
Ek5.2e-4,0.00052,1.6,15,156.901,31.648,True,1.0425e-13,ok
Ek5.2e-4,0.00052,1.8,1,57.0853,-9.55071,True,1.13929e-13,ok
Ek5.2e-4,0.00052,1.8,2,48.6368,-14.5534,True,1.24921e-13,ok
Ek5.2e-4,0.00052,1.8,3,47.3412,-15.96,True,6.36291e-14,ok
Ek5.2e-4,0.00052,1.8,4,48.8234,-14.5978,True,1.77437e-14,ok
Ek5.2e-4,0.00052,1.8,5,51.9528,-10.8148,True,1.29852e-14,ok
Ek5.2e-4,0.00052,1.8,6,56.0856,-5.1017,True,2.81738e-14,ok
Ek5.2e-4,0.00052,1.8,7,60.7947,1.67416,True,9.95761e-15,ok
Ek5.2e-4,0.00052,1.8,8,65.985,8.467,True,6.86481e-14,ok
Ek5.2e-4,0.00052,1.8,9,71.8731,14.4949,True,1.07884e-13,ok
Ek5.2e-4,0.00052,1.8,10,78.7963,19.3984,True,5.7444e-14,ok
Ek5.2e-4,0.00052,1.8,11,87.0888,23.1194,True,8.90132e-14,ok
Ek5.2e-4,0.00052,1.8,12,97.0521,25.7605,True,6.44657e-14,ok
Ek5.2e-4,0.00052,1.8,13,108.957,27.4945,True,7.34363e-14,ok
Ek5.2e-4,0.00052,1.8,14,123.05,28.5097,True,4.51196e-14,ok
Ek5.2e-4,0.00052,1.8,15,139.562,28.9798,True,2.33099e-14,ok
Ek5.2e-4,0.00052,2.0,1,51.8524,-8.63621,True,1.01436e-13,ok
Ek5.2e-4,0.00052,2.0,2,44.2456,-13.1635,True,6.25223e-14,ok
Ek5.2e-4,0.00052,2.0,3,43.0157,-14.4263,True,5.48759e-14,ok
Ek5.2e-4,0.00052,2.0,4,44.2511,-13.1801,True,1.20539e-14,ok
Ek5.2e-4,0.00052,2.0,5,46.9468,-9.7529,True,6.3362e-14,ok
Ek5.2e-4,0.00052,2.0,6,50.5469,-4.59797,True,2.87528e-14,ok
Ek5.2e-4,0.00052,2.0,7,54.6989,1.50996,True,5.16383e-14,ok
Ek5.2e-4,0.00052,2.0,8,59.3336,7.65365,True,4.55246e-14,ok
Ek5.2e-4,0.00052,2.0,9,64.6361,13.1443,True,2.63746e-14,ok
Ek5.2e-4,0.00052,2.0,10,70.8907,17.6521,True,4.9729e-14,ok
Ek5.2e-4,0.00052,2.0,11,78.3832,21.1092,True,1.54597e-14,ok
Ek5.2e-4,0.00052,2.0,12,87.3768,23.5931,True,3.08995e-14,ok
Ek5.2e-4,0.00052,2.0,13,98.1117,25.2493,True,4.42373e-15,ok
Ek5.2e-4,0.00052,2.0,14,110.81,26.2422,True,8.60128e-14,ok
Ek5.2e-4,0.00052,2.0,15,125.679,26.727,True,8.92203e-14,ok
Ek5.2e-4,0.00052,2.2,1,47.4977,-7.88114,True,1.06886e-13,ok
Ek5.2e-4,0.00052,2.2,2,40.5808,-12.0149,True,4.20705e-14,ok
Ek5.2e-4,0.00052,2.2,3,39.4139,-13.1599,True,2.4034e-15,ok
Ek5.2e-4,0.00052,2.2,4,40.4616,-12.0118,True,0.0,ok
Ek5.2e-4,0.00052,2.2,5,42.8207,-8.87987,True,1.64144e-14,ok
Ek5.2e-4,0.00052,2.2,6,46.0038,-4.18456,True,3.5479e-14,ok
Ek5.2e-4,0.00052,2.2,7,49.714,1.37511,True,5.03848e-14,ok
Ek5.2e-4,0.00052,2.2,8,53.9,6.98327,True,3.92524e-14,ok
Ek5.2e-4,0.00052,2.2,9,58.7225,12.0247,True,5.21725e-14,ok
Ek5.2e-4,0.00052,2.2,10,64.4263,16.1952,True,3.63995e-14,ok
Ek5.2e-4,0.00052,2.2,11,71.2601,19.4216,True,2.09387e-14,ok
Ek5.2e-4,0.00052,2.2,12,79.4568,21.763,True,6.57292e-15,ok
Ek5.2e-4,0.00052,2.2,13,89.2323,23.3438,True,0.0,ok
Ek5.2e-4,0.00052,2.2,14,100.787,24.3094,True,2.87035e-14,ok
Ek5.2e-4,0.00052,2.2,15,114.312,24.7996,True,2.56054e-14,ok
Ek5.2e-4,0.00052,2.4,1,43.8174,-7.24724,True,2.03362e-13,ok
Ek5.2e-4,0.00052,2.4,2,37.476,-11.0499,True,1.69449e-15,ok
Ek5.2e-4,0.00052,2.4,3,36.3681,-12.0969,True,3.65544e-14,ok
Ek5.2e-4,0.00052,2.4,4,37.2696,-11.0327,True,4.02031e-13,ok
Ek5.2e-4,0.00052,2.4,5,39.3612,-8.14965,True,8.29547e-15,ok
Ek5.2e-4,0.00052,2.4,6,42.2101,-3.8392,True,8.50934e-14,ok
Ek5.2e-4,0.00052,2.4,7,45.5618,1.26239,True,1.50389e-14,ok
Ek5.2e-4,0.00052,2.4,8,49.3777,6.42113,True,2.51765e-14,ok
Ek5.2e-4,0.00052,2.4,9,53.7999,11.0814,True,1.70416e-14,ok
Ek5.2e-4,0.00052,2.4,10,59.042,14.9612,True,2.79575e-14,ok
Ek5.2e-4,0.00052,2.4,11,65.3239,17.9846,True,6.73305e-15,ok
Ek5.2e-4,0.00052,2.4,12,72.8541,20.197,True,5.09492e-14,ok
Ek5.2e-4,0.00052,2.4,13,81.8281,21.7062,True,1.9616e-14,ok
Ek5.2e-4,0.00052,2.4,14,92.4297,22.6421,True,6.75892e-14,ok
Ek5.2e-4,0.00052,2.4,15,104.834,23.1318,True,4.45544e-14,ok
Ek5.2e-4,0.00052,2.6,1,40.6661,-6.70755,True,5.1199e-14,ok
Ek5.2e-4,0.00052,2.6,2,34.812,-10.228,True,5.08123e-14,ok
Ek5.2e-4,0.00052,2.6,3,33.7589,-11.1921,True,4.51975e-14,ok
Ek5.2e-4,0.00052,2.6,4,34.5443,-10.2005,True,1.29958e-14,ok
Ek5.2e-4,0.00052,2.6,5,36.4188,-7.52998,True,1.73113e-14,ok
Ek5.2e-4,0.00052,2.6,6,38.9944,-3.54641,True,4.6079e-14,ok
Ek5.2e-4,0.00052,2.6,7,42.0497,1.16676,True,8.13118e-14,ok
Ek5.2e-4,0.00052,2.6,8,45.5554,5.94291,True,1.17633e-14,ok
Ek5.2e-4,0.00052,2.6,9,49.6384,10.2757,True,3.6634e-14,ok
Ek5.2e-4,0.00052,2.6,10,54.4881,13.9024,True,8.31504e-14,ok
Ek5.2e-4,0.00052,2.6,11,60.3007,16.746,True,1.36211e-14,ok
Ek5.2e-4,0.00052,2.6,12,67.265,18.8417,True,1.47802e-14,ok
Ek5.2e-4,0.00052,2.6,13,75.5596,20.2837,True,1.42743e-14,ok
Ek5.2e-4,0.00052,2.6,14,85.3535,21.1891,True,3.7385e-14,ok
Ek5.2e-4,0.00052,2.6,15,96.8082,21.6744,True,1.95584e-14,ok
Ek5.2e-4,0.00052,2.8,1,37.9374,-6.24255,True,3.13669e-14,ok
Ek5.2e-4,0.00052,2.8,2,32.5012,-9.51955,True,2.01221e-14,ok
Ek5.2e-4,0.00052,2.8,3,31.4987,-10.4127,True,4.21314e-14,ok
Ek5.2e-4,0.00052,2.8,4,32.1902,-9.48452,True,7.49035e-15,ok
Ek5.2e-4,0.00052,2.8,5,33.8857,-6.99759,True,3.94135e-14,ok
Ek5.2e-4,0.00052,2.8,6,36.234,-3.29506,True,4.46003e-14,ok
Ek5.2e-4,0.00052,2.8,7,39.0403,1.0846,True,1.01869e-14,ok
Ek5.2e-4,0.00052,2.8,8,42.2822,5.53111,True,2.97196e-14,ok
Ek5.2e-4,0.00052,2.8,9,46.0743,9.5795,True,4.83937e-14,ok
Ek5.2e-4,0.00052,2.8,10,50.5862,12.9839,True,2.80747e-14,ok
Ek5.2e-4,0.00052,2.8,11,55.995,15.6675,True,1.36263e-14,ok
Ek5.2e-4,0.00052,2.8,12,62.4728,17.6571,True,2.81239e-14,ok
Ek5.2e-4,0.00052,2.8,13,70.1838,19.0364,True,4.02328e-14,ok
Ek5.2e-4,0.00052,2.8,14,79.2847,19.9116,True,0.0,ok
Ek5.2e-4,0.00052,2.8,15,89.9256,20.3898,True,6.63507e-14,ok
Ek5.2e-4,0.00052,3.0,1,35.5517,-5.83776,True,1.04048e-14,ok
Ek5.2e-4,0.00052,3.0,2,30.4779,-8.90266,True,1.3199e-14,ok
Ek5.2e-4,0.00052,3.0,3,29.522,-9.73449,True,4.20821e-14,ok
Ek5.2e-4,0.00052,3.0,4,30.1363,-8.86214,True,9.80935e-15,ok
Ek5.2e-4,0.00052,3.0,5,31.6819,-6.53531,True,5.80869e-14,ok
Ek5.2e-4,0.00052,3.0,6,33.8385,-3.07692,True,1.6292e-14,ok
Ek5.2e-4,0.00052,3.0,7,36.4329,1.01325,True,2.00613e-14,ok
Ek5.2e-4,0.00052,3.0,8,39.4477,5.17276,True,2.07947e-14,ok
Ek5.2e-4,0.00052,3.0,9,42.9876,8.97181,True,1.89902e-14,ok
Ek5.2e-4,0.00052,3.0,10,47.2056,12.1795,True,2.67624e-14,ok
Ek5.2e-4,0.00052,3.0,11,52.2632,14.7197,True,4.81102e-14,ok
Ek5.2e-4,0.00052,3.0,12,58.3182,16.613,True,4.59617e-14,ok
Ek5.2e-4,0.00052,3.0,13,65.5228,17.9338,True,1.56219e-14,ok
Ek5.2e-4,0.00052,3.0,14,74.0225,18.7795,True,2.44713e-14,ok
Ek5.2e-4,0.00052,3.0,15,83.9576,19.2492,True,4.37082e-14,ok
Ek5.2e-4,0.00052,3.2,1,33.4482,-5.48221,True,1.76013e-13,ok
Ek5.2e-4,0.00052,3.2,2,28.6915,-8.3607,True,3.68629e-14,ok
Ek5.2e-4,0.00052,3.2,3,27.7785,-9.13898,True,3.47726e-15,ok
Ek5.2e-4,0.00052,3.2,4,28.3287,-8.31618,True,6.81437e-14,ok
Ek5.2e-4,0.00052,3.2,5,29.7473,-6.13017,True,2.50327e-14,ok
Ek5.2e-4,0.00052,3.2,6,31.7402,-2.88585,True,3.37481e-14,ok
Ek5.2e-4,0.00052,3.2,7,34.1519,0.950719,True,6.62305e-15,ok
Ek5.2e-4,0.00052,3.2,8,36.9694,4.85808,True,1.57214e-14,ok
Ek5.2e-4,0.00052,3.2,9,40.2883,8.43676,True,3.65488e-14,ok
Ek5.2e-4,0.00052,3.2,10,44.2486,11.4692,True,2.37316e-14,ok
Ek5.2e-4,0.00052,3.2,11,48.9978,13.8802,True,2.40633e-14,ok
Ek5.2e-4,0.00052,3.2,12,54.682,15.6856,True,4.43878e-14,ok
Ek5.2e-4,0.00052,3.2,13,61.4426,16.9521,True,1.19644e-14,ok
Ek5.2e-4,0.00052,3.2,14,69.4158,17.7693,True,5.69645e-14,ok
Ek5.2e-4,0.00052,3.2,15,78.7331,18.2294,True,6.68705e-14,ok
Ek5.2e-4,0.00052,3.4,1,31.5795,-5.16744,True,3.92805e-14,ok
Ek5.2e-4,0.00052,3.4,2,27.1027,-7.88082,True,4.22337e-14,ok
Ek5.2e-4,0.00052,3.4,3,26.2294,-8.61195,True,5.04335e-14,ok
Ek5.2e-4,0.00052,3.4,4,26.7256,-7.8334,True,2.55471e-14,ok
Ek5.2e-4,0.00052,3.4,5,28.0353,-5.77223,True,4.9938e-14,ok
Ek5.2e-4,0.00052,3.4,6,29.8869,-2.71709,True,1.14748e-14,ok
Ek5.2e-4,0.00052,3.4,7,32.1397,0.895456,True,7.12178e-16,ok
Ek5.2e-4,0.00052,3.4,8,34.7839,4.57953,True,5.23883e-15,ok
Ek5.2e-4,0.00052,3.4,9,37.908,7.96204,True,3.4311e-14,ok
Ek5.2e-4,0.00052,3.4,10,41.6401,10.8372,True,4.23769e-14,ok
Ek5.2e-4,0.00052,3.4,11,46.1165,13.1315,True,1.43581e-14,ok
Ek5.2e-4,0.00052,3.4,12,51.4728,14.8564,True,9.18896e-15,ok
Ek5.2e-4,0.00052,3.4,13,57.8411,16.0724,True,1.79248e-15,ok
Ek5.2e-4,0.00052,3.4,14,65.3494,16.8623,True,6.11629e-14,ok
Ek5.2e-4,0.00052,3.4,15,74.1213,17.3124,True,8.31886e-14,ok
Ek5.2e-4,0.00052,3.6,1,29.9086,-4.88682,True,3.31416e-14,ok
Ek5.2e-4,0.00052,3.6,2,25.6806,-7.45295,True,2.54384e-14,ok
Ek5.2e-4,0.00052,3.6,3,24.8438,-8.14226,True,0.0,ok
Ek5.2e-4,0.00052,3.6,4,25.2942,-7.40347,True,2.43411e-14,ok
Ek5.2e-4,0.00052,3.6,5,26.5096,-5.4537,True,1.32085e-14,ok
Ek5.2e-4,0.00052,3.6,6,28.2381,-2.56696,True,3.987e-14,ok
Ek5.2e-4,0.00052,3.6,7,30.3515,0.846266,True,4.5639e-14,ok
Ek5.2e-4,0.00052,3.6,8,32.8425,4.33123,True,8.85159e-15,ok
Ek5.2e-4,0.00052,3.6,9,35.7932,7.53796,True,1.5771e-14,ok
Ek5.2e-4,0.00052,3.6,10,39.322,10.2714,True,0.0,ok
Ek5.2e-4,0.00052,3.6,11,43.5553,12.4595,True,2.3698e-14,ok
Ek5.2e-4,0.00052,3.6,12,48.6195,14.1105,True,1.10527e-14,ok
Ek5.2e-4,0.00052,3.6,13,54.6387,15.2796,True,8.10001e-15,ok
Ek5.2e-4,0.00052,3.6,14,61.7334,16.0435,True,3.92929e-14,ok
Ek5.2e-4,0.00052,3.6,15,70.0204,16.4832,True,7.35257e-14,ok
Ek5.2e-4,0.00052,3.8,1,28.4055,-4.63508,True,3.22002e-14,ok
Ek5.2e-4,0.00052,3.8,2,24.4001,-7.06907,True,1.80309e-14,ok
Ek5.2e-4,0.00052,3.8,3,23.5971,-7.72105,True,5.29484e-14,ok
Ek5.2e-4,0.00052,3.8,4,24.0082,-7.01817,True,4.23799e-14,ok
Ek5.2e-4,0.00052,3.8,5,25.1414,-5.16843,True,2.9657e-14,ok
Ek5.2e-4,0.00052,3.8,6,26.7617,-2.43255,True,6.5695e-15,ok
Ek5.2e-4,0.00052,3.8,7,28.7517,0.802201,True,6.28723e-15,ok
Ek5.2e-4,0.00052,3.8,8,31.1062,4.10849,True,8.4331e-15,ok
Ek5.2e-4,0.00052,3.8,9,33.9018,7.15683,True,1.27948e-14,ok
Ek5.2e-4,0.00052,3.8,10,37.2483,9.76177,True,5.28977e-15,ok
Ek5.2e-4,0.00052,3.8,11,41.2636,11.853,True,3.50953e-14,ok
Ek5.2e-4,0.00052,3.8,12,46.066,13.4361,True,2.50533e-15,ok
Ek5.2e-4,0.00052,3.8,13,51.7725,14.5614,True,3.53109e-14,ok
Ek5.2e-4,0.00052,3.8,14,58.4968,15.3006,True,1.46201e-14,ok
Ek5.2e-4,0.00052,3.8,15,66.3497,15.7299,True,5.15067e-15,ok
Ek5.2e-4,0.00052,4.0,1,27.0463,-4.40799,True,7.44237e-14,ok
Ek5.2e-4,0.00052,4.0,2,23.2412,-6.72275,True,3.70055e-14,ok
Ek5.2e-4,0.00052,4.0,3,22.4696,-7.34119,True,2.39333e-14,ok
Ek5.2e-4,0.00052,4.0,4,22.8466,-6.67092,True,2.47031e-14,ok
Ek5.2e-4,0.00052,4.0,5,23.9075,-4.91147,True,2.47728e-14,ok
Ek5.2e-4,0.00052,4.0,6,25.432,-2.31149,True,4.74554e-15,ok
Ek5.2e-4,0.00052,4.0,7,27.3121,0.762498,True,2.10429e-14,ok
Ek5.2e-4,0.00052,4.0,8,29.5443,3.90756,True,1.77996e-14,ok
Ek5.2e-4,0.00052,4.0,9,32.2002,6.81244,True,1.28812e-14,ok
Ek5.2e-4,0.00052,4.0,10,35.3824,9.3004,True,4.80157e-14,ok
Ek5.2e-4,0.00052,4.0,11,39.201,11.3029,True,1.77296e-14,ok
Ek5.2e-4,0.00052,4.0,12,43.7675,12.8232,True,2.7384e-14,ok
Ek5.2e-4,0.00052,4.0,13,49.1921,13.9078,True,8.05296e-15,ok
Ek5.2e-4,0.00052,4.0,14,55.5829,14.6235,True,2.96773e-14,ok
Ek5.2e-4,0.00052,4.0,15,63.045,15.0425,True,2.19814e-14,ok
Ek5.2e-4,0.00052,5.0,1,21.8241,-3.54051,True,3.16609e-14,ok
Ek5.2e-4,0.00052,5.0,2,18.7805,-5.39962,True,8.09238e-15,ok
Ek5.2e-4,0.00052,5.0,3,18.1359,-5.89132,True,2.31199e-14,ok
Ek5.2e-4,0.00052,5.0,4,18.3961,-5.34733,True,3.9682e-15,ok
Ek5.2e-4,0.00052,5.0,5,19.1965,-3.9333,True,6.87043e-15,ok
Ek5.2e-4,0.00052,5.0,6,20.3712,-1.85088,True,1.63543e-14,ok
Ek5.2e-4,0.00052,5.0,7,21.8437,0.611247,True,2.09061e-14,ok
Ek5.2e-4,0.00052,5.0,8,23.6153,3.13993,True,2.18917e-14,ok
Ek5.2e-4,0.00052,5.0,9,25.7403,5.49152,True,2.84587e-14,ok
Ek5.2e-4,0.00052,5.0,10,28.2951,7.52313,True,3.14179e-15,ok
Ek5.2e-4,0.00052,5.0,11,31.3628,9.1745,True,0.0,ok
Ek5.2e-4,0.00052,5.0,12,35.0289,10.4423,True,2.8752e-14,ok
Ek5.2e-4,0.00052,5.0,13,39.3798,11.3588,True,1.79053e-15,ok
Ek5.2e-4,0.00052,5.0,14,44.5011,11.9744,True,3.38278e-14,ok
Ek5.2e-4,0.00052,5.0,15,50.4768,12.3452,True,8.46007e-15,ok
Ek5.2e-4,0.00052,6.0,1,18.292,-2.95822,True,1.06872e-14,ok
Ek5.2e-4,0.00052,6.0,2,15.756,-4.51138,True,3.38938e-15,ok
Ek5.2e-4,0.00052,6.0,3,15.2032,-4.91928,True,2.35083e-14,ok
Ek5.2e-4,0.00052,6.0,4,15.3965,-4.46161,True,1.54701e-14,ok
Ek5.2e-4,0.00052,6.0,5,16.0364,-3.2798,True,2.5677e-14,ok
Ek5.2e-4,0.00052,6.0,6,16.9902,-1.54328,True,1.29567e-14,ok
Ek5.2e-4,0.00052,6.0,7,18.1997,0.510073,True,2.88852e-15,ok
Ek5.2e-4,0.00052,6.0,8,19.6681,2.62448,True,5.35295e-15,ok
Ek5.2e-4,0.00052,6.0,9,21.439,4.5999,True,2.05549e-14,ok
Ek5.2e-4,0.00052,6.0,10,23.5731,6.31648,True,8.85912e-15,ok
Ek5.2e-4,0.00052,6.0,11,26.1368,7.72105,True,1.8201e-14,ok
Ek5.2e-4,0.00052,6.0,12,29.1995,8.80745,True,1.83008e-14,ok
Ek5.2e-4,0.00052,6.0,13,32.8319,9.59971,True,1.2789e-14,ok
Ek5.2e-4,0.00052,6.0,14,37.1048,10.1381,True,5.70547e-15,ok
Ek5.2e-4,0.00052,6.0,15,42.0882,10.4683,True,4.86657e-14,ok
Ek5.2e-4,0.00052,7.0,1,15.7438,-2.54036,True,9.67244e-15,ok
Ek5.2e-4,0.00052,7.0,2,13.5702,-3.87398,True,1.2913e-14,ok
Ek5.2e-4,0.00052,7.0,3,13.0868,-4.2224,True,4.94845e-15,ok
Ek5.2e-4,0.00052,7.0,4,13.2378,-3.82745,True,0.0,ok
Ek5.2e-4,0.00052,7.0,5,13.7696,-2.81242,True,1.09769e-14,ok
Ek5.2e-4,0.00052,7.0,6,14.5718,-1.32333,True,7.58247e-15,ok
Ek5.2e-4,0.00052,7.0,7,15.5977,0.437638,True,3.26611e-14,ok
Ek5.2e-4,0.00052,7.0,8,16.8514,2.25444,True,3.94988e-15,ok
Ek5.2e-4,0.00052,7.0,9,18.3694,3.95747,True,1.82572e-14,ok
Ek5.2e-4,0.00052,7.0,10,20.2017,5.44355,True,1.64492e-15,ok
Ek5.2e-4,0.00052,7.0,11,22.4037,6.66531,True,2.21954e-14,ok
Ek5.2e-4,0.00052,7.0,12,25.0336,7.61537,True,2.09255e-14,ok
Ek5.2e-4,0.00052,7.0,13,28.1514,8.31258,True,1.82199e-14,ok
Ek5.2e-4,0.00052,7.0,14,31.8172,8.79022,True,3.21693e-15,ok
Ek5.2e-4,0.00052,7.0,15,36.0911,9.08691,True,2.86479e-14,ok
Ek5.2e-4,0.00052,8.0,1,13.8186,-2.22593,True,2.75044e-14,ok
Ek5.2e-4,0.00052,8.0,2,11.917,-3.39433,True,5.43635e-15,ok
Ek5.2e-4,0.00052,8.0,3,11.4875,-3.69838,True,7.59283e-16,ok
Ek5.2e-4,0.00052,8.0,4,11.61,-3.35104,True,1.18439e-14,ok
Ek5.2e-4,0.00052,8.0,5,12.0643,-2.46158,True,2.69091e-15,ok
Ek5.2e-4,0.00052,8.0,6,12.756,-1.15824,True,1.84685e-14,ok
Ek5.2e-4,0.00052,8.0,7,13.6466,0.383218,True,6.91302e-15,ok
Ek5.2e-4,0.00052,8.0,8,14.7404,1.97587,True,3.03407e-15,ok
Ek5.2e-4,0.00052,8.0,9,16.0686,3.47255,True,9.3714e-15,ok
Ek5.2e-4,0.00052,8.0,10,17.674,4.78268,True,3.80928e-15,ok
Ek5.2e-4,0.00052,8.0,11,19.6038,5.86363,True,6.68008e-15,ok
Ek5.2e-4,0.00052,8.0,12,21.9082,6.7076,True,6.24388e-15,ok
Ek5.2e-4,0.00052,8.0,13,24.639,7.32987,True,5.96489e-15,ok
Ek5.2e-4,0.00052,8.0,14,27.8489,7.75877,True,1.08605e-14,ok
Ek5.2e-4,0.00052,8.0,15,31.5903,8.02764,True,1.25206e-14,ok
Ek5.2e-4,0.00052,9.0,1,12.313,-1.98074,True,1.30674e-15,ok
Ek5.2e-4,0.00052,9.0,2,10.6227,-3.02034,True,2.02559e-15,ok
Ek5.2e-4,0.00052,9.0,3,10.2365,-3.29002,True,2.64381e-14,ok
Ek5.2e-4,0.00052,9.0,4,10.3386,-2.98006,True,6.40876e-15,ok
Ek5.2e-4,0.00052,9.0,5,10.7348,-2.18854,True,2.65882e-16,ok
Ek5.2e-4,0.00052,9.0,6,11.3427,-1.02977,True,7.4171e-15,ok
Ek5.2e-4,0.00052,9.0,7,12.1294,0.340836,True,1.04211e-14,ok
Ek5.2e-4,0.00052,9.0,8,13.0994,1.75859,True,9.27048e-15,ok
Ek5.2e-4,0.00052,9.0,9,14.28,3.09352,True,1.00934e-14,ok
Ek5.2e-4,0.00052,9.0,10,15.7085,4.26493,True,7.06811e-15,ok
Ek5.2e-4,0.00052,9.0,11,17.426,5.23415,True,1.21664e-14,ok
Ek5.2e-4,0.00052,9.0,12,19.4765,5.99324,True,8.97256e-15,ok
Ek5.2e-4,0.00052,9.0,13,21.906,6.55499,True,3.57779e-14,ok
Ek5.2e-4,0.00052,9.0,14,24.7609,6.94399,True,2.67669e-15,ok
Ek5.2e-4,0.00052,9.0,15,28.0877,7.18958,True,2.72591e-14,ok
Ek5.2e-4,0.00052,10.0,1,11.1032,-1.78421,True,3.53428e-15,ok
Ek5.2e-4,0.00052,10.0,2,9.58206,-2.72057,True,1.68455e-14,ok
Ek5.2e-4,0.00052,10.0,3,9.2312,-2.96285,True,5.84765e-15,ok
Ek5.2e-4,0.00052,10.0,4,9.31822,-2.68301,True,7.99199e-16,ok
Ek5.2e-4,0.00052,10.0,5,9.66923,-1.97001,True,1.52959e-14,ok
Ek5.2e-4,0.00052,10.0,6,10.2112,-0.926953,True,4.19738e-15,ok
Ek5.2e-4,0.00052,10.0,7,10.9157,0.306895,True,6.27397e-16,ok
Ek5.2e-4,0.00052,10.0,8,11.7871,1.58436,True,5.01641e-15,ok
Ek5.2e-4,0.00052,10.0,9,12.8497,2.7891,True,3.45461e-15,ok
Ek5.2e-4,0.00052,10.0,10,14.1364,3.84836,True,1.56202e-14,ok
Ek5.2e-4,0.00052,10.0,11,15.6836,4.72674,True,8.06152e-15,ok
Ek5.2e-4,0.00052,10.0,12,17.5308,5.41642,True,8.95711e-15,ok
Ek5.2e-4,0.00052,10.0,13,19.7188,5.9283,True,8.77916e-15,ok
Ek5.2e-4,0.00052,10.0,14,22.2894,6.28409,True,4.38425e-15,ok
Ek5.2e-4,0.00052,10.0,15,25.2844,6.50997,True,9.41019e-15,ok
Ek5.2e-4,0.00052,20.0,1,5.60038,-0.895548,True,1.81643e-14,ok
Ek5.2e-4,0.00052,20.0,2,4.84002,-1.3653,True,2.27645e-15,ok
Ek5.2e-4,0.00052,20.0,3,4.65712,-1.48542,True,2.44966e-16,ok
Ek5.2e-4,0.00052,20.0,4,4.68949,-1.34352,True,1.2024e-15,ok
Ek5.2e-4,0.00052,20.0,5,4.85245,-0.98565,True,1.51002e-15,ok
Ek5.2e-4,0.00052,20.0,6,5.11205,-0.463814,True,4.2035e-15,ok
Ek5.2e-4,0.00052,20.0,7,5.45634,0.153772,True,4.64136e-15,ok
Ek5.2e-4,0.00052,20.0,8,5.88835,0.795919,True,4.5012e-15,ok
Ek5.2e-4,0.00052,20.0,9,6.41961,1.40586,True,9.65483e-15,ok
Ek5.2e-4,0.00052,20.0,10,7.06529,1.94695,True,2.10422e-15,ok
Ek5.2e-4,0.00052,20.0,11,7.84249,2.40022,True,4.47726e-15,ok
Ek5.2e-4,0.00052,20.0,12,8.7699,2.76019,True,3.80628e-15,ok
Ek5.2e-4,0.00052,20.0,13,9.86742,3.0309,True,1.01989e-14,ok
Ek5.2e-4,0.00052,20.0,14,11.1556,3.22222,True,5.1872e-15,ok
Ek5.2e-4,0.00052,20.0,15,12.6552,3.34667,True,5.59562e-15,ok
Ek5.2e-4,0.00052,40.0,1,2.81251,-0.448629,True,1.96638e-15,ok
Ek5.2e-4,0.00052,40.0,2,2.43239,-0.683879,True,3.0116e-15,ok
Ek5.2e-4,0.00052,40.0,3,2.33903,-0.743666,True,7.85916e-15,ok
Ek5.2e-4,0.00052,40.0,4,2.35238,-0.672223,True,1.3044e-15,ok
Ek5.2e-4,0.00052,40.0,5,2.43069,-0.492962,True,1.40294e-15,ok
Ek5.2e-4,0.00052,40.0,6,2.55763,-0.231986,True,4.20637e-15,ok
Ek5.2e-4,0.00052,40.0,7,2.72779,0.0769676,True,2.94649e-16,ok
Ek5.2e-4,0.00052,40.0,8,2.94286,0.398912,True,1.06002e-15,ok
Ek5.2e-4,0.00052,40.0,9,3.20847,0.705817,True,3.09729e-15,ok
Ek5.2e-4,0.00052,40.0,10,3.53191,0.979314,True,1.8101e-15,ok
Ek5.2e-4,0.00052,40.0,11,3.92142,1.20959,True,2.43658e-15,ok
Ek5.2e-4,0.00052,40.0,12,4.38613,1.39352,True,1.29356e-15,ok
Ek5.2e-4,0.00052,40.0,13,4.93582,1.53276,True,2.86912e-15,ok
Ek5.2e-4,0.00052,40.0,14,5.58068,1.63197,True,5.61809e-15,ok
Ek5.2e-4,0.00052,40.0,15,6.33108,1.69727,True,8.63526e-15,ok
Ek5.2e-4,0.00052,60.0,1,1.87776,-0.299276,True,1.78989e-15,ok
Ek5.2e-4,0.00052,60.0,2,1.62435,-0.45619,True,1.4325e-15,ok
Ek5.2e-4,0.00052,60.0,3,1.56169,-0.495986,True,3.93289e-15,ok
Ek5.2e-4,0.00052,60.0,4,1.56995,-0.448248,True,1.78458e-16,ok
Ek5.2e-4,0.00052,60.0,5,1.62145,-0.328669,True,1.58308e-15,ok
Ek5.2e-4,0.00052,60.0,6,1.70545,-0.154675,True,1.25369e-15,ok
Ek5.2e-4,0.00052,60.0,7,1.81844,0.05133,True,6.83323e-16,ok
Ek5.2e-4,0.00052,60.0,8,1.96162,0.266154,True,1.41563e-15,ok
Ek5.2e-4,0.00052,60.0,9,2.13869,0.471193,True,2.76074e-15,ok
Ek5.2e-4,0.00052,60.0,10,2.35444,0.654188,True,9.50267e-16,ok
Ek5.2e-4,0.00052,60.0,11,2.61432,0.80853,True,2.03217e-15,ok
Ek5.2e-4,0.00052,60.0,12,2.92436,0.93204,True,7.71559e-16,ok
Ek5.2e-4,0.00052,60.0,13,3.29103,1.02575,True,3.38757e-15,ok
Ek5.2e-4,0.00052,60.0,14,3.72111,1.0927,True,1.06048e-15,ok
Ek5.2e-4,0.00052,60.0,15,4.22152,1.13694,True,1.86563e-15,ok
Ek5.2e-4,0.00052,80.0,1,1.40935,-0.224528,True,6.26856e-16,ok
Ek5.2e-4,0.00052,80.0,2,1.2193,-0.342244,True,9.36299e-16,ok
Ek5.2e-4,0.00052,80.0,3,1.17214,-0.372067,True,1.84431e-16,ok
Ek5.2e-4,0.00052,80.0,4,1.1781,-0.336222,True,9.53842e-16,ok
Ek5.2e-4,0.00052,80.0,5,1.21646,-0.246512,True,1.16042e-15,ok
Ek5.2e-4,0.00052,80.0,6,1.27922,-0.116012,True,1.67354e-15,ok
Ek5.2e-4,0.00052,80.0,7,1.3638,0.0385044,True,1.12191e-15,ok
Ek5.2e-4,0.00052,80.0,8,1.4711,0.199696,True,1.16884e-15,ok
Ek5.2e-4,0.00052,80.0,9,1.6039,0.353638,True,2.22151e-16,ok
Ek5.2e-4,0.00052,80.0,10,1.76577,0.491135,True,1.87461e-15,ok
Ek5.2e-4,0.00052,80.0,11,1.96076,0.607202,True,0.0,ok
Ek5.2e-4,0.00052,80.0,12,2.19337,0.700171,True,7.61986e-16,ok
Ek5.2e-4,0.00052,80.0,13,2.46845,0.770785,True,1.84686e-15,ok
Ek5.2e-4,0.00052,80.0,14,2.79108,0.821308,True,2.84581e-15,ok
Ek5.2e-4,0.00052,80.0,15,3.16644,0.854752,True,2.27116e-15,ok
Ek5.2e-4,0.00052,100.0,1,1.12798,-0.179656,True,6.59344e-16,ok
Ek5.2e-4,0.00052,100.0,2,0.975941,-0.273844,True,1.53191e-15,ok
Ek5.2e-4,0.00052,100.0,3,0.938135,-0.297691,True,2.16453e-15,ok
Ek5.2e-4,0.00052,100.0,4,0.942788,-0.268995,True,2.89202e-16,ok
Ek5.2e-4,0.00052,100.0,5,0.97335,-0.197215,True,1.72722e-16,ok
Ek5.2e-4,0.00052,100.0,6,1.02344,-0.0928128,True,6.12077e-16,ok
Ek5.2e-4,0.00052,100.0,7,1.09102,0.0308068,True,3.16943e-16,ok
Ek5.2e-4,0.00052,100.0,8,1.17683,0.159795,True,1.02057e-15,ok
Ek5.2e-4,0.00052,100.0,9,1.28307,0.283028,True,2.8459e-16,ok
Ek5.2e-4,0.00052,100.0,10,1.41259,0.393146,True,4.8048e-16,ok
Ek5.2e-4,0.00052,100.0,11,1.56861,0.486149,True,7.34694e-16,ok
Ek5.2e-4,0.00052,100.0,12,1.75475,0.560687,True,1.60549e-15,ok
Ek5.2e-4,0.00052,100.0,13,1.97485,0.617338,True,1.18472e-15,ok
Ek5.2e-4,0.00052,100.0,14,2.23299,0.657905,True,9.61097e-16,ok
Ek5.2e-4,0.00052,100.0,15,2.5333,0.684789,True,5.20624e-16,ok
Ek6.7e-4,0.00067,0.01,1,400.0,0.0,True,0.0,ok
Ek6.7e-4,0.00067,0.01,2,3854.3400953676583,844.1469973508985,True,3.15687e-06,ok
Ek6.7e-4,0.00067,0.01,3,4678.17,-111.081,True,2.07626e-10,ok
Ek6.7e-4,0.00067,0.01,4,5696.969256598416,554.4820205076298,True,2.95488e-05,ok
Ek6.7e-4,0.00067,0.01,5,6914.697994962303,464.8710462701007,True,7.07252e-05,ok
Ek6.7e-4,0.00067,0.01,6,8513.760013859097,384.313,True,5.12524e-07,ok
Ek6.7e-4,0.00067,0.01,7,10398.5,302.376,True,9.89718e-09,ok
Ek6.7e-4,0.00067,0.01,8,12169.699951001214,223.0950020416161,True,2.41899e-06,ok
Ek6.7e-4,0.00067,0.01,9,13591.2,171.567,True,1.15527e-10,ok
Ek6.7e-4,0.00067,0.01,10,15121.3,144.192,True,1.70056e-11,ok
Ek6.7e-4,0.00067,0.01,11,17017.0,127.363,True,2.95463e-13,ok
Ek6.7e-4,0.00067,0.01,12,19356.8,115.422,True,1.15552e-13,ok
Ek6.7e-4,0.00067,0.01,13,22184.9,106.173,True,0.0,ok
Ek6.7e-4,0.00067,0.01,14,25541.3,98.6176,True,8.43547e-14,ok
Ek6.7e-4,0.00067,0.01,15,29467.3,92.2336,True,3.39419e-13,ok
Ek6.7e-4,0.00067,0.03,1,708.624,0.0,True,0.0,ok
Ek6.7e-4,0.00067,0.03,2,1361.57,-105.165,True,7.607e-12,ok
Ek6.7e-4,0.00067,0.03,3,1600.72,-103.983,True,3.5088e-10,ok
Ek6.7e-4,0.00067,0.03,4,2032.97,-87.6381,True,3.99703e-14,ok
Ek6.7e-4,0.00067,0.03,5,2507.8700632327345,425.0249943786383,True,5.68801e-06,ok
Ek6.7e-4,0.00067,0.03,6,3022.779946126805,350.31100506081526,True,4.48001e-06,ok
Ek6.7e-4,0.00067,0.03,7,3626.0792756012665,269.29610865981,True,7.58015e-05,ok
Ek6.7e-4,0.00067,0.03,8,4134.020001814723,196.908,True,7.33272e-08,ok
Ek6.7e-4,0.00067,0.03,9,4552.27,156.753,True,1.82795e-09,ok
Ek6.7e-4,0.00067,0.03,10,5047.49,135.212,True,4.12293e-13,ok
Ek6.7e-4,0.00067,0.03,11,5675.19,121.171,True,5.09398e-14,ok
Ek6.7e-4,0.00067,0.03,12,6453.67,110.748,True,4.25533e-13,ok
Ek6.7e-4,0.00067,0.03,13,7395.77,102.422,True,9.09891e-14,ok
Ek6.7e-4,0.00067,0.03,14,8514.27,95.4769,True,1.89761e-13,ok
Ek6.7e-4,0.00067,0.03,15,9822.79,89.5218,True,3.47559e-13,ok
Ek6.7e-4,0.00067,0.05,1,943.179,0.0,True,0.0,ok
Ek6.7e-4,0.00067,0.05,2,847.136,-97.9801,True,8.48496e-12,ok
Ek6.7e-4,0.00067,0.05,3,986.877,-97.5357,True,4.45411e-11,ok
Ek6.7e-4,0.00067,0.05,4,1245.84,-82.0559,True,8.17614e-14,ok
Ek6.7e-4,0.00067,0.05,5,1628.37,-48.8635,True,5.79865e-14,ok
Ek6.7e-4,0.00067,0.05,6,1948.759998316774,313.67600030380174,True,2.19138e-07,ok
Ek6.7e-4,0.00067,0.05,7,2276.4698151966363,233.3960463475102,True,3.39824e-05,ok
Ek6.7e-4,0.00067,0.05,8,2515.85,173.074,True,2.79267e-09,ok
Ek6.7e-4,0.00067,0.05,9,2741.17,143.915,True,1.27906e-11,ok
Ek6.7e-4,0.00067,0.05,10,3032.11,127.23,True,2.52727e-13,ok
Ek6.7e-4,0.00067,0.05,11,3406.84,115.542,True,3.01061e-13,ok
Ek6.7e-4,0.00067,0.05,12,3873.19,106.435,True,6.48508e-13,ok
Ek6.7e-4,0.00067,0.05,13,4438.11,98.9268,True,2.37676e-13,ok
Ek6.7e-4,0.00067,0.05,14,5109.03,92.5298,True,3.71307e-13,ok
Ek6.7e-4,0.00067,0.05,15,5894.03,86.9649,True,1.44315e-13,ok
Ek6.7e-4,0.00067,0.07,1,732.778,0.0,True,0.0,ok
Ek6.7e-4,0.00067,0.07,2,627.989,-91.5589,True,4.94436e-13,ok
Ek6.7e-4,0.00067,0.07,3,724.397,-91.6713,True,2.07007e-12,ok
Ek6.7e-4,0.00067,0.07,4,908.289,-76.9521,True,7.19067e-14,ok
Ek6.7e-4,0.00067,0.07,5,1179.28,-44.8168,True,2.78741e-13,ok
Ek6.7e-4,0.00067,0.07,6,1504.34,272.203,True,6.72727e-09,ok
Ek6.7e-4,0.00067,0.07,7,1691.659999504937,194.64100021817472,True,1.65257e-07,ok
Ek6.7e-4,0.00067,0.07,8,1813.86,152.475,True,5.28595e-10,ok
Ek6.7e-4,0.00067,0.07,9,1963.08,132.819,True,3.34483e-11,ok
Ek6.7e-4,0.00067,0.07,10,2168.01,120.107,True,1.15113e-12,ok
Ek6.7e-4,0.00067,0.07,11,2434.67,110.407,True,2.11458e-14,ok
Ek6.7e-4,0.00067,0.07,12,2767.34,102.444,True,3.64112e-14,ok
Ek6.7e-4,0.00067,0.07,13,3170.64,95.6616,True,1.11123e-13,ok
Ek6.7e-4,0.00067,0.07,14,3649.73,89.7591,True,0.0,ok
Ek6.7e-4,0.00067,0.07,15,4210.37,84.5501,True,1.48812e-13,ok
Ek6.7e-4,0.00067,0.1,1,547.62,-60.6353,True,7.65354e-13,ok
Ek6.7e-4,0.00067,0.1,2,464.236,-83.1445,True,1.21121e-12,ok
Ek6.7e-4,0.00067,0.1,3,527.681,-83.8365,True,1.04856e-12,ok
Ek6.7e-4,0.00067,0.1,4,654.491,-70.1044,True,1.10832e-13,ok
Ek6.7e-4,0.00067,0.1,5,840.565,-39.5899,True,1.35947e-13,ok
Ek6.7e-4,0.00067,0.1,6,1114.82,36.358,True,4.40283e-13,ok
Ek6.7e-4,0.00067,0.1,7,1222.53,138.156,True,3.71975e-09,ok
Ek6.7e-4,0.00067,0.1,8,1278.63,127.937,True,4.34141e-11,ok
Ek6.7e-4,0.00067,0.1,9,1377.69,118.9,True,7.22234e-12,ok
Ek6.7e-4,0.00067,0.1,10,1519.52,110.779,True,1.91596e-13,ok
Ek6.7e-4,0.00067,0.1,11,1705.51,103.503,True,7.43348e-14,ok
Ek6.7e-4,0.00067,0.1,12,1938.03,96.9884,True,6.52724e-14,ok
Ek6.7e-4,0.00067,0.1,13,2220.13,91.1491,True,1.58536e-13,ok
Ek6.7e-4,0.00067,0.1,14,2555.36,85.901,True,5.1202e-13,ok
Ek6.7e-4,0.00067,0.1,15,2947.71,81.1693,True,1.60008e-13,ok
Ek6.7e-4,0.00067,0.2,1,324.864,-44.0669,True,7.07416e-13,ok
Ek6.7e-4,0.00067,0.2,2,270.654,-62.7418,True,4.09728e-14,ok
Ek6.7e-4,0.00067,0.2,3,295.649,-64.1354,True,4.99487e-14,ok
Ek6.7e-4,0.00067,0.2,4,354.165,-52.8547,True,0.0,ok
Ek6.7e-4,0.00067,0.2,5,438.439,-27.6044,True,1.58624e-14,ok
Ek6.7e-4,0.00067,0.2,6,535.851,16.4312,True,4.57108e-13,ok
Ek6.7e-4,0.00067,0.2,7,599.942,62.9445,True,6.26818e-12,ok
Ek6.7e-4,0.00067,0.2,8,639.424,82.6121,True,4.73563e-14,ok
Ek6.7e-4,0.00067,0.2,9,690.806,88.0699,True,3.09466e-13,ok
Ek6.7e-4,0.00067,0.2,10,761.834,88.0109,True,2.68741e-14,ok
Ek6.7e-4,0.00067,0.2,11,854.603,85.6619,True,2.03669e-13,ok
Ek6.7e-4,0.00067,0.2,12,970.601,82.3751,True,3.53137e-14,ok
Ek6.7e-4,0.00067,0.2,13,1111.42,78.7693,True,2.15265e-14,ok
Ek6.7e-4,0.00067,0.2,14,1278.84,75.139,True,2.93821e-14,ok
Ek6.7e-4,0.00067,0.2,15,1474.86,71.6249,True,1.69088e-13,ok
Ek6.7e-4,0.00067,0.3,1,241.875,-34.2145,True,2.19319e-13,ok
Ek6.7e-4,0.00067,0.3,2,201.085,-49.7334,True,1.20139e-13,ok
Ek6.7e-4,0.00067,0.3,3,214.121,-51.0982,True,8.15294e-14,ok
Ek6.7e-4,0.00067,0.3,4,249.47,-41.5541,True,5.39177e-14,ok
Ek6.7e-4,0.00067,0.3,5,299.565,-20.7098,True,8.33299e-14,ok
Ek6.7e-4,0.00067,0.3,6,353.262,11.1941,True,1.3738e-13,ok
Ek6.7e-4,0.00067,0.3,7,393.064,42.8511,True,6.05213e-13,ok
Ek6.7e-4,0.00067,0.3,8,423.944,61.618,True,4.87391e-13,ok
Ek6.7e-4,0.00067,0.3,9,460.49,70.1525,True,1.79281e-13,ok
Ek6.7e-4,0.00067,0.3,10,508.67,73.0944,True,2.31707e-13,ok
Ek6.7e-4,0.00067,0.3,11,570.752,73.107,True,9.27147e-15,ok
Ek6.7e-4,0.00067,0.3,12,648.097,71.6081,True,2.2238e-13,ok
Ek6.7e-4,0.00067,0.3,13,741.91,69.3602,True,4.17273e-14,ok
Ek6.7e-4,0.00067,0.3,14,853.438,66.7788,True,3.48113e-13,ok
Ek6.7e-4,0.00067,0.3,15,984.029,64.092,True,4.27552e-14,ok
Ek6.7e-4,0.00067,0.4,1,195.237,-27.8097,True,1.9319e-13,ok
Ek6.7e-4,0.00067,0.4,2,162.719,-40.9061,True,1.16109e-14,ok
Ek6.7e-4,0.00067,0.4,3,170.403,-42.0853,True,1.90495e-13,ok
Ek6.7e-4,0.00067,0.4,4,194.405,-33.8664,True,5.57092e-14,ok
Ek6.7e-4,0.00067,0.4,5,228.138,-16.4174,True,2.61833e-14,ok
Ek6.7e-4,0.00067,0.4,6,263.43,8.55514,True,1.28996e-13,ok
Ek6.7e-4,0.00067,0.4,7,291.812,32.9833,True,1.88721e-14,ok
Ek6.7e-4,0.00067,0.4,8,316.483,49.4486,True,1.18767e-13,ok
Ek6.7e-4,0.00067,0.4,9,345.13,58.4419,True,1.65897e-13,ok
Ek6.7e-4,0.00067,0.4,10,381.882,62.5706,True,6.79158e-14,ok
Ek6.7e-4,0.00067,0.4,11,428.695,63.7951,True,0.0,ok
Ek6.7e-4,0.00067,0.4,12,486.776,63.347,True,2.15797e-13,ok
Ek6.7e-4,0.00067,0.4,13,557.127,61.9678,True,2.39809e-13,ok
Ek6.7e-4,0.00067,0.4,14,640.732,60.0974,True,6.26529e-14,ok
Ek6.7e-4,0.00067,0.4,15,738.623,57.9954,True,1.8671e-13,ok
Ek6.7e-4,0.00067,0.5,1,164.424,-23.3589,True,3.06676e-13,ok
Ek6.7e-4,0.00067,0.5,2,137.514,-34.6044,True,8.30908e-15,ok
Ek6.7e-4,0.00067,0.5,3,142.356,-35.5933,True,1.1428e-13,ok
Ek6.7e-4,0.00067,0.5,4,159.84,-28.4138,True,6.1623e-14,ok
Ek6.7e-4,0.00067,0.5,5,184.387,-13.542,True,3.05397e-14,ok
Ek6.7e-4,0.00067,0.5,6,209.999,6.94074,True,2.67419e-14,ok
Ek6.7e-4,0.00067,0.5,7,231.895,26.9588,True,2.01721e-14,ok
Ek6.7e-4,0.00067,0.5,8,252.28,41.4283,True,8.93193e-14,ok
Ek6.7e-4,0.00067,0.5,9,275.9,50.1621,True,2.00789e-13,ok
Ek6.7e-4,0.00067,0.5,10,305.724,54.7389,True,0.0,ok
Ek6.7e-4,0.00067,0.5,11,343.379,56.61,True,2.11252e-13,ok
Ek6.7e-4,0.00067,0.5,12,389.922,56.8069,True,3.3588e-13,ok
Ek6.7e-4,0.00067,0.5,13,446.216,56.0059,True,1.19707e-13,ok
Ek6.7e-4,0.00067,0.5,14,513.082,54.635,True,3.41756e-13,ok
Ek6.7e-4,0.00067,0.5,15,591.363,52.9601,True,6.8117e-14,ok
Ek6.7e-4,0.00067,0.6,1,142.267,-20.1051,True,4.62793e-13,ok
Ek6.7e-4,0.00067,0.6,2,119.38,-29.9166,True,7.45238e-14,ok
Ek6.7e-4,0.00067,0.6,3,122.549,-30.7444,True,3.44335e-13,ok
Ek6.7e-4,0.00067,0.6,4,135.922,-24.394,True,9.49693e-14,ok
Ek6.7e-4,0.00067,0.6,5,154.773,-11.4996,True,5.68914e-14,ok
Ek6.7e-4,0.00067,0.6,6,174.577,5.84533,True,6.63844e-15,ok
Ek6.7e-4,0.00067,0.6,7,192.334,22.8531,True,2.17437e-13,ok
Ek6.7e-4,0.00067,0.6,8,209.65,35.7101,True,1.76972e-14,ok
Ek6.7e-4,0.00067,0.6,9,229.762,43.9813,True,2.14757e-13,ok
Ek6.7e-4,0.00067,0.6,10,254.909,48.6759,True,7.39829e-14,ok
Ek6.7e-4,0.00067,0.6,11,286.448,50.8945,True,0.0,ok
Ek6.7e-4,0.00067,0.6,12,325.305,51.4992,True,3.68062e-14,ok
Ek6.7e-4,0.00067,0.6,13,372.237,51.0952,True,9.05776e-14,ok
Ek6.7e-4,0.00067,0.6,14,427.952,50.0856,True,1.0444e-13,ok
Ek6.7e-4,0.00067,0.6,15,493.166,48.7308,True,4.94332e-14,ok
Ek6.7e-4,0.00067,0.7,1,125.473,-17.631,True,3.45113e-14,ok
Ek6.7e-4,0.00067,0.7,2,105.596,-26.3105,True,1.48905e-13,ok
Ek6.7e-4,0.00067,0.7,3,107.709,-27.0088,True,1.51853e-14,ok
Ek6.7e-4,0.00067,0.7,4,118.316,-21.3295,True,2.20978e-14,ok
Ek6.7e-4,0.00067,0.7,5,133.378,-9.98114,True,2.7651e-14,ok
Ek6.7e-4,0.00067,0.7,6,149.375,5.05135,True,4.10765e-14,ok
Ek6.7e-4,0.00067,0.7,7,164.276,19.8593,True,8.48358e-14,ok
Ek6.7e-4,0.00067,0.7,8,179.304,31.412,True,7.53137e-14,ok
Ek6.7e-4,0.00067,0.7,9,196.824,39.1821,True,9.58757e-14,ok
Ek6.7e-4,0.00067,0.7,10,218.59,43.8387,True,3.33385e-14,ok
Ek6.7e-4,0.00067,0.7,11,245.747,46.2373,True,9.64247e-14,ok
Ek6.7e-4,0.00067,0.7,12,279.114,47.1044,True,1.00075e-13,ok
Ek6.7e-4,0.00067,0.7,13,319.363,46.9796,True,6.12589e-14,ok
Ek6.7e-4,0.00067,0.7,14,367.118,46.2375,True,1.78017e-13,ok
Ek6.7e-4,0.00067,0.7,15,423.004,45.1282,True,3.03826e-13,ok
Ek6.7e-4,0.00067,0.8,1,112.269,-15.6902,True,3.75811e-14,ok
Ek6.7e-4,0.00067,0.8,2,94.7189,-23.4592,True,1.06924e-13,ok
Ek6.7e-4,0.00067,0.8,3,96.132,-24.0547,True,2.40902e-14,ok
Ek6.7e-4,0.00067,0.8,4,104.785,-18.9265,True,8.20247e-14,ok
Ek6.7e-4,0.00067,0.8,5,117.19,-8.81101,True,3.8786e-14,ok
Ek6.7e-4,0.00067,0.8,6,130.528,4.44866,True,6.42678e-14,ok
Ek6.7e-4,0.00067,0.8,7,143.347,17.5726,True,1.9713e-13,ok
Ek6.7e-4,0.00067,0.8,8,156.612,28.0558,True,1.03774e-13,ok
Ek6.7e-4,0.00067,0.8,9,172.135,35.3427,True,2.60022e-14,ok
Ek6.7e-4,0.00067,0.8,10,191.335,39.8867,True,6.07169e-14,ok
Ek6.7e-4,0.00067,0.8,11,215.196,42.3677,True,5.60496e-14,ok
Ek6.7e-4,0.00067,0.8,12,244.444,43.4048,True,3.26818e-14,ok
Ek6.7e-4,0.00067,0.8,13,279.682,43.4801,True,4.59134e-14,ok
Ek6.7e-4,0.00067,0.8,14,321.471,42.94,True,1.3434e-13,ok
Ek6.7e-4,0.00067,0.8,15,370.364,42.0225,True,2.63447e-13,ok
Ek6.7e-4,0.00067,1.0,1,92.7932,-12.8475,True,6.87195e-15,ok
Ek6.7e-4,0.00067,1.0,2,78.5935,-19.2518,True,0.0,ok
Ek6.7e-4,0.00067,1.0,3,79.1818,-19.6991,True,2.69266e-14,ok
Ek6.7e-4,0.00067,1.0,4,85.3189,-15.4165,True,9.89499e-15,ok
Ek6.7e-4,0.00067,1.0,5,94.3092,-7.13019,True,6.7732e-14,ok
Ek6.7e-4,0.00067,1.0,6,104.224,3.59326,True,2.4369e-14,ok
Ek6.7e-4,0.00067,1.0,7,114.221,14.3004,True,4.82467e-14,ok
Ek6.7e-4,0.00067,1.0,8,124.952,23.1413,True,0.0,ok
Ek6.7e-4,0.00067,1.0,9,137.598,29.5741,True,1.1531e-13,ok
Ek6.7e-4,0.00067,1.0,10,153.156,33.8108,True,5.55265e-14,ok
Ek6.7e-4,0.00067,1.0,11,172.378,36.3044,True,1.18892e-13,ok
Ek6.7e-4,0.00067,1.0,12,195.851,37.5196,True,2.63736e-13,ok
Ek6.7e-4,0.00067,1.0,13,224.077,37.8468,True,1.39148e-13,ok
Ek6.7e-4,0.00067,1.0,14,257.516,37.5827,True,1.56814e-13,ok
Ek6.7e-4,0.00067,1.0,15,296.623,36.94,True,4.73429e-15,ok
Ek6.7e-4,0.00067,1.2,1,79.0958,-10.8698,True,1.44294e-13,ok
Ek6.7e-4,0.00067,1.2,2,67.1828,-16.3064,True,4.05911e-14,ok
Ek6.7e-4,0.00067,1.2,3,67.3392,-16.6557,True,9.23972e-14,ok
Ek6.7e-4,0.00067,1.2,4,71.9693,-12.9872,True,4.91552e-14,ok
Ek6.7e-4,0.00067,1.2,5,78.9086,-5.98374,True,8.94413e-15,ok
Ek6.7e-4,0.00067,1.2,6,86.7414,3.0147,True,3.22885e-14,ok
Ek6.7e-4,0.00067,1.2,7,94.9213,12.0655,True,4.04054e-14,ok
Ek6.7e-4,0.00067,1.2,8,103.925,19.7075,True,7.54593e-14,ok
Ek6.7e-4,0.00067,1.2,9,114.596,25.4398,True,8.98147e-15,ok
Ek6.7e-4,0.00067,1.2,10,127.686,29.3535,True,1.31532e-13,ok
Ek6.7e-4,0.00067,1.2,11,143.794,31.7679,True,4.20163e-14,ok
Ek6.7e-4,0.00067,1.2,12,163.41,33.0454,True,7.1984e-14,ok
Ek6.7e-4,0.00067,1.2,13,186.958,33.5093,True,5.06448e-14,ok
Ek6.7e-4,0.00067,1.2,14,214.834,33.4161,True,3.8741e-14,ok
Ek6.7e-4,0.00067,1.2,15,247.422,32.9557,True,3.01448e-14,ok
Ek6.7e-4,0.00067,1.4,1,68.9284,-9.41656,True,3.44558e-14,ok
Ek6.7e-4,0.00067,1.4,2,58.6719,-14.1345,True,1.94078e-14,ok
Ek6.7e-4,0.00067,1.4,3,58.5863,-14.4161,True,4.32621e-14,ok
Ek6.7e-4,0.00067,1.4,4,62.2378,-11.2113,True,1.0466e-14,ok
Ek6.7e-4,0.00067,1.4,5,67.8336,-5.15306,True,2.06367e-14,ok
Ek6.7e-4,0.00067,1.4,6,74.2805,2.59701,True,2.02172e-14,ok
Ek6.7e-4,0.00067,1.4,7,81.1959,10.4391,True,3.93207e-14,ok
Ek6.7e-4,0.00067,1.4,8,88.9488,17.1686,True,3.2725e-14,ok
Ek6.7e-4,0.00067,1.4,9,98.18,22.3274,True,8.99371e-14,ok
Ek6.7e-4,0.00067,1.4,10,109.483,25.941,True,3.73553e-14,ok
Ek6.7e-4,0.00067,1.4,11,123.353,28.2439,True,0.0,ok
Ek6.7e-4,0.00067,1.4,12,140.207,29.5279,True,2.42e-14,ok
Ek6.7e-4,0.00067,1.4,13,160.414,30.066,True,8.15426e-14,ok
Ek6.7e-4,0.00067,1.4,14,184.316,30.0825,True,3.13971e-14,ok
Ek6.7e-4,0.00067,1.4,15,212.248,29.7481,True,4.91246e-14,ok
Ek6.7e-4,0.00067,1.6,1,61.0794,-8.30441,True,2.39264e-14,ok
Ek6.7e-4,0.00067,1.6,2,52.0767,-12.4688,True,2.58913e-14,ok
Ek6.7e-4,0.00067,1.6,3,51.8497,-12.7019,True,5.82143e-14,ok
Ek6.7e-4,0.00067,1.6,4,54.8265,-9.85861,True,3.91155e-14,ok
Ek6.7e-4,0.00067,1.6,5,59.4854,-4.52401,True,2.32906e-14,ok
Ek6.7e-4,0.00067,1.6,6,64.9495,2.28117,True,1.44433e-14,ok
Ek6.7e-4,0.00067,1.6,7,70.936,9.20137,True,1.19846e-13,ok
Ek6.7e-4,0.00067,1.6,8,77.7417,15.2131,True,9.63559e-15,ok
Ek6.7e-4,0.00067,1.6,9,85.876,19.8978,True,5.49452e-15,ok
Ek6.7e-4,0.00067,1.6,10,95.8248,23.243,True,3.37377e-14,ok
Ek6.7e-4,0.00067,1.6,11,108.007,25.4266,True,0.0,ok
Ek6.7e-4,0.00067,1.6,12,122.785,26.6892,True,6.91971e-14,ok
Ek6.7e-4,0.00067,1.6,13,140.483,27.2657,True,6.70606e-14,ok
Ek6.7e-4,0.00067,1.6,14,161.405,27.3546,True,9.86519e-14,ok
Ek6.7e-4,0.00067,1.6,15,185.848,27.1101,True,3.05987e-14,ok
Ek6.7e-4,0.00067,1.8,1,54.8361,-7.4263,True,1.0715e-14,ok
Ek6.7e-4,0.00067,1.8,2,46.8147,-11.152,True,6.90381e-15,ok
Ek6.7e-4,0.00067,1.8,3,46.5036,-11.349,True,6.43481e-14,ok
Ek6.7e-4,0.00067,1.8,4,48.9934,-8.79503,True,2.36166e-14,ok
Ek6.7e-4,0.00067,1.8,5,52.9673,-4.03135,True,3.69883e-14,ok
Ek6.7e-4,0.00067,1.8,6,57.701,2.03393,True,2.43422e-14,ok
Ek6.7e-4,0.00067,1.8,7,62.9767,8.22724,True,2.25445e-14,ok
Ek6.7e-4,0.00067,1.8,8,69.0407,13.6598,True,4.661e-14,ok
Ek6.7e-4,0.00067,1.8,9,76.3116,17.9476,True,2.23512e-15,ok
Ek6.7e-4,0.00067,1.8,10,85.1978,21.0556,True,4.6144e-14,ok
Ek6.7e-4,0.00067,1.8,11,96.061,23.122,True,6.30654e-14,ok
Ek6.7e-4,0.00067,1.8,12,109.221,24.3497,True,5.75975e-14,ok
Ek6.7e-4,0.00067,1.8,13,124.967,24.9435,True,3.02206e-14,ok
Ek6.7e-4,0.00067,1.8,14,143.571,25.0809,True,2.61895e-14,ok
Ek6.7e-4,0.00067,1.8,15,165.298,24.9022,True,1.37694e-13,ok
Ek6.7e-4,0.00067,2.0,1,49.751,-6.7156,True,5.88326e-14,ok
Ek6.7e-4,0.00067,2.0,2,42.5185,-10.0854,True,3.10549e-14,ok
Ek6.7e-4,0.00067,2.0,3,42.1571,-10.2547,True,4.23221e-14,ok
Ek6.7e-4,0.00067,2.0,4,44.2824,-7.93732,True,6.99452e-15,ok
Ek6.7e-4,0.00067,2.0,5,47.7367,-3.63517,True,1.54045e-14,ok
Ek6.7e-4,0.00067,2.0,6,51.9078,1.83511,True,2.99105e-14,ok
Ek6.7e-4,0.00067,2.0,7,56.6225,7.44034,True,1.69016e-14,ok
Ek6.7e-4,0.00067,2.0,8,62.0902,12.3956,True,7.67638e-14,ok
Ek6.7e-4,0.00067,2.0,9,68.6637,16.3471,True,5.74819e-14,ok
Ek6.7e-4,0.00067,2.0,10,76.6934,19.2459,True,3.59827e-14,ok
Ek6.7e-4,0.00067,2.0,11,86.4969,21.2017,True,4.67867e-14,ok
Ek6.7e-4,0.00067,2.0,12,98.3594,22.3881,True,1.00861e-13,ok
Ek6.7e-4,0.00067,2.0,13,112.542,22.9864,True,0.0,ok
Ek6.7e-4,0.00067,2.0,14,129.291,23.1565,True,8.55787e-14,ok
Ek6.7e-4,0.00067,2.0,15,148.848,23.0271,True,5.519e-14,ok
Ek6.7e-4,0.00067,2.2,1,45.5291,-6.12872,True,2.9191e-14,ok
Ek6.7e-4,0.00067,2.2,2,38.9444,-9.20415,True,2.93919e-14,ok
Ek6.7e-4,0.00067,2.2,3,38.5537,-9.35184,True,2.42742e-15,ok
Ek6.7e-4,0.00067,2.2,4,40.398,-7.23126,True,1.01596e-14,ok
Ek6.7e-4,0.00067,2.2,5,43.4464,-3.30972,True,2.79719e-14,ok
Ek6.7e-4,0.00067,2.2,6,47.1716,1.67173,True,6.5157e-15,ok
Ek6.7e-4,0.00067,2.2,7,51.4325,6.79127,True,2.94429e-14,ok
Ek6.7e-4,0.00067,2.2,8,56.4105,11.3464,True,1.42931e-14,ok
Ek6.7e-4,0.00067,2.2,9,62.4087,15.0096,True,3.12651e-15,ok
Ek6.7e-4,0.00067,2.2,10,69.7333,17.7236,True,0.0,ok
Ek6.7e-4,0.00067,2.2,11,78.6665,19.5766,True,3.723e-14,ok
Ek6.7e-4,0.00067,2.2,12,89.4655,20.7196,True,0.0,ok
Ek6.7e-4,0.00067,2.2,13,102.368,21.3144,True,4.72856e-14,ok
Ek6.7e-4,0.00067,2.2,14,117.599,21.5067,True,5.77712e-14,ok
Ek6.7e-4,0.00067,2.2,15,135.38,21.4148,True,5.40964e-14,ok
Ek6.7e-4,0.00067,2.4,1,41.9678,-5.63596,True,0.0,ok
Ek6.7e-4,0.00067,2.4,2,35.9243,-8.46396,True,1.98837e-15,ok
Ek6.7e-4,0.00067,2.4,3,35.5178,-8.59437,True,1.33258e-14,ok
Ek6.7e-4,0.00067,2.4,4,37.1402,-6.64006,True,2.56988e-14,ok
Ek6.7e-4,0.00067,2.4,5,39.8637,-3.03765,True,2.20255e-14,ok
Ek6.7e-4,0.00067,2.4,6,43.2274,1.53509,True,3.29645e-14,ok
Ek6.7e-4,0.00067,2.4,7,47.1138,6.24664,True,1.29965e-14,ok
Ek6.7e-4,0.00067,2.4,8,51.6824,10.4615,True,2.27825e-14,ok
Ek6.7e-4,0.00067,2.4,9,57.198,13.8752,True,4.00763e-14,ok
Ek6.7e-4,0.00067,2.4,10,63.9318,16.4251,True,2.62081e-14,ok
Ek6.7e-4,0.00067,2.4,11,72.1372,18.1835,True,5.04738e-14,ok
Ek6.7e-4,0.00067,2.4,12,82.0485,19.2829,True,7.74025e-15,ok
Ek6.7e-4,0.00067,2.4,13,93.8836,19.8695,True,5.4789e-14,ok
Ek6.7e-4,0.00067,2.4,14,107.85,20.0765,True,3.35621e-14,ok
Ek6.7e-4,0.00067,2.4,15,124.15,20.0137,True,8.89392e-14,ok
Ek6.7e-4,0.00067,2.6,1,38.9231,-5.2164,True,9.81829e-15,ok
Ek6.7e-4,0.00067,2.6,2,33.3388,-7.83359,True,2.38452e-14,ok
Ek6.7e-4,0.00067,2.6,3,32.925,-7.94994,True,4.73632e-14,ok
Ek6.7e-4,0.00067,2.6,4,34.3687,-6.13789,True,1.25479e-14,ok
Ek6.7e-4,0.00067,2.6,5,36.827,-2.80685,True,1.83682e-14,ok
Ek6.7e-4,0.00067,2.6,6,39.8918,1.41911,True,3.75622e-14,ok
Ek6.7e-4,0.00067,2.6,7,43.4639,5.78307,True,2.50629e-14,ok
Ek6.7e-4,0.00067,2.6,8,47.6852,9.70506,True,9.14988e-15,ok
Ek6.7e-4,0.00067,2.6,9,52.7903,12.9006,True,4.61923e-15,ok
Ek6.7e-4,0.00067,2.6,10,59.0217,15.3043,True,3.57554e-14,ok
Ek6.7e-4,0.00067,2.6,11,66.6096,16.9758,True,3.19941e-14,ok
Ek6.7e-4,0.00067,2.6,12,75.7685,18.0328,True,4.28717e-14,ok
Ek6.7e-4,0.00067,2.6,13,86.6996,18.6082,True,6.00676e-14,ok
Ek6.7e-4,0.00067,2.6,14,99.5948,18.8248,True,1.96718e-14,ok
Ek6.7e-4,0.00067,2.6,15,114.642,18.7847,True,1.1263e-13,ok
Ek6.7e-4,0.00067,2.8,1,36.2903,-4.85489,True,3.27098e-14,ok
Ek6.7e-4,0.00067,2.8,2,31.1004,-7.29036,True,5.90076e-15,ok
Ek6.7e-4,0.00067,2.8,3,30.685,-7.39508,True,1.97324e-14,ok
Ek6.7e-4,0.00067,2.8,4,31.982,-5.70611,True,2.71114e-15,ok
Ek6.7e-4,0.00067,2.8,5,34.2202,-2.60859,True,3.77739e-15,ok
Ek6.7e-4,0.00067,2.8,6,37.0341,1.31944,True,1.37229e-14,ok
Ek6.7e-4,0.00067,2.8,7,40.3387,5.38369,True,3.78101e-14,ok
Ek6.7e-4,0.00067,2.8,8,44.2618,9.05088,True,6.82108e-15,ok
Ek6.7e-4,0.00067,2.8,9,49.0132,12.0543,True,4.03304e-14,ok
Ek6.7e-4,0.00067,2.8,10,54.8123,14.3271,True,4.27294e-14,ok
Ek6.7e-4,0.00067,2.8,11,61.8693,15.9188,True,5.09928e-14,ok
Ek6.7e-4,0.00067,2.8,12,70.3824,16.9352,True,3.78113e-14,ok
Ek6.7e-4,0.00067,2.8,13,80.5381,17.4977,True,3.82406e-14,ok
Ek6.7e-4,0.00067,2.8,14,92.5152,17.7202,True,5.22923e-14,ok
Ek6.7e-4,0.00067,2.8,15,106.489,17.698,True,5.86815e-14,ok
Ek6.7e-4,0.00067,3.0,1,33.9911,-4.54016,True,3.03227e-14,ok
Ek6.7e-4,0.00067,3.0,2,29.1435,-6.8174,True,0.0,ok
Ek6.7e-4,0.00067,3.0,3,28.7303,-6.9124,True,5.4374e-14,ok
Ek6.7e-4,0.00067,3.0,4,29.9053,-5.33093,True,0.0,ok
Ek6.7e-4,0.00067,3.0,5,31.958,-2.43646,True,1.31813e-14,ok
Ek6.7e-4,0.00067,3.0,6,34.5585,1.23285,True,3.37491e-15,ok
Ek6.7e-4,0.00067,3.0,7,37.6327,5.03599,True,0.0,ok
Ek6.7e-4,0.00067,3.0,8,41.2968,8.47951,True,2.09547e-14,ok
Ek6.7e-4,0.00067,3.0,9,45.7405,11.3124,True,1.59835e-14,ok
Ek6.7e-4,0.00067,3.0,10,51.1635,13.4674,True,3.27211e-14,ok
Ek6.7e-4,0.00067,3.0,11,57.7593,14.9859,True,6.85663e-14,ok
Ek6.7e-4,0.00067,3.0,12,65.7119,15.9636,True,3.89023e-14,ok
Ek6.7e-4,0.00067,3.0,13,75.1952,16.5124,True,0.0,ok
Ek6.7e-4,0.00067,3.0,14,86.3765,16.7381,True,6.80406e-14,ok
Ek6.7e-4,0.00067,3.0,15,99.4197,16.7302,True,7.38033e-14,ok
Ek6.7e-4,0.00067,3.2,1,31.9659,-4.26371,True,2.77516e-14,ok
Ek6.7e-4,0.00067,3.2,2,27.4182,-6.40194,True,0.0,ok
Ek6.7e-4,0.00067,3.2,3,27.0096,-6.4887,True,3.50579e-15,ok
Ek6.7e-4,0.00067,3.2,4,28.0819,-5.00193,True,3.47212e-15,ok
Ek6.7e-4,0.00067,3.2,5,29.9764,-2.28561,True,1.44996e-15,ok
Ek6.7e-4,0.00067,3.2,6,32.393,1.15694,True,2.30336e-14,ok
Ek6.7e-4,0.00067,3.2,7,35.2668,4.73055,True,1.24223e-14,ok
Ek6.7e-4,0.00067,3.2,8,38.704,7.97613,True,3.8847e-14,ok
Ek6.7e-4,0.00067,3.2,9,42.8774,10.6567,True,2.99446e-14,ok
Ek6.7e-4,0.00067,3.2,10,47.9702,12.7051,True,2.91221e-14,ok
Ek6.7e-4,0.00067,3.2,11,54.1617,14.1565,True,1.11248e-14,ok
Ek6.7e-4,0.00067,3.2,12,61.6232,15.0976,True,2.21429e-14,ok
Ek6.7e-4,0.00067,3.2,13,70.5178,15.6322,True,8.47809e-15,ok
Ek6.7e-4,0.00067,3.2,14,81.0024,15.8591,True,6.63182e-14,ok
Ek6.7e-4,0.00067,3.2,15,93.2314,15.8628,True,4.36506e-14,ok
Ek6.7e-4,0.00067,3.4,1,30.1684,-4.01895,True,7.62122e-15,ok
Ek6.7e-4,0.00067,3.4,2,25.8857,-6.03411,True,3.03178e-14,ok
Ek6.7e-4,0.00067,3.4,3,25.4834,-6.11382,True,4.14987e-15,ok
Ek6.7e-4,0.00067,3.4,4,26.468,-4.71109,True,2.46407e-14,ok
Ek6.7e-4,0.00067,3.4,5,28.2262,-2.15234,True,2.08298e-14,ok
Ek6.7e-4,0.00067,3.4,6,30.483,1.08983,True,2.24171e-15,ok
Ek6.7e-4,0.00067,3.4,7,33.1808,4.46009,True,3.5336e-14,ok
Ek6.7e-4,0.00067,3.4,8,36.4175,7.52927,True,6.29384e-15,ok
Ek6.7e-4,0.00067,3.4,9,40.3516,10.073,True,9.85678e-15,ok
Ek6.7e-4,0.00067,3.4,10,45.1522,12.0247,True,1.40465e-14,ok
Ek6.7e-4,0.00067,3.4,11,50.9862,13.4142,True,3.74575e-14,ok
Ek6.7e-4,0.00067,3.4,12,58.0139,14.3208,True,6.26151e-14,ok
Ek6.7e-4,0.00067,3.4,13,66.3887,14.8411,True,1.22268e-14,ok
Ek6.7e-4,0.00067,3.4,14,76.2586,15.068,True,1.41789e-14,ok
Ek6.7e-4,0.00067,3.4,15,87.7691,15.081,True,4.261e-14,ok
Ek6.7e-4,0.00067,3.6,1,28.5622,-3.80074,True,5.2925e-14,ok
Ek6.7e-4,0.00067,3.6,2,24.5154,-5.70618,True,6.32614e-15,ok
Ek6.7e-4,0.00067,3.6,3,24.1204,-5.7798,True,3.15249e-14,ok
Ek6.7e-4,0.00067,3.6,4,25.0295,-4.45216,True,1.81554e-14,ok
Ek6.7e-4,0.00067,3.6,5,26.6691,-2.03374,True,1.10207e-14,ok
Ek6.7e-4,0.00067,3.6,6,28.7856,1.03009,True,1.30763e-14,ok
Ek6.7e-4,0.00067,3.6,7,31.3277,4.21892,True,0.0,ok
Ek6.7e-4,0.00067,3.6,8,34.386,7.12989,True,1.69316e-14,ok
Ek6.7e-4,0.00067,3.6,9,38.1068,9.55,True,2.53138e-15,ok
Ek6.7e-4,0.00067,3.6,10,42.647,11.4136,True,3.07335e-14,ok
Ek6.7e-4,0.00067,3.6,11,48.1626,12.7459,True,2.70547e-14,ok
Ek6.7e-4,0.00067,3.6,12,54.8043,13.6201,True,7.72333e-15,ok
Ek6.7e-4,0.00067,3.6,13,62.7168,14.1263,True,1.38468e-14,ok
Ek6.7e-4,0.00067,3.6,14,72.0401,14.352,True,1.71513e-14,ok
Ek6.7e-4,0.00067,3.6,15,82.9119,14.3726,True,4.87347e-14,ok
Ek6.7e-4,0.00067,3.8,1,27.1185,-3.60499,True,6.85349e-15,ok
Ek6.7e-4,0.00067,3.8,2,23.2828,-5.412,True,1.21943e-14,ok
Ek6.7e-4,0.00067,3.8,3,22.8958,-5.48031,True,0.0,ok
Ek6.7e-4,0.00067,3.8,4,23.7394,-4.22016,True,9.88638e-16,ok
Ek6.7e-4,0.00067,3.8,5,25.2748,-1.92751,True,3.4236e-14,ok
Ek6.7e-4,0.00067,3.8,6,27.2673,0.976559,True,1.22819e-14,ok
Ek6.7e-4,0.00067,3.8,7,29.6706,4.00252,True,4.75775e-14,ok
Ek6.7e-4,0.00067,3.8,8,32.5692,6.77082,True,1.39967e-14,ok
Ek6.7e-4,0.00067,3.8,9,36.0986,9.07871,True,2.85962e-14,ok
Ek6.7e-4,0.00067,3.8,10,40.4053,10.8616,True,1.30978e-14,ok
Ek6.7e-4,0.00067,3.8,11,45.6355,12.1411,True,3.68223e-14,ok
Ek6.7e-4,0.00067,3.8,12,51.9314,12.9849,True,2.57388e-14,ok
Ek6.7e-4,0.00067,3.8,13,59.4301,13.4773,True,2.01657e-14,ok
Ek6.7e-4,0.00067,3.8,14,68.2642,13.7011,True,4.68922e-14,ok
Ek6.7e-4,0.00067,3.8,15,78.5645,13.7278,True,2.87683e-14,ok
Ek6.7e-4,0.00067,4.0,1,25.8136,-3.42839,True,1.76167e-14,ok
Ek6.7e-4,0.00067,4.0,2,22.1682,-5.14662,True,5.88146e-15,ok
Ek6.7e-4,0.00067,4.0,3,21.7895,-5.21029,True,7.53483e-15,ok
Ek6.7e-4,0.00067,4.0,4,22.5756,-4.0111,True,8.93114e-16,ok
Ek6.7e-4,0.00067,4.0,5,24.0191,-1.83183,True,4.47055e-15,ok
Ek6.7e-4,0.00067,4.0,6,25.9011,0.928318,True,1.14812e-14,ok
Ek6.7e-4,0.00067,4.0,7,28.18,3.80726,True,2.17255e-14,ok
Ek6.7e-4,0.00067,4.0,8,30.9347,6.44622,True,2.07602e-14,ok
Ek6.7e-4,0.00067,4.0,9,34.2914,8.65181,True,5.19403e-15,ok
Ek6.7e-4,0.00067,4.0,10,38.3875,10.3606,True,8.9381e-15,ok
Ek6.7e-4,0.00067,4.0,11,43.3604,11.5912,True,2.61039e-14,ok
Ek6.7e-4,0.00067,4.0,12,49.3449,12.4063,True,2.5632e-14,ok
Ek6.7e-4,0.00067,4.0,13,56.471,12.8853,True,3.68661e-14,ok
Ek6.7e-4,0.00067,4.0,14,64.8648,13.1066,True,4.52954e-14,ok
Ek6.7e-4,0.00067,4.0,15,74.6507,13.1384,True,6.22841e-14,ok
Ek6.7e-4,0.00067,5.0,1,20.8075,-2.75377,True,7.99816e-15,ok
Ek6.7e-4,0.00067,5.0,2,17.8866,-4.13296,True,1.61195e-14,ok
Ek6.7e-4,0.00067,5.0,3,17.5494,-4.18002,True,2.42481e-15,ok
Ek6.7e-4,0.00067,5.0,4,18.1315,-3.21457,True,1.66351e-14,ok
Ek6.7e-4,0.00067,5.0,5,19.2396,-1.46751,True,9.56386e-15,ok
Ek6.7e-4,0.00067,5.0,6,20.7123,0.744457,True,7.38364e-16,ok
Ek6.7e-4,0.00067,5.0,7,22.5224,3.06085,True,4.16059e-15,ok
Ek6.7e-4,0.00067,5.0,8,24.729,5.20013,True,0.0,ok
Ek6.7e-4,0.00067,5.0,9,27.4263,7.00533,True,6.81048e-15,ok
Ek6.7e-4,0.00067,5.0,10,30.7177,8.41954,True,1.67242e-14,ok
Ek6.7e-4,0.00067,5.0,11,34.7096,9.45126,True,2.4793e-15,ok
Ek6.7e-4,0.00067,5.0,12,39.5079,10.1461,True,7.14314e-15,ok
Ek6.7e-4,0.00067,5.0,13,45.2162,10.5652,True,2.47852e-14,ok
Ek6.7e-4,0.00067,5.0,14,51.9358,10.7703,True,4.66849e-14,ok
Ek6.7e-4,0.00067,5.0,15,59.7667,10.8165,True,5.35805e-14,ok
Ek6.7e-4,0.00067,6.0,1,17.4277,-2.30091,True,1.76332e-14,ok
Ek6.7e-4,0.00067,6.0,2,14.9909,-3.45267,True,6.94832e-15,ok
Ek6.7e-4,0.00067,6.0,3,14.6905,-3.48966,True,1.014e-14,ok
Ek6.7e-4,0.00067,6.0,4,15.1493,-2.68179,True,1.23764e-14,ok
Ek6.7e-4,0.00067,6.0,5,16.0466,-1.22403,True,2.1624e-15,ok
Ek6.7e-4,0.00067,6.0,6,17.2555,0.621395,True,9.77418e-15,ok
Ek6.7e-4,0.00067,6.0,7,18.7565,2.55925,True,3.63584e-15,ok
Ek6.7e-4,0.00067,6.0,8,20.597,4.358,True,2.37212e-14,ok
Ek6.7e-4,0.00067,6.0,9,22.8514,5.88566,True,2.01911e-14,ok
Ek6.7e-4,0.00067,6.0,10,25.6026,7.09137,True,1.81448e-14,ok
Ek6.7e-4,0.00067,6.0,11,28.9371,7.97864,True,8.83442e-15,ok
Ek6.7e-4,0.00067,6.0,12,32.9421,8.58282,True,2.45353e-14,ok
Ek6.7e-4,0.00067,6.0,13,37.7036,8.95328,True,1.4462e-14,ok
Ek6.7e-4,0.00067,6.0,14,43.306,9.1411,True,3.59483e-14,ok
Ek6.7e-4,0.00067,6.0,15,49.8332,9.19213,True,0.0,ok
Ek6.7e-4,0.00067,7.0,1,14.9923,-1.97593,True,3.4677e-15,ok
Ek6.7e-4,0.00067,7.0,2,12.9021,-2.96459,True,1.70756e-14,ok
Ek6.7e-4,0.00067,7.0,3,12.6325,-2.99489,True,1.9916e-15,ok
Ek6.7e-4,0.00067,7.0,4,13.0095,-2.30043,True,4.70023e-15,ok
Ek6.7e-4,0.00067,7.0,5,13.7626,-1.04983,True,7.34169e-16,ok
Ek6.7e-4,0.00067,7.0,6,14.7875,0.533251,True,8.01875e-15,ok
Ek6.7e-4,0.00067,7.0,7,16.0695,2.19895,True,5.09992e-15,ok
Ek6.7e-4,0.00067,7.0,8,17.648,3.75072,True,7.02832e-15,ok
Ek6.7e-4,0.00067,7.0,9,19.5845,5.07473,True,7.14785e-16,ok
Ek6.7e-4,0.00067,7.0,10,21.948,6.12529,True,1.04137e-14,ok
Ek6.7e-4,0.00067,7.0,11,24.8112,6.9032,True,7.93602e-15,ok
Ek6.7e-4,0.00067,7.0,12,28.2481,7.43707,True,0.0,ok
Ek6.7e-4,0.00067,7.0,13,32.3323,7.76823,True,1.50743e-14,ok
Ek6.7e-4,0.00067,7.0,14,37.1362,7.94007,True,1.74984e-15,ok
Ek6.7e-4,0.00067,7.0,15,42.7319,7.99199,True,1.3296e-14,ok
Ek6.7e-4,0.00067,8.0,1,13.1541,-1.73137,True,1.24801e-14,ok
Ek6.7e-4,0.00067,8.0,2,11.3241,-2.59736,True,1.27328e-14,ok
Ek6.7e-4,0.00067,8.0,3,11.0803,-2.62294,True,8.78387e-15,ok
Ek6.7e-4,0.00067,8.0,4,11.3993,-2.01399,True,2.20659e-14,ok
Ek6.7e-4,0.00067,8.0,5,12.0477,-0.919023,True,2.06293e-15,ok
Ek6.7e-4,0.00067,8.0,6,12.9371,0.467008,True,7.74834e-16,ok
Ek6.7e-4,0.00067,8.0,7,14.0559,1.9276,True,3.30016e-15,ok
Ek6.7e-4,0.00067,8.0,8,15.4377,3.29204,True,6.01602e-16,ok
Ek6.7e-4,0.00067,8.0,9,17.1349,4.46027,True,4.41736e-15,ok
Ek6.7e-4,0.00067,8.0,10,19.2064,5.39095,True,7.25979e-15,ok
Ek6.7e-4,0.00067,8.0,11,21.7151,6.08332,True,2.05429e-15,ok
Ek6.7e-4,0.00067,8.0,12,24.7252,6.56126,True,1.19488e-15,ok
Ek6.7e-4,0.00067,8.0,13,28.3009,6.86026,True,1.9594e-14,ok
Ek6.7e-4,0.00067,8.0,14,32.5056,7.01803,True,1.50374e-14,ok
Ek6.7e-4,0.00067,8.0,15,37.4025,7.06907,True,9.70896e-15,ok
Ek6.7e-4,0.00067,9.0,1,11.7175,-1.54067,True,3.95293e-15,ok
Ek6.7e-4,0.00067,9.0,2,10.09,-2.31106,True,1.18594e-15,ok
Ek6.7e-4,0.00067,9.0,3,9.8677,-2.33315,True,2.41743e-15,ok
Ek6.7e-4,0.00067,9.0,4,10.1438,-1.79097,True,8.19054e-15,ok
Ek6.7e-4,0.00067,9.0,5,10.7129,-0.817199,True,6.82109e-15,ok
Ek6.7e-4,0.00067,9.0,6,11.4983,0.415406,True,8.35298e-15,ok
Ek6.7e-4,0.00067,9.0,7,12.4907,1.71588,True,2.94189e-15,ok
Ek6.7e-4,0.00067,9.0,8,13.7194,2.93335,True,6.68705e-15,ok
Ek6.7e-4,0.00067,9.0,9,15.2299,3.97858,True,5.71149e-15,ok
Ek6.7e-4,0.00067,9.0,10,17.0737,4.81389,True,1.54367e-14,ok
Ek6.7e-4,0.00067,9.0,11,19.3061,5.43756,True,1.72337e-14,ok
Ek6.7e-4,0.00067,9.0,12,21.9837,5.87003,True,4.7819e-15,ok
Ek6.7e-4,0.00067,9.0,13,25.1635,6.14235,True,1.7802e-14,ok
Ek6.7e-4,0.00067,9.0,14,28.902,6.28788,True,8.77907e-15,ok
Ek6.7e-4,0.00067,9.0,15,33.2553,6.33726,True,1.7835e-14,ok
Ek6.7e-4,0.00067,10.0,1,10.5637,-1.3878,True,3.84892e-15,ok
Ek6.7e-4,0.00067,10.0,2,9.09845,-2.0816,True,3.12692e-15,ok
Ek6.7e-4,0.00067,10.0,3,8.89435,-2.101,True,5.14577e-15,ok
Ek6.7e-4,0.00067,10.0,4,9.13744,-1.6124,True,3.17503e-15,ok
Ek6.7e-4,0.00067,10.0,5,9.64434,-0.735685,True,2.88427e-15,ok
Ek6.7e-4,0.00067,10.0,6,10.3476,0.374073,True,3.2935e-15,ok
Ek6.7e-4,0.00067,10.0,7,11.2391,1.54607,True,2.6538e-16,ok
Ek6.7e-4,0.00067,10.0,8,12.3453,2.64515,True,0.0,ok
Ek6.7e-4,0.00067,10.0,9,13.7061,3.59081,True,1.28836e-14,ok
Ek6.7e-4,0.00067,10.0,10,15.3674,4.34844,True,8.39726e-15,ok
Ek6.7e-4,0.00067,10.0,11,17.3782,4.91576,True,9.38987e-15,ok
Ek6.7e-4,0.00067,10.0,12,19.7895,5.31057,True,1.09588e-14,ok
Ek6.7e-4,0.00067,10.0,13,22.6525,5.56048,True,6.8654e-15,ok
Ek6.7e-4,0.00067,10.0,14,26.0178,5.69535,True,1.62055e-14,ok
Ek6.7e-4,0.00067,10.0,15,29.9362,5.74276,True,1.83072e-14,ok
Ek6.7e-4,0.00067,20.0,1,5.32267,-0.696593,True,4.30981e-16,ok
Ek6.7e-4,0.00067,20.0,2,4.5888,-1.04443,True,6.29757e-15,ok
Ek6.7e-4,0.00067,20.0,3,4.47753,-1.05304,True,1.72355e-15,ok
Ek6.7e-4,0.00067,20.0,4,4.58679,-0.807329,True,2.89449e-16,ok
Ek6.7e-4,0.00067,20.0,5,4.82833,-0.368295,True,3.91538e-15,ok
Ek6.7e-4,0.00067,20.0,6,5.1716,0.187508,True,1.1242e-15,ok
Ek6.7e-4,0.00067,20.0,7,5.61397,0.777105,True,9.38638e-16,ok
Ek6.7e-4,0.00067,20.0,8,6.16771,1.33437,True,1.38376e-15,ok
Ek6.7e-4,0.00067,20.0,9,6.85126,1.8186,True,5.87495e-15,ok
Ek6.7e-4,0.00067,20.0,10,7.68603,2.21098,True,0.0,ok
Ek6.7e-4,0.00067,20.0,11,8.69556,2.50867,True,5.58969e-15,ok
Ek6.7e-4,0.00067,20.0,12,9.90468,2.71922,True,7.7987e-15,ok
Ek6.7e-4,0.00067,20.0,13,11.3387,2.85557,True,4.52654e-16,ok
Ek6.7e-4,0.00067,20.0,14,13.0231,2.93228,True,2.86381e-15,ok
Ek6.7e-4,0.00067,20.0,15,14.9832,2.96313,True,1.94959e-15,ok
Ek6.7e-4,0.00067,40.0,1,2.67164,-0.348964,True,3.24476e-16,ok
Ek6.7e-4,0.00067,40.0,2,2.30439,-0.523105,True,1.09368e-15,ok
Ek6.7e-4,0.00067,40.0,3,2.24641,-0.527126,True,3.94865e-15,ok
Ek6.7e-4,0.00067,40.0,4,2.29793,-0.403928,True,3.62284e-16,ok
Ek6.7e-4,0.00067,40.0,5,2.4157,-0.184256,True,9.04622e-16,ok
Ek6.7e-4,0.00067,40.0,6,2.58526,0.0938734,True,1.26794e-15,ok
Ek6.7e-4,0.00067,40.0,7,2.80557,0.389591,True,3.30281e-15,ok
Ek6.7e-4,0.00067,40.0,8,3.0826,0.670201,True,8.97621e-16,ok
Ek6.7e-4,0.00067,40.0,9,3.42518,0.915253,True,7.44017e-16,ok
Ek6.7e-4,0.00067,40.0,10,3.84364,1.11496,True,0.0,ok
Ek6.7e-4,0.00067,40.0,11,4.34948,1.26748,True,7.13428e-16,ok
Ek6.7e-4,0.00067,40.0,12,4.95496,1.37622,True,3.57464e-15,ok
Ek6.7e-4,0.00067,40.0,13,5.67268,1.44743,True,2.55856e-15,ok
Ek6.7e-4,0.00067,40.0,14,6.51534,1.48828,True,1.96729e-15,ok
Ek6.7e-4,0.00067,40.0,15,7.49569,1.50564,True,5.53701e-15,ok
Ek6.7e-4,0.00067,60.0,1,1.78339,-0.23279,True,1.22736e-15,ok
Ek6.7e-4,0.00067,60.0,2,1.53849,-0.348932,True,9.19182e-16,ok
Ek6.7e-4,0.00067,60.0,3,1.49931,-0.351549,True,4.39069e-16,ok
Ek6.7e-4,0.00067,60.0,4,1.53296,-0.269342,True,1.67526e-15,ok
Ek6.7e-4,0.00067,60.0,5,1.61081,-0.122862,True,2.6814e-16,ok
Ek6.7e-4,0.00067,60.0,6,1.72338,0.0626089,True,3.89933e-16,ok
Ek6.7e-4,0.00067,60.0,7,1.87007,0.25996,True,3.60135e-16,ok
Ek6.7e-4,0.00067,60.0,8,2.05479,0.447478,True,4.44615e-16,ok
Ek6.7e-4,0.00067,60.0,9,2.28335,0.611508,True,1.16244e-15,ok
Ek6.7e-4,0.00067,60.0,10,2.56256,0.745441,True,1.72741e-15,ok
Ek6.7e-4,0.00067,60.0,11,2.90004,0.847951,True,2.87378e-15,ok
Ek6.7e-4,0.00067,60.0,12,3.30391,0.921233,True,7.53771e-16,ok
Ek6.7e-4,0.00067,60.0,13,3.78255,0.969399,True,3.33861e-15,ok
Ek6.7e-4,0.00067,60.0,14,4.34443,0.997205,True,5.29932e-15,ok
Ek6.7e-4,0.00067,60.0,15,4.99806,1.00923,True,1.01773e-15,ok
Ek6.7e-4,0.00067,80.0,1,1.33841,-0.174648,True,2.1673e-15,ok
Ek6.7e-4,0.00067,80.0,2,1.1547,-0.261772,True,9.12933e-17,ok
Ek6.7e-4,0.00067,80.0,3,1.12512,-0.263711,True,1.85301e-16,ok
Ek6.7e-4,0.00067,80.0,4,1.1501,-0.202028,True,0.0,ok
Ek6.7e-4,0.00067,80.0,5,1.20824,-0.092155,True,8.14633e-16,ok
Ek6.7e-4,0.00067,80.0,6,1.29249,0.0469667,True,1.34793e-15,ok
Ek6.7e-4,0.00067,80.0,7,1.40243,0.195058,True,2.02758e-15,ok
Ek6.7e-4,0.00067,80.0,8,1.54099,0.335864,True,8.51618e-16,ok
Ek6.7e-4,0.00067,80.0,9,1.71247,0.459135,True,1.31063e-15,ok
Ek6.7e-4,0.00067,80.0,10,1.92198,0.559885,True,5.56837e-16,ok
Ek6.7e-4,0.00067,80.0,11,2.17518,0.637082,True,1.44195e-15,ok
Ek6.7e-4,0.00067,80.0,12,2.47816,0.692342,True,1.91582e-15,ok
Ek6.7e-4,0.00067,80.0,13,2.8372,0.72873,True,3.30165e-15,ok
Ek6.7e-4,0.00067,80.0,14,3.25865,0.749801,True,3.62018e-15,ok
Ek6.7e-4,0.00067,80.0,15,3.7489,0.758989,True,3.45362e-15,ok
Ek6.7e-4,0.00067,100.0,1,1.07114,-0.139745,True,1.3876e-15,ok
Ek6.7e-4,0.00067,100.0,2,0.924166,-0.209453,True,8.96191e-16,ok
Ek6.7e-4,0.00067,100.0,3,0.900405,-0.210993,True,1.02803e-15,ok
Ek6.7e-4,0.00067,100.0,4,0.920262,-0.161632,True,6.03294e-16,ok
Ek6.7e-4,0.00067,100.0,5,0.966653,-0.0737283,True,6.75922e-16,ok
Ek6.7e-4,0.00067,100.0,6,1.03397,0.0375782,True,2.40809e-16,ok
Ek6.7e-4,0.00067,100.0,7,1.12189,0.156088,True,3.89505e-16,ok
Ek6.7e-4,0.00067,100.0,8,1.23274,0.268813,True,4.17173e-16,ok
Ek6.7e-4,0.00067,100.0,9,1.36996,0.367551,True,5.99936e-17,ok
Ek6.7e-4,0.00067,100.0,10,1.53761,0.448295,True,3.56992e-16,ok
Ek6.7e-4,0.00067,100.0,11,1.74021,0.510204,True,1.734e-16,ok
Ek6.7e-4,0.00067,100.0,12,1.98263,0.554556,True,1.22915e-15,ok
Ek6.7e-4,0.00067,100.0,13,2.2699,0.583793,True,1.51352e-16,ok
Ek6.7e-4,0.00067,100.0,14,2.60708,0.600756,True,1.9233e-15,ok
Ek6.7e-4,0.00067,100.0,15,2.99929,0.608188,True,5.74929e-16,ok
Ek9.2e-4,0.00092,0.01,1,623.589,0.0,True,0.0,ok
Ek9.2e-4,0.00092,0.01,2,4310.397765769548,609.7046356127267,True,0.000489731,ok
Ek9.2e-4,0.00092,0.01,3,5350.399434667968,480.0100124564685,True,1.74466e-05,ok
Ek9.2e-4,0.00092,0.01,4,6544.490990864134,390.2949782195388,True,2.89395e-05,ok
Ek9.2e-4,0.00092,0.01,5,8163.920023052014,315.11499942486955,True,6.3527e-07,ok
Ek9.2e-4,0.00092,0.01,6,10095.100342178392,240.85998973464825,True,1.01421e-05,ok
Ek9.2e-4,0.00092,0.01,7,11835.599998061389,173.77400006143716,True,8.96298e-08,ok
Ek9.2e-4,0.00092,0.01,8,13311.6,134.513,True,1.36772e-10,ok
Ek9.2e-4,0.00092,0.01,9,15056.3,113.607,True,6.85118e-12,ok
Ek9.2e-4,0.00092,0.01,10,17279.5,100.329,True,3.84158e-13,ok
Ek9.2e-4,0.00092,0.01,11,20052.4,90.7015,True,0.0,ok
Ek9.2e-4,0.00092,0.01,12,23426.0,83.1565,True,4.79825e-14,ok
Ek9.2e-4,0.00092,0.01,13,27451.6,76.9607,True,2.87691e-13,ok
Ek9.2e-4,0.00092,0.01,14,32184.4,71.7184,True,1.69529e-13,ok
Ek9.2e-4,0.00092,0.01,15,37683.9,67.1919,True,6.10885e-13,ok
Ek9.2e-4,0.00092,0.03,1,1908.240652305371,-345.0829697481568,True,3.99917e-05,ok
Ek9.2e-4,0.00092,0.03,2,1676.27,-67.9063,True,7.67931e-13,ok
Ek9.2e-4,0.00092,0.03,3,2019.49,-59.9546,True,9.35333e-14,ok
Ek9.2e-4,0.00092,0.03,4,2391.269949608039,355.8360035762037,True,3.78445e-06,ok
Ek9.2e-4,0.00092,0.03,5,2899.419949770944,287.24500408111084,True,3.64334e-06,ok
Ek9.2e-4,0.00092,0.03,6,3506.5901240294847,214.80198694042485,True,1.13836e-05,ok
Ek9.2e-4,0.00092,0.03,7,4000.49999959887,155.45500003553934,True,6.17706e-08,ok
Ek9.2e-4,0.00092,0.03,8,4451.5,124.542,True,1.05166e-10,ok
Ek9.2e-4,0.00092,0.03,9,5023.37,107.46,True,1.64262e-12,ok
Ek9.2e-4,0.00092,0.03,10,5761.74,96.0089,True,2.55843e-13,ok
Ek9.2e-4,0.00092,0.03,11,6685.1,87.3887,True,3.84184e-13,ok
Ek9.2e-4,0.00092,0.03,12,7809.23,80.465,True,3.14487e-13,ok
Ek9.2e-4,0.00092,0.03,13,9150.92,74.6849,True,2.9028e-14,ok
Ek9.2e-4,0.00092,0.03,14,10728.4,69.7385,True,2.78413e-13,ok
Ek9.2e-4,0.00092,0.03,15,12561.5,65.4332,True,6.23887e-13,ok
Ek9.2e-4,0.00092,0.05,1,1186.4,-48.2743,True,1.8596e-13,ok
Ek9.2e-4,0.00092,0.05,2,1033.27,-63.425,True,1.18632e-13,ok
Ek9.2e-4,0.00092,0.05,3,1236.91,-55.9499,True,1.95493e-13,ok
Ek9.2e-4,0.00092,0.05,4,1595.000000248776,320.4789999502448,True,4.14282e-08,ok
Ek9.2e-4,0.00092,0.05,5,1869.199998924231,257.38700021515376,True,1.19704e-07,ok
Ek9.2e-4,0.00092,0.05,6,2189.5300206728257,187.4249957506177,True,4.09093e-06,ok
Ek9.2e-4,0.00092,0.05,7,2425.59,139.158,True,4.92733e-09,ok
Ek9.2e-4,0.00092,0.05,8,2677.77,115.792,True,1.11875e-11,ok
Ek9.2e-4,0.00092,0.05,9,3016.61,101.921,True,5.22585e-13,ok
Ek9.2e-4,0.00092,0.05,10,3458.31,92.0408,True,2.35132e-13,ok
Ek9.2e-4,0.00092,0.05,11,4011.81,84.3084,True,1.35633e-13,ok
Ek9.2e-4,0.00092,0.05,12,4686.05,77.942,True,1.58075e-13,ok
Ek9.2e-4,0.00092,0.05,13,5490.93,72.5397,True,4.56407e-14,ok
Ek9.2e-4,0.00092,0.05,14,6437.35,67.8651,True,4.79373e-14,ok
Ek9.2e-4,0.00092,0.05,15,7537.15,63.7642,True,3.66764e-13,ok
Ek9.2e-4,0.00092,0.07,1,810.33,0.0,True,0.0,ok
Ek9.2e-4,0.00092,0.07,2,757.995,-59.3797,True,2.63012e-13,ok
Ek9.2e-4,0.00092,0.07,3,901.078,-52.3134,True,1.23432e-13,ok
Ek9.2e-4,0.00092,0.07,4,1175.37,-25.1298,True,3.68085e-13,ok
Ek9.2e-4,0.00092,0.07,5,1440.77,224.19,True,3.62501e-09,ok
Ek9.2e-4,0.00092,0.07,6,1616.8800005602382,159.52499981658875,True,1.81894e-07,ok
Ek9.2e-4,0.00092,0.07,7,1745.19,125.098,True,6.65826e-10,ok
Ek9.2e-4,0.00092,0.07,8,1916.59,108.107,True,5.25091e-12,ok
Ek9.2e-4,0.00092,0.07,9,2156.44,96.9132,True,1.30342e-13,ok
Ek9.2e-4,0.00092,0.07,10,2471.19,88.3854,True,3.38791e-13,ok
Ek9.2e-4,0.00092,0.07,11,2866.21,81.4374,True,2.30096e-13,ok
Ek9.2e-4,0.00092,0.07,12,3347.64,75.5723,True,1.38702e-13,ok
Ek9.2e-4,0.00092,0.07,13,3922.45,70.5144,True,4.39902e-13,ok
Ek9.2e-4,0.00092,0.07,14,4598.4,66.0896,True,3.33387e-13,ok
Ek9.2e-4,0.00092,0.07,15,5383.92,62.1782,True,4.96293e-13,ok
Ek9.2e-4,0.00092,0.1,1,608.813,0.0,True,0.0,ok
Ek9.2e-4,0.00092,0.1,2,551.319,-54.0241,True,5.06297e-14,ok
Ek9.2e-4,0.00092,0.1,3,648.342,-47.4745,True,1.6421e-13,ok
Ek9.2e-4,0.00092,0.1,4,834.746,-21.8861,True,1.3295e-13,ok
Ek9.2e-4,0.00092,0.1,5,1129.8499911828635,158.23600639242397,True,2.87491e-06,ok
Ek9.2e-4,0.00092,0.1,6,1164.31,121.554,True,1.48633e-09,ok
Ek9.2e-4,0.00092,0.1,7,1229.37,107.959,True,2.52076e-10,ok
Ek9.2e-4,0.00092,0.1,8,1344.67,98.2495,True,3.8514e-13,ok
Ek9.2e-4,0.00092,0.1,9,1511.16,90.2509,True,4.9454e-13,ok
Ek9.2e-4,0.00092,0.1,10,1730.89,83.4147,True,1.32772e-13,ok
Ek9.2e-4,0.00092,0.1,11,2007.11,77.4796,True,1.35378e-13,ok
Ek9.2e-4,0.00092,0.1,12,2343.93,72.2763,True,1.72177e-13,ok
Ek9.2e-4,0.00092,0.1,13,2746.18,67.68,True,4.76762e-13,ok
Ek9.2e-4,0.00092,0.1,14,3219.27,63.5941,True,6.31403e-14,ok
Ek9.2e-4,0.00092,0.1,15,3769.08,59.9419,True,1.74522e-13,ok
Ek9.2e-4,0.00092,0.2,1,360.955,-29.2862,True,1.78541e-14,ok
Ek9.2e-4,0.00092,0.2,2,306.509,-40.8265,True,1.15658e-13,ok
Ek9.2e-4,0.00092,0.2,3,348.763,-35.503,True,6.12236e-14,ok
Ek9.2e-4,0.00092,0.2,4,430.783,-14.8697,True,3.37533e-14,ok
Ek9.2e-4,0.00092,0.2,5,527.988,25.7157,True,6.20847e-12,ok
Ek9.2e-4,0.00092,0.2,6,578.964,62.1539,True,3.48474e-13,ok
Ek9.2e-4,0.00092,0.2,7,616.888,73.6767,True,2.54246e-13,ok
Ek9.2e-4,0.00092,0.2,8,674.886,75.3234,True,1.08264e-13,ok
Ek9.2e-4,0.00092,0.2,9,757.772,73.4349,True,2.99354e-13,ok
Ek9.2e-4,0.00092,0.2,10,867.247,70.2542,True,5.13719e-14,ok
Ek9.2e-4,0.00092,0.2,11,1005.03,66.6829,True,4.62818e-14,ok
Ek9.2e-4,0.00092,0.2,12,1173.19,63.1052,True,9.6714e-14,ok
Ek9.2e-4,0.00092,0.2,13,1374.13,59.6848,True,2.47183e-13,ok
Ek9.2e-4,0.00092,0.2,14,1610.52,56.4856,True,4.42788e-14,ok
Ek9.2e-4,0.00092,0.2,15,1885.3,53.5255,True,1.88858e-13,ok
Ek9.2e-4,0.00092,0.3,1,260.088,-22.7829,True,0.0,ok
Ek9.2e-4,0.00092,0.3,2,220.172,-32.3171,True,1.23198e-13,ok
Ek9.2e-4,0.00092,0.3,3,244.332,-27.8262,True,6.98458e-14,ok
Ek9.2e-4,0.00092,0.3,4,292.192,-11.0585,True,7.46738e-14,ok
Ek9.2e-4,0.00092,0.3,5,344.711,17.1029,True,1.19752e-13,ok
Ek9.2e-4,0.00092,0.3,6,380.052,43.0391,True,7.06933e-14,ok
Ek9.2e-4,0.00092,0.3,7,410.125,56.2788,True,6.59327e-14,ok
Ek9.2e-4,0.00092,0.3,8,450.524,61.1973,True,3.50823e-13,ok
Ek9.2e-4,0.00092,0.3,9,506.25,61.9507,True,2.79623e-13,ok
Ek9.2e-4,0.00092,0.3,10,579.279,60.7021,True,1.2784e-13,ok
Ek9.2e-4,0.00092,0.3,11,671.052,58.5374,True,9.51079e-14,ok
Ek9.2e-4,0.00092,0.3,12,783.045,56.0046,True,1.6323e-13,ok
Ek9.2e-4,0.00092,0.3,13,916.888,53.3817,True,7.90924e-14,ok
Ek9.2e-4,0.00092,0.3,14,1074.38,50.808,True,2.14949e-13,ok
Ek9.2e-4,0.00092,0.3,15,1257.48,48.3508,True,1.78439e-13,ok
Ek9.2e-4,0.00092,0.4,1,205.543,-18.5317,True,1.64426e-13,ok
Ek9.2e-4,0.00092,0.4,2,174.016,-26.5338,True,1.51444e-13,ok
Ek9.2e-4,0.00092,0.4,3,189.602,-22.6656,True,7.12942e-15,ok
Ek9.2e-4,0.00092,0.4,4,221.455,-8.74408,True,9.76193e-14,ok
Ek9.2e-4,0.00092,0.4,5,255.862,13.0108,True,7.04772e-14,ok
Ek9.2e-4,0.00092,0.4,6,282.19,33.3852,True,1.04407e-13,ok
Ek9.2e-4,0.00092,0.4,7,306.67,45.7557,True,1.45271e-14,ok
Ek9.2e-4,0.00092,0.4,8,338.073,51.6292,True,1.01729e-13,ok
Ek9.2e-4,0.00092,0.4,9,380.305,53.6142,True,9.97287e-15,ok
Ek9.2e-4,0.00092,0.4,10,435.199,53.4554,True,9.91387e-15,ok
Ek9.2e-4,0.00092,0.4,11,504.022,52.1741,True,2.17219e-13,ok
Ek9.2e-4,0.00092,0.4,12,587.963,50.3448,True,1.67079e-13,ok
Ek9.2e-4,0.00092,0.4,13,688.279,48.2851,True,2.26487e-13,ok
Ek9.2e-4,0.00092,0.4,14,806.334,46.1687,True,1.18325e-13,ok
Ek9.2e-4,0.00092,0.4,15,943.601,44.0891,True,6.06968e-14,ok
Ek9.2e-4,0.00092,0.5,1,170.614,-15.5709,True,8.07525e-14,ok
Ek9.2e-4,0.00092,0.5,2,144.59,-22.4112,True,5.92476e-14,ok
Ek9.2e-4,0.00092,0.5,3,155.405,-19.0267,True,2.51198e-14,ok
Ek9.2e-4,0.00092,0.5,4,178.399,-7.2101,True,1.41403e-13,ok
Ek9.2e-4,0.00092,0.5,5,203.391,10.5486,True,8.49315e-14,ok
Ek9.2e-4,0.00092,0.5,6,224.211,27.4234,True,2.08733e-14,ok
Ek9.2e-4,0.00092,0.5,7,244.717,38.6557,True,1.39975e-13,ok
Ek9.2e-4,0.00092,0.5,8,270.522,44.7047,True,1.38675e-14,ok
Ek9.2e-4,0.00092,0.5,9,304.639,47.2826,True,4.65388e-14,ok
Ek9.2e-4,0.00092,0.5,10,348.677,47.7677,True,4.74986e-14,ok
Ek9.2e-4,0.00092,0.5,11,403.756,47.0653,True,0.0,ok
Ek9.2e-4,0.00092,0.5,12,470.884,45.7273,True,5.0782e-14,ok
Ek9.2e-4,0.00092,0.5,13,551.096,44.0786,True,3.37044e-14,ok
Ek9.2e-4,0.00092,0.5,14,645.495,42.3068,True,1.24197e-14,ok
Ek9.2e-4,0.00092,0.5,15,755.266,40.5184,True,2.16446e-13,ok
Ek9.2e-4,0.00092,0.6,1,146.092,-13.4041,True,8.47761e-14,ok
Ek9.2e-4,0.00092,0.6,2,123.952,-19.3509,True,1.81882e-14,ok
Ek9.2e-4,0.00092,0.6,3,131.844,-16.3505,True,2.04054e-14,ok
Ek9.2e-4,0.00092,0.6,4,149.397,-6.12545,True,2.29113e-14,ok
Ek9.2e-4,0.00092,0.6,5,168.758,8.88774,True,1.00853e-13,ok
Ek9.2e-4,0.00092,0.6,6,185.919,23.3312,True,1.51086e-14,ok
Ek9.2e-4,0.00092,0.6,7,203.514,33.5171,True,6.62584e-14,ok
Ek9.2e-4,0.00092,0.6,8,225.461,39.4506,True,2.48386e-13,ok
Ek9.2e-4,0.00092,0.6,9,254.138,42.3062,True,8.07256e-14,ok
Ek9.2e-4,0.00092,0.6,10,290.941,43.1831,True,4.52884e-14,ok
Ek9.2e-4,0.00092,0.6,11,336.869,42.8725,True,1.08409e-13,ok
Ek9.2e-4,0.00092,0.6,12,392.8,41.8882,True,1.15664e-13,ok
Ek9.2e-4,0.00092,0.6,13,459.617,40.5477,True,1.14084e-14,ok
Ek9.2e-4,0.00092,0.6,14,538.252,39.0419,True,1.05767e-14,ok
Ek9.2e-4,0.00092,0.6,15,629.696,37.4832,True,4.38708e-14,ok
Ek9.2e-4,0.00092,0.7,1,127.843,-11.7556,True,1.7836e-13,ok
Ek9.2e-4,0.00092,0.7,2,108.585,-17.0014,True,1.20341e-14,ok
Ek9.2e-4,0.00092,0.7,3,114.564,-14.3117,True,2.55828e-14,ok
Ek9.2e-4,0.00092,0.7,4,128.521,-5.32044,True,4.94979e-14,ok
Ek9.2e-4,0.00092,0.7,5,144.193,7.6865,True,1.63986e-15,ok
Ek9.2e-4,0.00092,0.7,6,158.763,20.3315,True,3.442e-14,ok
Ek9.2e-4,0.00092,0.7,7,174.151,29.6134,True,3.65106e-14,ok
Ek9.2e-4,0.00092,0.7,8,193.264,35.3213,True,0.0,ok
Ek9.2e-4,0.00092,0.7,9,218.029,38.2889,True,5.59499e-14,ok
Ek9.2e-4,0.00092,0.7,10,249.662,39.4078,True,1.02371e-13,ok
Ek9.2e-4,0.00092,0.7,11,289.058,39.3691,True,2.68869e-14,ok
Ek9.2e-4,0.00092,0.7,12,336.997,38.6457,True,1.03632e-14,ok
Ek9.2e-4,0.00092,0.7,13,394.253,37.5416,True,1.27133e-13,ok
Ek9.2e-4,0.00092,0.7,14,461.632,36.2453,True,1.732e-13,ok
Ek9.2e-4,0.00092,0.7,15,539.988,34.8713,True,1.94068e-13,ok
Ek9.2e-4,0.00092,0.8,1,113.698,-10.4622,True,1.64056e-13,ok
Ek9.2e-4,0.00092,0.8,2,96.662,-15.147,True,1.91041e-14,ok
Ek9.2e-4,0.00092,0.8,3,101.324,-12.7127,True,7.84988e-14,ok
Ek9.2e-4,0.00092,0.8,4,112.771,-4.70038,True,1.15285e-13,ok
Ek9.2e-4,0.00092,0.8,5,125.866,6.77513,True,4.96879e-14,ok
Ek9.2e-4,0.00092,0.8,6,138.51,18.0309,True,4.96302e-14,ok
Ek9.2e-4,0.00092,0.8,7,152.174,26.541,True,7.82069e-14,ok
Ek9.2e-4,0.00092,0.8,8,169.112,31.9868,True,2.48484e-14,ok
Ek9.2e-4,0.00092,0.8,9,190.922,34.976,True,0.0,ok
Ek9.2e-4,0.00092,0.8,10,218.674,36.2439,True,1.04823e-13,ok
Ek9.2e-4,0.00092,0.8,11,253.172,36.3974,True,5.05584e-14,ok
Ek9.2e-4,0.00092,0.8,12,295.121,35.8705,True,8.4818e-14,ok
Ek9.2e-4,0.00092,0.8,13,345.21,34.9512,True,7.20499e-14,ok
Ek9.2e-4,0.00092,0.8,14,404.15,33.8231,True,1.03195e-13,ok
Ek9.2e-4,0.00092,0.8,15,472.694,32.6,True,7.7431e-14,ok
Ek9.2e-4,0.00092,1.0,1,93.1557,-8.56727,True,2.03721e-14,ok
Ek9.2e-4,0.00092,1.0,2,79.3157,-12.4161,True,3.63699e-14,ok
Ek9.2e-4,0.00092,1.0,3,82.3403,-10.3746,True,5.2279e-14,ok
Ek9.2e-4,0.00092,1.0,4,90.5801,-3.8093,True,8.8606e-15,ok
Ek9.2e-4,0.00092,1.0,5,100.347,5.48107,True,1.75106e-14,ok
Ek9.2e-4,0.00092,1.0,6,110.332,14.7232,True,7.82168e-14,ok
Ek9.2e-4,0.00092,1.0,7,121.484,22.0037,True,1.31022e-13,ok
Ek9.2e-4,0.00092,1.0,8,135.295,26.9253,True,6.53965e-14,ok
Ek9.2e-4,0.00092,1.0,9,152.928,29.829,True,1.2348e-14,ok
Ek9.2e-4,0.00092,1.0,10,175.233,31.237,True,1.01559e-14,ok
Ek9.2e-4,0.00092,1.0,11,202.877,31.6278,True,1.04117e-14,ok
Ek9.2e-4,0.00092,1.0,12,236.445,31.3682,True,3.07242e-14,ok
Ek9.2e-4,0.00092,1.0,13,276.505,30.7143,True,1.96378e-14,ok
Ek9.2e-4,0.00092,1.0,14,323.638,29.8362,True,1.2354e-14,ok
Ek9.2e-4,0.00092,1.0,15,378.449,28.8432,True,6.92722e-14,ok
Ek9.2e-4,0.00092,1.2,1,78.9299,-7.24873,True,4.52101e-14,ok
Ek9.2e-4,0.00092,1.2,2,67.2768,-10.5083,True,5.97659e-14,ok
Ek9.2e-4,0.00092,1.2,3,69.3664,-8.75322,True,6.69879e-14,ok
Ek9.2e-4,0.00092,1.2,4,75.6906,-3.20077,True,1.81986e-14,ok
Ek9.2e-4,0.00092,1.2,5,83.4274,4.60465,True,7.65045e-15,ok
Ek9.2e-4,0.00092,1.2,6,91.6674,12.4528,True,1.50644e-14,ok
Ek9.2e-4,0.00092,1.2,7,101.082,18.8063,True,2.69955e-14,ok
Ek9.2e-4,0.00092,1.2,8,112.748,23.2598,True,9.38515e-14,ok
Ek9.2e-4,0.00092,1.2,9,127.565,26.0116,True,9.38976e-15,ok
Ek9.2e-4,0.00092,1.2,10,146.225,27.4513,True,3.66029e-14,ok
Ek9.2e-4,0.00092,1.2,11,169.297,27.967,True,9.22636e-14,ok
Ek9.2e-4,0.00092,1.2,12,197.28,27.8721,True,3.23431e-14,ok
Ek9.2e-4,0.00092,1.2,13,230.66,27.3947,True,1.61431e-13,ok
Ek9.2e-4,0.00092,1.2,14,269.925,26.6908,True,8.40353e-14,ok
Ek9.2e-4,0.00092,1.2,15,315.586,25.8632,True,5.56977e-14,ok
Ek9.2e-4,0.00092,1.4,1,68.4847,-6.27973,True,3.06472e-14,ok
Ek9.2e-4,0.00092,1.4,2,58.4215,-9.10359,True,1.38015e-14,ok
Ek9.2e-4,0.00092,1.4,3,59.9314,-7.56577,True,1.9065e-14,ok
Ek9.2e-4,0.00092,1.4,4,65.0067,-2.75923,True,5.62094e-14,ok
Ek9.2e-4,0.00092,1.4,5,71.3882,3.97099,True,1.04166e-13,ok
Ek9.2e-4,0.00092,1.4,6,78.3977,10.7944,True,3.39576e-14,ok
Ek9.2e-4,0.00092,1.4,7,86.5412,16.4276,True,2.62161e-14,ok
Ek9.2e-4,0.00092,1.4,8,96.6436,20.4794,True,3.20124e-14,ok
Ek9.2e-4,0.00092,1.4,9,109.427,23.0655,True,6.27573e-14,ok
Ek9.2e-4,0.00092,1.4,10,125.475,24.4875,True,4.16081e-14,ok
Ek9.2e-4,0.00092,1.4,11,145.278,25.0678,True,0.0,ok
Ek9.2e-4,0.00092,1.4,12,169.273,25.0785,True,4.36409e-14,ok
Ek9.2e-4,0.00092,1.4,13,197.883,24.7235,True,6.78627e-14,ok
Ek9.2e-4,0.00092,1.4,14,231.532,24.1458,True,1.9823e-13,ok
Ek9.2e-4,0.00092,1.4,15,270.66,23.4416,True,1.1439e-13,ok
Ek9.2e-4,0.00092,1.6,1,60.4861,-5.53815,True,2.21336e-14,ok
Ek9.2e-4,0.00092,1.6,2,51.6305,-8.02748,True,1.60972e-14,ok
Ek9.2e-4,0.00092,1.6,3,52.7587,-6.6598,True,5.29347e-14,ok
Ek9.2e-4,0.00092,1.6,4,56.9666,-2.42443,True,5.38374e-14,ok
Ek9.2e-4,0.00092,1.6,5,62.3844,3.49119,True,8.79571e-15,ok
Ek9.2e-4,0.00092,1.6,6,68.481,9.52854,True,1.76401e-14,ok
Ek9.2e-4,0.00092,1.6,7,75.6548,14.5871,True,5.90589e-15,ok
Ek9.2e-4,0.00092,1.6,8,84.565,18.2966,True,2.32289e-14,ok
Ek9.2e-4,0.00092,1.6,9,95.8099,20.7218,True,3.27745e-14,ok
Ek9.2e-4,0.00092,1.6,10,109.892,22.1032,True,1.01701e-14,ok
Ek9.2e-4,0.00092,1.6,11,127.241,22.7145,True,7.16025e-15,ok
Ek9.2e-4,0.00092,1.6,12,148.246,22.7947,True,2.5238e-14,ok
Ek9.2e-4,0.00092,1.6,13,173.279,22.5274,True,0.0,ok
Ek9.2e-4,0.00092,1.6,14,202.718,22.0442,True,0.0,ok
Ek9.2e-4,0.00092,1.6,15,236.947,21.4349,True,5.73858e-14,ok
Ek9.2e-4,0.00092,1.8,1,54.1629,-4.95261,True,2.85935e-14,ok
Ek9.2e-4,0.00092,1.8,2,46.256,-7.17743,True,4.5755e-14,ok
Ek9.2e-4,0.00092,1.8,3,47.1207,-5.94639,True,7.85139e-15,ok
Ek9.2e-4,0.00092,1.8,4,50.6968,-2.16192,True,7.26467e-15,ok
Ek9.2e-4,0.00092,1.8,5,55.3969,3.11513,True,2.31634e-14,ok
Ek9.2e-4,0.00092,1.8,6,60.7896,8.52993,True,3.1302e-14,ok
Ek9.2e-4,0.00092,1.8,7,67.1997,13.1196,True,3.10531e-14,ok
Ek9.2e-4,0.00092,1.8,8,75.1704,16.5364,True,0.0,ok
Ek9.2e-4,0.00092,1.8,9,85.2102,18.8122,True,0.0,ok
Ek9.2e-4,0.00092,1.8,10,97.758,20.1434,True,0.0,ok
Ek9.2e-4,0.00092,1.8,11,113.197,20.766,True,3.29147e-14,ok
Ek9.2e-4,0.00092,1.8,12,131.875,20.8926,True,4.84615e-14,ok
Ek9.2e-4,0.00092,1.8,13,154.128,20.69,True,6.53483e-14,ok
Ek9.2e-4,0.00092,1.8,14,180.292,20.2794,True,9.98773e-14,ok
Ek9.2e-4,0.00092,1.8,15,210.713,19.7447,True,1.02796e-13,ok
Ek9.2e-4,0.00092,2.0,1,49.038,-4.47869,True,3.28476e-14,ok
Ek9.2e-4,0.00092,2.0,2,41.8958,-6.48932,True,1.87012e-14,ok
Ek9.2e-4,0.00092,2.0,3,42.5721,-5.37033,True,3.28198e-14,ok
Ek9.2e-4,0.00092,2.0,4,45.6704,-1.9506,True,1.3095e-14,ok
Ek9.2e-4,0.00092,2.0,5,49.8167,2.81238,True,5.13707e-14,ok
Ek9.2e-4,0.00092,2.0,6,54.6505,7.72166,True,3.3098e-15,ok
Ek9.2e-4,0.00092,2.0,7,60.4435,11.9218,True,1.57795e-14,ok
Ek9.2e-4,0.00092,2.0,8,67.6547,15.0867,True,2.52695e-14,ok
Ek9.2e-4,0.00092,2.0,9,76.7243,17.2261,True,7.4125e-14,ok
Ek9.2e-4,0.00092,2.0,10,88.0411,18.5036,True,4.27638e-14,ok
Ek9.2e-4,0.00092,2.0,11,101.95,19.126,True,2.03061e-14,ok
Ek9.2e-4,0.00092,2.0,12,118.766,19.2839,True,1.03215e-13,ok
Ek9.2e-4,0.00092,2.0,13,138.795,19.1299,True,9.39547e-14,ok
Ek9.2e-4,0.00092,2.0,14,162.341,18.7763,True,4.40334e-14,ok
Ek9.2e-4,0.00092,2.0,15,189.716,18.3017,True,4.18356e-14,ok
Ek9.2e-4,0.00092,2.2,1,44.7999,-4.08732,True,2.73577e-14,ok
Ek9.2e-4,0.00092,2.2,2,38.2874,-5.92108,True,2.2381e-14,ok
Ek9.2e-4,0.00092,2.2,3,38.8247,-4.89559,True,2.1952e-14,ok
Ek9.2e-4,0.00092,2.2,4,41.551,-1.77685,True,4.17118e-14,ok
Ek9.2e-4,0.00092,2.2,5,45.2576,2.56337,True,4.74184e-14,ok
Ek9.2e-4,0.00092,2.2,6,49.6369,7.05386,True,4.1431e-14,ok
Ek9.2e-4,0.00092,2.2,7,54.9212,10.9253,True,3.1473e-14,ok
Ek9.2e-4,0.00092,2.2,8,61.5055,13.8715,True,2.93738e-14,ok
Ek9.2e-4,0.00092,2.2,9,69.7768,15.8874,True,8.23173e-14,ok
Ek9.2e-4,0.00092,2.2,10,80.0837,17.1113,True,5.48554e-14,ok
Ek9.2e-4,0.00092,2.2,11,92.7392,17.7264,True,4.57879e-14,ok
Ek9.2e-4,0.00092,2.2,12,108.032,17.9055,True,2.89205e-14,ok
Ek9.2e-4,0.00092,2.2,13,126.242,17.7888,True,1.01004e-13,ok
Ek9.2e-4,0.00092,2.2,14,147.645,17.4807,True,1.48425e-14,ok
Ek9.2e-4,0.00092,2.2,15,172.529,17.0553,True,9.48654e-14,ok
Ek9.2e-4,0.00092,2.4,1,41.2365,-3.75872,True,3.13704e-15,ok
Ek9.2e-4,0.00092,2.4,2,35.2516,-5.444,True,5.75817e-15,ok
Ek9.2e-4,0.00092,2.4,3,35.6838,-4.4977,True,9.54508e-15,ok
Ek9.2e-4,0.00092,2.4,4,38.1133,-1.63149,True,2.51187e-14,ok
Ek9.2e-4,0.00092,2.4,5,41.4629,2.35494,True,1.2314e-14,ok
Ek9.2e-4,0.00092,2.4,6,45.4656,6.49273,True,2.3401e-14,ok
Ek9.2e-4,0.00092,2.4,7,50.3231,10.0831,True,3.38623e-14,ok
Ek9.2e-4,0.00092,2.4,8,56.381,12.8381,True,2.05857e-14,ok
Ek9.2e-4,0.00092,2.4,9,63.9839,14.7422,True,3.01611e-14,ok
Ek9.2e-4,0.00092,2.4,10,73.4472,15.9142,True,1.75736e-15,ok
Ek9.2e-4,0.00092,2.4,11,85.0575,16.518,True,0.0,ok
Ek9.2e-4,0.00092,2.4,12,99.0807,16.7111,True,4.45687e-14,ok
Ek9.2e-4,0.00092,2.4,13,115.774,16.6235,True,4.41023e-14,ok
Ek9.2e-4,0.00092,2.4,14,135.393,16.3525,True,5.93758e-14,ok
Ek9.2e-4,0.00092,2.4,15,158.201,15.9679,True,1.02616e-13,ok
Ek9.2e-4,0.00092,2.6,1,38.1984,-3.47893,True,3.9639e-14,ok
Ek9.2e-4,0.00092,2.6,2,32.6619,-5.03784,True,7.74876e-15,ok
Ek9.2e-4,0.00092,2.6,3,33.0133,-4.15943,True,1.00841e-14,ok
Ek9.2e-4,0.00092,2.6,4,35.201,-1.50808,True,3.7875e-15,ok
Ek9.2e-4,0.00092,2.6,5,38.2552,2.17789,True,3.52824e-14,ok
Ek9.2e-4,0.00092,2.6,6,41.9407,6.01454,True,1.60648e-14,ok
Ek9.2e-4,0.00092,2.6,7,46.4352,9.36181,True,2.79749e-14,ok
Ek9.2e-4,0.00092,2.6,8,52.0449,11.9485,True,1.98127e-14,ok
Ek9.2e-4,0.00092,2.6,9,59.0798,13.7515,True,1.5746e-14,ok
Ek9.2e-4,0.00092,2.6,10,67.8277,14.874,True,1.84216e-14,ok
Ek9.2e-4,0.00092,2.6,11,78.5526,15.464,True,3.81645e-14,ok
Ek9.2e-4,0.00092,2.6,12,91.5011,15.6663,True,2.72485e-14,ok
Ek9.2e-4,0.00092,2.6,13,106.911,15.6015,True,4.39135e-14,ok
Ek9.2e-4,0.00092,2.6,14,125.02,15.3612,True,8.18668e-14,ok
Ek9.2e-4,0.00092,2.6,15,146.072,15.0109,True,3.75245e-14,ok
Ek9.2e-4,0.00092,2.8,1,35.5775,-3.23784,True,2.15324e-14,ok
Ek9.2e-4,0.00092,2.8,2,30.4269,-4.68793,True,2.50089e-14,ok
Ek9.2e-4,0.00092,2.8,3,30.7147,-3.86837,True,7.47614e-15,ok
Ek9.2e-4,0.00092,2.8,4,32.7022,-1.40202,True,3.05524e-15,ok
Ek9.2e-4,0.00092,2.8,5,35.5081,2.02564,True,8.42765e-15,ok
Ek9.2e-4,0.00092,2.8,6,38.9229,5.60212,True,2.78744e-14,ok
Ek9.2e-4,0.00092,2.8,7,43.1048,8.73712,True,5.29697e-15,ok
Ek9.2e-4,0.00092,2.8,8,48.3282,11.1744,True,0.0,ok
Ek9.2e-4,0.00092,2.8,9,54.8744,12.8857,True,2.07387e-14,ok
Ek9.2e-4,0.00092,2.8,10,63.0078,13.9616,True,2.97566e-14,ok
Ek9.2e-4,0.00092,2.8,11,72.9733,14.5365,True,5.27855e-14,ok
Ek9.2e-4,0.00092,2.8,12,85.0001,14.7445,True,3.01704e-14,ok
Ek9.2e-4,0.00092,2.8,13,99.3104,14.698,True,3.29785e-14,ok
Ek9.2e-4,0.00092,2.8,14,116.126,14.4832,True,8.73309e-15,ok
Ek9.2e-4,0.00092,2.8,15,135.673,14.1621,True,5.28848e-14,ok
Ek9.2e-4,0.00092,3.0,1,33.2933,-3.02795,True,3.56268e-15,ok
Ek9.2e-4,0.00092,3.0,2,28.4781,-4.38335,True,3.73302e-15,ok
Ek9.2e-4,0.00092,3.0,3,28.7154,-3.61528,True,1.01576e-14,ok
Ek9.2e-4,0.00092,3.0,4,30.5347,-1.30988,True,2.38113e-14,ok
Ek9.2e-4,0.00092,3.0,5,33.1291,1.8933,True,1.03472e-14,ok
Ek9.2e-4,0.00092,3.0,6,36.3101,5.24275,True,3.73822e-14,ok
Ek9.2e-4,0.00092,3.0,7,40.22,8.19079,True,4.65523e-15,ok
Ek9.2e-4,0.00092,3.0,8,45.107,10.4948,True,2.59845e-14,ok
Ek9.2e-4,0.00092,3.0,9,51.2282,12.1228,True,3.46715e-14,ok
Ek9.2e-4,0.00092,3.0,10,58.8282,13.1548,True,4.80308e-15,ok
Ek9.2e-4,0.00092,3.0,11,68.1348,13.7142,True,2.61012e-15,ok
Ek9.2e-4,0.00092,3.0,12,79.3628,13.9253,True,1.34554e-14,ok
Ek9.2e-4,0.00092,3.0,13,92.72,13.8935,True,3.21458e-14,ok
Ek9.2e-4,0.00092,3.0,14,108.414,13.7001,True,5.73049e-14,ok
Ek9.2e-4,0.00092,3.0,15,126.657,13.4042,True,1.74543e-14,ok
Ek9.2e-4,0.00092,3.2,1,31.2848,-2.84359,True,2.46875e-14,ok
Ek9.2e-4,0.00092,3.2,2,26.7641,-4.11586,True,2.06883e-14,ok
Ek9.2e-4,0.00092,3.2,3,26.9605,-3.39322,True,4.47405e-15,ok
Ek9.2e-4,0.00092,3.2,4,28.6366,-1.2291,True,4.52842e-15,ok
Ek9.2e-4,0.00092,3.2,5,31.0488,1.77721,True,1.85851e-14,ok
Ek9.2e-4,0.00092,3.2,6,34.0259,4.92679,True,6.06347e-15,ok
Ek9.2e-4,0.00092,3.2,7,37.6971,7.7089,True,0.0,ok
Ek9.2e-4,0.00092,3.2,8,42.2884,9.89322,True,0.0,ok
Ek9.2e-4,0.00092,3.2,9,48.0367,11.4452,True,1.45432e-14,ok
Ek9.2e-4,0.00092,3.2,10,55.169,12.4363,True,3.21954e-14,ok
Ek9.2e-4,0.00092,3.2,11,63.8987,12.98,True,4.67625e-15,ok
Ek9.2e-4,0.00092,3.2,12,74.4275,13.1923,True,7.24573e-15,ok
Ek9.2e-4,0.00092,3.2,13,86.9507,13.1725,True,2.1672e-14,ok
Ek9.2e-4,0.00092,3.2,14,101.664,12.9974,True,2.34443e-14,ok
Ek9.2e-4,0.00092,3.2,15,118.765,12.7233,True,4.71782e-14,ok
Ek9.2e-4,0.00092,3.4,1,29.5049,-2.68036,True,2.79168e-15,ok
Ek9.2e-4,0.00092,3.4,2,25.2446,-3.87908,True,1.96293e-14,ok
Ek9.2e-4,0.00092,3.4,3,25.4078,-3.1968,True,9.07679e-15,ok
Ek9.2e-4,0.00092,3.4,4,26.9608,-1.15769,True,1.44334e-14,ok
Ek9.2e-4,0.00092,3.4,5,29.2143,1.67455,True,5.29243e-15,ok
Ek9.2e-4,0.00092,3.4,6,32.012,4.64681,True,1.79797e-15,ok
Ek9.2e-4,0.00092,3.4,7,35.4719,7.28067,True,2.35403e-14,ok
Ek9.2e-4,0.00092,3.4,8,39.8014,9.35702,True,2.67312e-14,ok
Ek9.2e-4,0.00092,3.4,9,45.2196,10.8396,True,1.30447e-14,ok
Ek9.2e-4,0.00092,3.4,10,51.9387,11.7923,True,5.78947e-15,ok
Ek9.2e-4,0.00092,3.4,11,60.159,12.3204,True,2.73852e-14,ok
Ek9.2e-4,0.00092,3.4,12,70.0706,12.5327,True,2.17976e-14,ok
Ek9.2e-4,0.00092,3.4,13,81.858,12.5227,True,5.87594e-14,ok
Ek9.2e-4,0.00092,3.4,14,95.7052,12.3634,True,3.60613e-14,ok
Ek9.2e-4,0.00092,3.4,15,111.8,12.1083,True,4.06926e-15,ok
Ek9.2e-4,0.00092,3.6,1,27.9166,-2.53484,True,1.4624e-14,ok
Ek9.2e-4,0.00092,3.6,2,23.8884,-3.66801,True,2.2406e-15,ok
Ek9.2e-4,0.00092,3.6,3,24.0242,-3.02185,True,1.01381e-14,ok
Ek9.2e-4,0.00092,3.6,4,25.4702,-1.09412,True,1.08983e-14,ok
Ek9.2e-4,0.00092,3.6,5,27.5845,1.58311,True,2.22598e-15,ok
Ek9.2e-4,0.00092,3.6,6,30.2232,4.39699,True,8.58582e-15,ok
Ek9.2e-4,0.00092,3.6,7,33.4948,6.89759,True,2.64104e-15,ok
Ek9.2e-4,0.00092,3.6,8,37.5907,8.87604,True,1.74936e-14,ok
Ek9.2e-4,0.00092,3.6,9,42.7148,10.2948,True,0.0,ok
Ek9.2e-4,0.00092,3.6,10,49.066,11.2118,True,3.48899e-14,ok
Ek9.2e-4,0.00092,3.6,11,56.8333,11.7247,True,2.67088e-14,ok
Ek9.2e-4,0.00092,3.6,12,66.1962,11.9359,True,1.97711e-14,ok
Ek9.2e-4,0.00092,3.6,13,77.3294,11.934,True,3.75528e-14,ok
Ek9.2e-4,0.00092,3.6,14,90.4072,11.7883,True,5.7855e-15,ok
Ek9.2e-4,0.00092,3.6,15,105.607,11.55,True,4.07291e-14,ok
Ek9.2e-4,0.00092,3.8,1,26.4907,-2.40429,True,6.0969e-15,ok
Ek9.2e-4,0.00092,3.8,2,22.6706,-3.4787,True,1.07482e-14,ok
Ek9.2e-4,0.00092,3.8,3,22.7835,-2.86503,True,1.18471e-14,ok
Ek9.2e-4,0.00092,3.8,4,24.1358,-1.03717,True,8.36004e-15,ok
Ek9.2e-4,0.00092,3.8,5,26.1269,1.50114,True,2.05148e-14,ok
Ek9.2e-4,0.00092,3.8,6,28.6236,4.1727,True,1.78808e-14,ok
Ek9.2e-4,0.00092,3.8,7,31.7263,6.55288,True,0.0,ok
Ek9.2e-4,0.00092,3.8,8,35.6127,8.44217,True,3.06613e-14,ok
Ek9.2e-4,0.00092,3.8,9,40.4731,9.80231,True,9.33415e-15,ok
Ek9.2e-4,0.00092,3.8,10,46.4947,10.6858,True,5.07088e-14,ok
Ek9.2e-4,0.00092,3.8,11,53.8563,11.184,True,2.25663e-14,ok
Ek9.2e-4,0.00092,3.8,12,62.7281,11.3934,True,3.42281e-14,ok
Ek9.2e-4,0.00092,3.8,13,73.276,11.3981,True,1.62267e-14,ok
Ek9.2e-4,0.00092,3.8,14,85.6655,11.2643,True,3.34567e-14,ok
Ek9.2e-4,0.00092,3.8,15,100.065,11.0409,True,2.19923e-14,ok
Ek9.2e-4,0.00092,4.0,1,25.2033,-2.28652,True,2.90223e-14,ok
Ek9.2e-4,0.00092,4.0,2,21.5709,-3.30794,True,3.03715e-15,ok
Ek9.2e-4,0.00092,4.0,3,21.6647,-2.72366,True,1.19422e-14,ok
Ek9.2e-4,0.00092,4.0,4,22.9343,-0.985849,True,2.80546e-15,ok
Ek9.2e-4,0.00092,4.0,5,24.8156,1.42725,True,1.08555e-14,ok
Ek9.2e-4,0.00092,4.0,6,27.1848,3.97021,True,0.0,ok
Ek9.2e-4,0.00092,4.0,7,30.1353,6.24103,True,5.40545e-15,ok
Ek9.2e-4,0.00092,4.0,8,33.8324,8.0488,True,1.25866e-14,ok
Ek9.2e-4,0.00092,4.0,9,38.455,9.35481,True,4.85792e-15,ok
Ek9.2e-4,0.00092,4.0,10,44.1796,10.207,True,3.32539e-14,ok
Ek9.2e-4,0.00092,4.0,11,51.1758,10.691,True,3.48964e-14,ok
Ek9.2e-4,0.00092,4.0,12,59.6056,10.8981,True,1.3186e-14,ok
Ek9.2e-4,0.00092,4.0,13,69.6267,10.9084,True,0.0,ok
Ek9.2e-4,0.00092,4.0,14,81.3967,10.785,True,2.90556e-14,ok
Ek9.2e-4,0.00092,4.0,15,95.0758,10.5748,True,3.87974e-14,ok
Ek9.2e-4,0.00092,5.0,1,20.2767,-1.83661,True,2.99595e-15,ok
Ek9.2e-4,0.00092,5.0,2,17.3603,-2.65588,True,8.22276e-15,ok
Ek9.2e-4,0.00092,5.0,3,17.394,-2.18452,True,6.62269e-15,ok
Ek9.2e-4,0.00092,5.0,4,18.3635,-0.790299,True,2.49629e-15,ok
Ek9.2e-4,0.00092,5.0,5,19.8374,1.14539,True,5.82607e-15,ok
Ek9.2e-4,0.00092,5.0,6,21.7245,3.19517,True,1.13344e-15,ok
Ek9.2e-4,0.00092,5.0,7,24.0936,5.04177,True,1.69328e-14,ok
Ek9.2e-4,0.00092,5.0,8,27.0672,6.52832,True,0.0,ok
Ek9.2e-4,0.00092,5.0,9,30.7815,7.61669,True,1.93226e-14,ok
Ek9.2e-4,0.00092,5.0,10,35.3743,8.33909,True,2.02664e-14,ok
Ek9.2e-4,0.00092,5.0,11,40.9802,8.76044,True,1.49108e-14,ok
Ek9.2e-4,0.00092,5.0,12,47.729,8.95243,True,2.2245e-14,ok
Ek9.2e-4,0.00092,5.0,13,55.7479,8.97936,True,1.56653e-14,ok
Ek9.2e-4,0.00092,5.0,14,65.1639,8.89286,True,1.86575e-14,ok
Ek9.2e-4,0.00092,5.0,15,76.1059,8.73174,True,3.17426e-15,ok
Ek9.2e-4,0.00092,6.0,1,16.9613,-1.53459,True,1.46413e-14,ok
Ek9.2e-4,0.00092,6.0,2,14.5251,-2.21843,True,1.03814e-14,ok
Ek9.2e-4,0.00092,6.0,3,14.5298,-1.82345,True,7.0138e-15,ok
Ek9.2e-4,0.00092,6.0,4,15.3119,-0.659471,True,4.82838e-15,ok
Ek9.2e-4,0.00092,6.0,5,16.5227,0.956521,True,2.03156e-15,ok
Ek9.2e-4,0.00092,6.0,6,18.0907,2.67346,True,7.9352e-15,ok
Ek9.2e-4,0.00092,6.0,7,20.0697,4.22939,True,6.45429e-15,ok
Ek9.2e-4,0.00092,6.0,8,22.5568,5.49136,True,1.67394e-15,ok
Ek9.2e-4,0.00092,6.0,9,25.6615,6.42357,True,1.37431e-14,ok
Ek9.2e-4,0.00092,6.0,10,29.4966,7.04936,True,1.5172e-14,ok
Ek9.2e-4,0.00092,6.0,11,34.1735,7.42065,True,1.52839e-15,ok
Ek9.2e-4,0.00092,6.0,12,39.8006,7.59636,True,2.40244e-15,ok
Ek9.2e-4,0.00092,6.0,13,46.4844,7.63016,True,1.37353e-14,ok
Ek9.2e-4,0.00092,6.0,14,54.3312,7.56564,True,2.22418e-14,ok
Ek9.2e-4,0.00092,6.0,15,63.4488,7.43582,True,0.0,ok
Ek9.2e-4,0.00092,7.0,1,14.5778,-1.31784,True,2.89221e-15,ok
Ek9.2e-4,0.00092,7.0,2,12.4859,-1.90464,True,1.71169e-14,ok
Ek9.2e-4,0.00092,7.0,3,12.4755,-1.56477,True,7.8833e-15,ok
Ek9.2e-4,0.00092,7.0,4,13.13,-0.5658,True,1.63491e-15,ok
Ek9.2e-4,0.00092,7.0,5,14.1572,0.821134,True,1.36242e-14,ok
Ek9.2e-4,0.00092,7.0,6,15.4982,2.29827,True,5.86425e-16,ok
Ek9.2e-4,0.00092,7.0,7,17.1975,3.64259,True,6.62893e-15,ok
Ek9.2e-4,0.00092,7.0,8,19.3349,4.7388,True,8.10272e-15,ok
Ek9.2e-4,0.00092,7.0,9,22.0021,5.55375,True,7.70488e-15,ok
Ek9.2e-4,0.00092,7.0,10,25.2942,6.10524,True,2.27603e-14,ok
Ek9.2e-4,0.00092,7.0,11,29.3065,6.43639,True,2.29967e-14,ok
Ek9.2e-4,0.00092,7.0,12,34.1318,6.59714,True,1.32878e-14,ok
Ek9.2e-4,0.00092,7.0,13,39.8617,6.6335,True,1.4656e-14,ok
Ek9.2e-4,0.00092,7.0,14,46.5876,6.58315,True,3.12746e-14,ok
Ek9.2e-4,0.00092,7.0,15,54.4024,6.47488,True,2.09453e-14,ok
Ek9.2e-4,0.00092,8.0,1,12.7816,-1.15474,True,7.8461e-15,ok
Ek9.2e-4,0.00092,8.0,2,10.9488,-1.6686,True,4.63666e-15,ok
Ek9.2e-4,0.00092,8.0,3,10.9302,-1.37034,True,1.66785e-15,ok
Ek9.2e-4,0.00092,8.0,4,11.4924,-0.495427,True,4.46903e-15,ok
Ek9.2e-4,0.00092,8.0,5,12.3841,0.719326,True,6.77865e-15,ok
Ek9.2e-4,0.00092,8.0,6,13.5556,2.01546,True,3.60785e-15,ok
Ek9.2e-4,0.00092,8.0,7,15.0444,3.19884,True,7.38429e-15,ok
Ek9.2e-4,0.00092,8.0,8,16.9185,4.16772,True,1.01244e-14,ok
Ek9.2e-4,0.00092,8.0,9,19.2562,4.89148,True,6.64096e-15,ok
Ek9.2e-4,0.00092,8.0,10,22.1402,5.38421,True,7.24163e-15,ok
Ek9.2e-4,0.00092,8.0,11,25.6533,5.6827,True,0.0,ok
Ek9.2e-4,0.00092,8.0,12,29.8769,5.83026,True,8.49119e-15,ok
Ek9.2e-4,0.00092,8.0,13,34.8912,5.86714,True,7.64352e-15,ok
Ek9.2e-4,0.00092,8.0,14,40.7765,5.82653,True,3.20368e-14,ok
Ek9.2e-4,0.00092,8.0,15,47.6141,5.73389,True,1.82507e-14,ok
Ek9.2e-4,0.00092,9.0,1,11.3796,-1.02755,True,0.0,ok
Ek9.2e-4,0.00092,9.0,2,9.74871,-1.48459,True,8.80903e-15,ok
Ek9.2e-4,0.00092,9.0,3,9.72545,-1.21888,True,1.03913e-14,ok
Ek9.2e-4,0.00092,9.0,4,10.218,-0.440621,True,6.0353e-15,ok
Ek9.2e-4,0.00092,9.0,5,11.0057,0.639981,True,6.36608e-15,ok
Ek9.2e-4,0.00092,9.0,6,12.0458,1.79464,True,6.43631e-15,ok
Ek9.2e-4,0.00092,9.0,7,13.3705,2.8515,True,0.0,ok
Ek9.2e-4,0.00092,9.0,8,15.0389,3.71952,True,7.67989e-15,ok
Ek9.2e-4,0.00092,9.0,9,17.1197,4.37036,True,7.42187e-15,ok
Ek9.2e-4,0.00092,9.0,10,19.6856,4.81553,True,7.07995e-15,ok
Ek9.2e-4,0.00092,9.0,11,22.8101,5.08705,True,7.1826e-15,ok
Ek9.2e-4,0.00092,9.0,12,26.5654,5.22312,True,1.74156e-14,ok
Ek9.2e-4,0.00092,9.0,13,31.0231,5.25953,True,1.99626e-14,ok
Ek9.2e-4,0.00092,9.0,14,36.2546,5.22591,True,1.44022e-14,ok
Ek9.2e-4,0.00092,9.0,15,42.3323,5.14509,True,1.54296e-14,ok
Ek9.2e-4,0.00092,10.0,1,10.2547,-0.925603,True,1.80723e-15,ok
Ek9.2e-4,0.00092,10.0,2,8.78569,-1.33713,True,2.38199e-15,ok
Ek9.2e-4,0.00092,10.0,3,8.75995,-1.09756,True,2.94229e-15,ok
Ek9.2e-4,0.00092,10.0,4,9.19797,-0.396732,True,1.88725e-15,ok
Ek9.2e-4,0.00092,10.0,5,9.90346,0.576402,True,1.3279e-14,ok
Ek9.2e-4,0.00092,10.0,6,10.8385,1.61744,True,7.84205e-15,ok
Ek9.2e-4,0.00092,10.0,7,12.0317,2.57222,True,9.18196e-15,ok
Ek9.2e-4,0.00092,10.0,8,13.5352,3.35839,True,3.75658e-15,ok
Ek9.2e-4,0.00092,10.0,9,15.41,3.94962,True,7.7935e-15,ok
Ek9.2e-4,0.00092,10.0,10,17.7211,4.35552,True,9.47768e-15,ok
Ek9.2e-4,0.00092,10.0,11,20.5343,4.60443,True,1.11804e-14,ok
Ek9.2e-4,0.00092,10.0,12,23.9149,4.73052,True,4.34777e-15,ok
Ek9.2e-4,0.00092,10.0,13,27.9272,4.76597,True,2.52181e-15,ok
Ek9.2e-4,0.00092,10.0,14,32.6356,4.73755,True,2.8656e-14,ok
Ek9.2e-4,0.00092,10.0,15,38.1054,4.66595,True,8.45978e-15,ok
Ek9.2e-4,0.00092,20.0,1,5.15699,-0.464601,True,5.27222e-16,ok
Ek9.2e-4,0.00092,20.0,2,4.41969,-0.670775,True,1.4986e-15,ok
Ek9.2e-4,0.00092,20.0,3,4.3959,-0.550023,True,2.08239e-15,ok
Ek9.2e-4,0.00092,20.0,4,4.60306,-0.198753,True,3.12259e-15,ok
Ek9.2e-4,0.00092,20.0,5,4.94788,0.289159,True,3.19331e-15,ok
Ek9.2e-4,0.00092,20.0,6,5.4132,0.813905,True,0.0,ok
Ek9.2e-4,0.00092,20.0,7,6.01199,1.29958,True,3.37513e-15,ok
Ek9.2e-4,0.00092,20.0,8,6.76812,1.70409,True,3.86882e-15,ok
Ek9.2e-4,0.00092,20.0,9,7.71028,2.01244,True,2.24815e-15,ok
Ek9.2e-4,0.00092,20.0,10,8.86994,2.2277,True,6.61157e-15,ok
Ek9.2e-4,0.00092,20.0,11,10.2796,2.36289,True,4.33906e-15,ok
Ek9.2e-4,0.00092,20.0,12,11.9718,2.43456,True,9.8706e-16,ok
Ek9.2e-4,0.00092,20.0,13,13.9789,2.45874,True,7.04733e-15,ok
Ek9.2e-4,0.00092,20.0,14,16.3333,2.44901,True,0.0,ok
Ek9.2e-4,0.00092,20.0,15,19.068,2.41605,True,4.86054e-15,ok
Ek9.2e-4,0.00092,40.0,1,2.58598,-0.232747,True,8.17932e-16,ok
Ek9.2e-4,0.00092,40.0,2,2.21662,-0.335928,True,1.50344e-16,ok
Ek9.2e-4,0.00092,40.0,3,2.20195,-0.275312,True,1.68303e-15,ok
Ek9.2e-4,0.00092,40.0,4,2.30256,-0.0994717,True,8.08513e-16,ok
Ek9.2e-4,0.00092,40.0,5,2.47297,0.144823,True,1.80694e-15,ok
Ek9.2e-4,0.00092,40.0,6,2.70507,0.408278,True,8.88308e-16,ok
Ek9.2e-4,0.00092,40.0,7,3.00502,0.653246,True,2.17932e-15,ok
Ek9.2e-4,0.00092,40.0,8,3.3842,0.858453,True,4.90902e-16,ok
Ek9.2e-4,0.00092,40.0,9,3.85653,1.01594,True,1.83344e-15,ok
Ek9.2e-4,0.00092,40.0,10,4.43745,1.12681,True,1.69157e-15,ok
Ek9.2e-4,0.00092,40.0,11,5.14309,1.19725,True,4.77423e-15,ok
Ek9.2e-4,0.00092,40.0,12,5.98971,1.2354,True,2.88056e-15,ok
Ek9.2e-4,0.00092,40.0,13,6.99354,1.24924,True,3.11872e-15,ok
Ek9.2e-4,0.00092,40.0,14,8.17085,1.24561,True,8.95737e-15,ok
Ek9.2e-4,0.00092,40.0,15,9.53814,1.22993,True,4.03073e-15,ok
Ek9.2e-4,0.00092,60.0,1,1.72566,-0.155264,True,2.63357e-15,ok
Ek9.2e-4,0.00092,60.0,2,1.47925,-0.224071,True,4.45936e-16,ok
Ek9.2e-4,0.00092,60.0,3,1.46886,-0.183608,True,6.28782e-16,ok
Ek9.2e-4,0.00092,60.0,4,1.53526,-0.0663355,True,1.02399e-15,ok
Ek9.2e-4,0.00092,60.0,5,1.64843,0.0966028,True,2.3208e-16,ok
Ek9.2e-4,0.00092,60.0,6,1.80304,0.272483,True,7.91334e-16,ok
Ek9.2e-4,0.00092,60.0,7,2.00312,0.436274,True,3.38102e-16,ok
Ek9.2e-4,0.00092,60.0,8,2.25617,0.573745,True,0.0,ok
Ek9.2e-4,0.00092,60.0,9,2.57134,0.679487,True,2.35793e-15,ok
Ek9.2e-4,0.00092,60.0,10,2.95887,0.754133,True,2.02049e-15,ok
Ek9.2e-4,0.00092,60.0,11,3.42948,0.801748,True,5.7092e-16,ok
Ek9.2e-4,0.00092,60.0,12,3.99402,0.827711,True,2.73823e-15,ok
Ek9.2e-4,0.00092,60.0,13,4.6633,0.837341,True,5.76032e-15,ok
Ek9.2e-4,0.00092,60.0,14,5.44819,0.83521,True,2.01361e-15,ok
Ek9.2e-4,0.00092,60.0,15,6.35971,0.824942,True,2.41773e-15,ok
Ek9.2e-4,0.00092,80.0,1,1.29487,-0.116485,True,5.42313e-16,ok
Ek9.2e-4,0.00092,80.0,2,1.11001,-0.168098,True,0.0,ok
Ek9.2e-4,0.00092,80.0,3,1.10198,-0.13773,True,9.26662e-16,ok
Ek9.2e-4,0.00092,80.0,4,1.15153,-0.0497595,True,4.39828e-16,ok
Ek9.2e-4,0.00092,80.0,5,1.23625,0.0724726,True,2.14588e-16,ok
Ek9.2e-4,0.00092,80.0,6,1.35215,0.204474,True,2.59941e-16,ok
Ek9.2e-4,0.00092,80.0,7,1.50226,0.327498,True,4.76307e-17,ok
Ek9.2e-4,0.00092,80.0,8,1.69214,0.430852,True,9.89254e-16,ok
Ek9.2e-4,0.00092,80.0,9,1.92862,0.510442,True,9.83518e-16,ok
Ek9.2e-4,0.00092,80.0,10,2.21937,0.566705,True,2.56718e-15,ok
Ek9.2e-4,0.00092,80.0,11,2.5724,0.602662,True,0.0,ok
Ek9.2e-4,0.00092,80.0,12,2.99585,0.622336,True,1.03198e-15,ok
Ek9.2e-4,0.00092,80.0,13,3.49783,0.629712,True,4.40245e-16,ok
Ek9.2e-4,0.00092,80.0,14,4.08651,0.628223,True,1.66503e-15,ok
Ek9.2e-4,0.00092,80.0,15,4.77015,0.620594,True,6.84141e-16,ok
Ek9.2e-4,0.00092,100.0,1,1.0362,-0.0932055,True,1.54317e-16,ok
Ek9.2e-4,0.00092,100.0,2,0.888279,-0.1345,True,7.87296e-16,ok
Ek9.2e-4,0.00092,100.0,3,0.881743,-0.110196,True,6.47117e-16,ok
Ek9.2e-4,0.00092,100.0,4,0.921268,-0.0398114,True,1.91449e-16,ok
Ek9.2e-4,0.00092,100.0,5,0.988957,0.0579879,True,1.07517e-15,ok
Ek9.2e-4,0.00092,100.0,6,1.08166,0.163633,True,7.13452e-16,ok
Ek9.2e-4,0.00092,100.0,7,1.20177,0.262139,True,8.54458e-16,ok
Ek9.2e-4,0.00092,100.0,8,1.35372,0.344943,True,3.17042e-16,ok
Ek9.2e-4,0.00092,100.0,9,1.54296,0.408752,True,0.0,ok
Ek9.2e-4,0.00092,100.0,10,1.7756,0.453896,True,7.31936e-16,ok
Ek9.2e-4,0.00092,100.0,11,2.05806,0.482781,True,3.10522e-16,ok
Ek9.2e-4,0.00092,100.0,12,2.39684,0.498618,True,1.26971e-15,ok
Ek9.2e-4,0.00092,100.0,13,2.79844,0.504593,True,1.80914e-15,ok
Ek9.2e-4,0.00092,100.0,14,3.26939,0.503454,True,7.3165e-16,ok
Ek9.2e-4,0.00092,100.0,15,3.81629,0.497386,True,1.64797e-15,ok
Ek1.3e-3,0.0013,0.01,1,3614.215586912716,565.245,True,0.000166444,ok
Ek1.3e-3,0.0013,0.01,2,4972.041886807609,425.576971013524,True,4.11647e-05,ok
Ek1.3e-3,0.0013,0.01,3,6214.889747504455,329.71400414351666,True,5.84599e-06,ok
Ek1.3e-3,0.0013,0.01,4,7832.571005591579,258.27398068678366,True,2.26491e-05,ok
Ek1.3e-3,0.0013,0.01,5,9810.561358724486,191.51996603188783,True,3.52235e-05,ok
Ek1.3e-3,0.0013,0.01,6,11553.800001019164,135.3269999796167,True,3.99378e-08,ok
Ek1.3e-3,0.0013,0.01,7,13155.4,104.806,True,6.38527e-11,ok
Ek1.3e-3,0.0013,0.01,8,15189.6,88.3894,True,1.08423e-13,ok
Ek1.3e-3,0.0013,0.01,9,17839.5,77.7347,True,1.88683e-13,ok
Ek1.3e-3,0.0013,0.01,10,21179.4,69.9168,True,2.45918e-13,ok
Ek1.3e-3,0.0013,0.01,11,25274.2,63.7637,True,1.41061e-14,ok
Ek1.3e-3,0.0013,0.01,12,30193.6,58.7128,True,1.55478e-13,ok
Ek1.3e-3,0.0013,0.01,13,36013.9,54.4526,True,2.05744e-13,ok
Ek1.3e-3,0.0013,0.01,14,42817.3,50.7918,True,2.05862e-13,ok
Ek1.3e-3,0.0013,0.01,15,50691.6,47.6028,True,4.00955e-13,ok
Ek1.3e-3,0.0013,0.03,1,2103.310004011171,-242.86999987237184,True,1.84356e-07,ok
Ek1.3e-3,0.0013,0.03,2,2208.0,-33.8724,True,3.1845e-14,ok
Ek1.3e-3,0.0013,0.03,3,2308.470094630272,298.9319946480503,True,5.71848e-06,ok
Ek1.3e-3,0.0013,0.03,4,2786.2700219128005,235.57999863751357,True,1.31157e-06,ok
Ek1.3e-3,0.0013,0.03,5,3396.399938584342,171.5160050069793,True,4.85958e-06,ok
Ek1.3e-3,0.0013,0.03,6,3892.06,122.647,True,7.07111e-09,ok
Ek1.3e-3,0.0013,0.03,7,4394.95,98.0526,True,2.57511e-11,ok
Ek1.3e-3,0.0013,0.03,8,5066.35,84.172,True,5.89939e-13,ok
Ek1.3e-3,0.0013,0.03,9,5947.83,74.7286,True,6.78112e-14,ok
Ek1.3e-3,0.0013,0.03,10,7060.5,67.5843,True,2.37707e-14,ok
Ek1.3e-3,0.0013,0.03,11,8425.16,61.8508,True,1.19452e-13,ok
Ek1.3e-3,0.0013,0.03,12,10064.8,57.0836,True,2.48717e-13,ok
Ek1.3e-3,0.0013,0.03,13,12004.9,53.0277,True,2.92676e-13,ok
Ek1.3e-3,0.0013,0.03,14,14272.6,49.521,True,1.27623e-13,ok
Ek1.3e-3,0.0013,0.03,15,16897.4,46.4527,True,1.34758e-13,ok
Ek1.3e-3,0.0013,0.05,1,1436.370513715425,-221.33797197915865,True,3.4892e-05,ok
Ek1.3e-3,0.0013,0.05,2,1350.49,-31.3141,True,7.8247e-14,ok
Ek1.3e-3,0.0013,0.05,3,1565.9800043395144,266.8989995584041,True,3.98232e-07,ok
Ek1.3e-3,0.0013,0.05,4,1799.1600001624947,211.48499998025883,True,1.58707e-08,ok
Ek1.3e-3,0.0013,0.05,5,2112.130002750057,151.1269995873642,True,4.56931e-07,ok
Ek1.3e-3,0.0013,0.05,6,2354.4,111.439,True,1.56027e-09,ok
Ek1.3e-3,0.0013,0.05,7,2642.05,92.0511,True,8.18735e-12,ok
Ek1.3e-3,0.0013,0.05,8,3041.74,80.33,True,6.71641e-14,ok
Ek1.3e-3,0.0013,0.05,9,3569.67,71.9447,True,1.7958e-14,ok
Ek1.3e-3,0.0013,0.05,10,4236.89,65.402,True,1.33563e-13,ok
Ek1.3e-3,0.0013,0.05,11,5055.51,60.0492,True,3.12762e-13,ok
Ek1.3e-3,0.0013,0.05,12,6039.22,55.5424,True,2.14062e-14,ok
Ek1.3e-3,0.0013,0.05,13,7203.17,51.6755,True,1.01911e-13,ok
Ek1.3e-3,0.0013,0.05,14,8563.78,48.3123,True,2.18645e-13,ok
Ek1.3e-3,0.0013,0.05,15,10138.6,45.3568,True,0.0,ok
Ek1.3e-3,0.0013,0.07,1,1125.82,-23.0417,True,8.10477e-14,ok
Ek1.3e-3,0.0013,0.07,2,981.97,-29.0318,True,1.16968e-14,ok
Ek1.3e-3,0.0013,0.07,3,1228.21,-7.51285,True,5.48312e-14,ok
Ek1.3e-3,0.0013,0.07,4,1386.9899999098718,185.3340000169485,True,1.17253e-08,ok
Ek1.3e-3,0.0013,0.07,5,1553.8200005419883,131.1469998776655,True,1.42622e-07,ok
Ek1.3e-3,0.0013,0.07,6,1691.88,101.703,True,1.71697e-10,ok
Ek1.3e-3,0.0013,0.07,7,1890.29,86.7048,True,9.78088e-13,ok
Ek1.3e-3,0.0013,0.07,8,2174.06,76.8184,True,4.55227e-11,ok
Ek1.3e-3,0.0013,0.07,9,2550.56,69.3599,True,5.00724e-14,ok
Ek1.3e-3,0.0013,0.07,10,3026.88,63.3562,True,1.11411e-13,ok
Ek1.3e-3,0.0013,0.07,11,3611.47,58.3496,True,4.72493e-14,ok
Ek1.3e-3,0.0013,0.07,12,4314.03,54.0823,True,1.01478e-14,ok
Ek1.3e-3,0.0013,0.07,13,5145.37,50.3905,True,3.52385e-13,ok
Ek1.3e-3,0.0013,0.07,14,6117.19,47.1611,True,1.31183e-13,ok
Ek1.3e-3,0.0013,0.07,15,7242.02,44.3115,True,6.13107e-14,ok
Ek1.3e-3,0.0013,0.1,1,810.767,-20.4893,True,2.91303e-14,ok
Ek1.3e-3,0.0013,0.1,2,704.113,-26.0579,True,3.29814e-14,ok
Ek1.3e-3,0.0013,0.1,3,865.838,-6.32343,True,8.76765e-14,ok
Ek1.3e-3,0.0013,0.1,4,1079.9799972531594,139.2900011003521,True,6.48505e-07,ok
Ek1.3e-3,0.0013,0.1,5,1117.51,104.668,True,2.51924e-10,ok
Ek1.3e-3,0.0013,0.1,6,1191.35,89.5793,True,3.91019e-11,ok
Ek1.3e-3,0.0013,0.1,7,1325.91,79.7249,True,1.85237e-12,ok
Ek1.3e-3,0.0013,0.1,8,1523.29,72.0873,True,1.62263e-13,ok
Ek1.3e-3,0.0013,0.1,9,1786.31,65.8127,True,2.10382e-13,ok
Ek1.3e-3,0.0013,0.1,10,2119.48,60.5167,True,6.35302e-14,ok
Ek1.3e-3,0.0013,0.1,11,2528.53,55.9733,True,1.19568e-13,ok
Ek1.3e-3,0.0013,0.1,12,3020.23,52.0306,True,2.16026e-13,ok
Ek1.3e-3,0.0013,0.1,13,3602.09,48.5786,True,3.19312e-13,ok
Ek1.3e-3,0.0013,0.1,14,4282.31,45.5337,True,1.43866e-14,ok
Ek1.3e-3,0.0013,0.1,15,5069.65,42.8309,True,1.52752e-13,ok
Ek1.3e-3,0.0013,0.2,1,434.241,-14.6888,True,7.48576e-14,ok
Ek1.3e-3,0.0013,0.2,2,373.847,-19.0199,True,1.40571e-13,ok
Ek1.3e-3,0.0013,0.2,3,438.763,-4.06924,True,3.26313e-14,ok
Ek1.3e-3,0.0013,0.2,4,528.931,32.5232,True,0.0,ok
Ek1.3e-3,0.0013,0.2,5,561.999,58.3246,True,6.25517e-13,ok
Ek1.3e-3,0.0013,0.2,6,599.406,63.8186,True,1.41304e-13,ok
Ek1.3e-3,0.0013,0.2,7,665.887,62.8452,True,2.12391e-13,ok
Ek1.3e-3,0.0013,0.2,8,763.865,59.8153,True,1.36545e-13,ok
Ek1.3e-3,0.0013,0.2,9,894.871,56.2323,True,1.86501e-13,ok
Ek1.3e-3,0.0013,0.2,10,1061.09,52.6536,True,1.73136e-13,ok
Ek1.3e-3,0.0013,0.2,11,1265.37,49.2845,True,5.05629e-14,ok
Ek1.3e-3,0.0013,0.2,12,1511.02,46.1905,True,2.96091e-14,ok
Ek1.3e-3,0.0013,0.2,13,1801.81,43.3796,True,1.56691e-13,ok
Ek1.3e-3,0.0013,0.2,14,2141.8,40.8368,True,1.15716e-13,ok
Ek1.3e-3,0.0013,0.2,15,2535.38,38.5385,True,2.98867e-13,ok
Ek1.3e-3,0.0013,0.3,1,302.007,-11.2986,True,1.27557e-13,ok
Ek1.3e-3,0.0013,0.3,2,258.932,-14.7347,True,1.05455e-13,ok
Ek1.3e-3,0.0013,0.3,3,294.421,-2.97473,True,3.63502e-14,ok
Ek1.3e-3,0.0013,0.3,4,341.624,20.9368,True,1.00374e-13,ok
Ek1.3e-3,0.0013,0.3,5,370.102,41.123,True,9.38752e-14,ok
Ek1.3e-3,0.0013,0.3,6,399.534,49.7731,True,7.73556e-14,ok
Ek1.3e-3,0.0013,0.3,7,445.026,51.9358,True,1.31015e-13,ok
Ek1.3e-3,0.0013,0.3,8,510.501,51.1409,True,3.62959e-13,ok
Ek1.3e-3,0.0013,0.3,9,597.731,49.098,True,1.25452e-13,ok
Ek1.3e-3,0.0013,0.3,10,708.39,46.6039,True,2.18526e-13,ok
Ek1.3e-3,0.0013,0.3,11,844.423,44.0261,True,2.75717e-13,ok
Ek1.3e-3,0.0013,0.3,12,1008.07,41.5303,True,2.27391e-13,ok
Ek1.3e-3,0.0013,0.3,13,1201.82,39.1865,True,5.32761e-15,ok
Ek1.3e-3,0.0013,0.3,14,1428.4,37.0186,True,2.1395e-13,ok
Ek1.3e-3,0.0013,0.3,15,1690.72,35.0283,True,9.36529e-14,ok
Ek1.3e-3,0.0013,0.4,1,232.865,-9.12949,True,4.04838e-14,ok
Ek1.3e-3,0.0013,0.4,2,199.191,-11.9381,True,5.34016e-14,ok
Ek1.3e-3,0.0013,0.4,3,221.654,-2.33811,True,1.27456e-14,ok
Ek1.3e-3,0.0013,0.4,4,252.317,15.8217,True,7.64276e-14,ok
Ek1.3e-3,0.0013,0.4,5,275.043,32.1531,True,5.73887e-14,ok
Ek1.3e-3,0.0013,0.4,6,299.278,40.9539,True,9.31047e-14,ok
Ek1.3e-3,0.0013,0.4,7,334.307,44.3143,True,8.85708e-14,ok
Ek1.3e-3,0.0013,0.4,8,383.669,44.6877,True,9.69985e-14,ok
Ek1.3e-3,0.0013,0.4,9,449.098,43.5802,True,3.95357e-14,ok
Ek1.3e-3,0.0013,0.4,10,532.022,41.8056,True,2.97116e-13,ok
Ek1.3e-3,0.0013,0.4,11,633.959,39.7837,True,2.74562e-14,ok
Ek1.3e-3,0.0013,0.4,12,756.609,37.7253,True,3.95016e-14,ok
Ek1.3e-3,0.0013,0.4,13,901.851,35.7331,True,7.53095e-14,ok
Ek1.3e-3,0.0013,0.4,14,1071.72,33.8536,True,1.51096e-13,ok
Ek1.3e-3,0.0013,0.4,15,1268.41,32.1043,True,4.2911e-14,ok
Ek1.3e-3,0.0013,0.5,1,189.912,-7.63923,True,1.44158e-13,ok
Ek1.3e-3,0.0013,0.5,2,162.208,-9.99813,True,6.10394e-14,ok
Ek1.3e-3,0.0013,0.5,3,177.761,-1.92394,True,1.10958e-14,ok
Ek1.3e-3,0.0013,0.5,4,199.974,12.8065,True,1.82083e-14,ok
Ek1.3e-3,0.0013,0.5,5,218.595,26.5419,True,9.77651e-15,ok
Ek1.3e-3,0.0013,0.5,6,239.114,34.8722,True,5.90672e-14,ok
Ek1.3e-3,0.0013,0.5,7,267.755,38.6812,True,5.19112e-14,ok
Ek1.3e-3,0.0013,0.5,8,307.471,39.6973,True,6.5609e-14,ok
Ek1.3e-3,0.0013,0.5,9,359.857,39.1847,True,1.27851e-13,ok
Ek1.3e-3,0.0013,0.5,10,426.165,37.9066,True,2.49264e-14,ok
Ek1.3e-3,0.0013,0.5,11,507.661,36.2887,True,1.55339e-13,ok
Ek1.3e-3,0.0013,0.5,12,605.724,34.5598,True,2.40343e-13,ok
Ek1.3e-3,0.0013,0.5,13,721.864,32.8395,True,4.11571e-14,ok
Ek1.3e-3,0.0013,0.5,14,857.714,31.1874,True,2.69966e-13,ok
Ek1.3e-3,0.0013,0.5,15,1015.02,29.631,True,9.74771e-14,ok
Ek1.3e-3,0.0013,0.6,1,160.501,-6.55835,True,2.38764e-15,ok
Ek1.3e-3,0.0013,0.6,2,136.944,-8.58426,True,2.24983e-14,ok
Ek1.3e-3,0.0013,0.6,3,148.39,-1.63362,True,1.68884e-14,ok
Ek1.3e-3,0.0013,0.6,4,165.587,10.7887,True,1.29226e-14,ok
Ek1.3e-3,0.0013,0.6,5,181.279,22.661,True,6.41385e-14,ok
Ek1.3e-3,0.0013,0.6,6,199.035,30.4069,True,1.92467e-14,ok
Ek1.3e-3,0.0013,0.6,7,223.328,34.3419,True,2.86422e-14,ok
Ek1.3e-3,0.0013,0.6,8,256.608,35.7206,True,1.77075e-14,ok
Ek1.3e-3,0.0013,0.6,9,300.312,35.6,True,3.07792e-14,ok
Ek1.3e-3,0.0013,0.6,10,355.557,34.6753,True,4.17159e-15,ok
Ek1.3e-3,0.0013,0.6,11,423.436,33.3594,True,1.08107e-13,ok
Ek1.3e-3,0.0013,0.6,12,505.115,31.8851,True,9.52356e-14,ok
Ek1.3e-3,0.0013,0.6,13,601.859,30.3797,True,1.79315e-13,ok
Ek1.3e-3,0.0013,0.6,14,715.033,28.9107,True,1.33394e-13,ok
Ek1.3e-3,0.0013,0.6,15,846.09,27.5116,True,6.82756e-14,ok
Ek1.3e-3,0.0013,0.7,1,139.049,-5.74102,True,6.40363e-14,ok
Ek1.3e-3,0.0013,0.7,2,118.547,-7.51259,True,7.8325e-15,ok
Ek1.3e-3,0.0013,0.7,3,127.354,-1.41906,True,8.71922e-15,ok
Ek1.3e-3,0.0013,0.7,4,141.275,9.33414,True,1.20912e-15,ok
Ek1.3e-3,0.0013,0.7,5,154.803,19.8008,True,4.35286e-14,ok
Ek1.3e-3,0.0013,0.7,6,170.438,26.9798,True,1.06069e-13,ok
Ek1.3e-3,0.0013,0.7,7,191.561,30.8923,True,2.64881e-14,ok
Ek1.3e-3,0.0013,0.7,8,220.232,32.4756,True,5.12273e-14,ok
Ek1.3e-3,0.0013,0.7,9,257.74,32.6198,True,4.06084e-14,ok
Ek1.3e-3,0.0013,0.7,10,305.091,31.9535,True,4.60513e-14,ok
Ek1.3e-3,0.0013,0.7,11,363.251,30.8687,True,3.63654e-14,ok
Ek1.3e-3,0.0013,0.7,12,433.233,29.5951,True,3.64654e-14,ok
Ek1.3e-3,0.0013,0.7,13,516.127,28.263,True,9.42274e-14,ok
Ek1.3e-3,0.0013,0.7,14,613.105,26.9439,True,1.25937e-13,ok
Ek1.3e-3,0.0013,0.7,15,725.416,25.6752,True,2.47009e-13,ok
Ek1.3e-3,0.0013,0.8,1,122.69,-5.10246,True,5.78096e-15,ok
Ek1.3e-3,0.0013,0.8,2,104.535,-6.6744,True,2.84383e-14,ok
Ek1.3e-3,0.0013,0.8,3,111.544,-1.25413,True,1.67636e-14,ok
Ek1.3e-3,0.0013,0.8,4,123.179,8.23209,True,5.64276e-14,ok
Ek1.3e-3,0.0013,0.8,5,135.054,17.5981,True,6.66166e-14,ok
Ek1.3e-3,0.0013,0.8,6,149.012,24.2616,True,4.08439e-14,ok
Ek1.3e-3,0.0013,0.8,7,167.716,28.0818,True,7.66068e-14,ok
Ek1.3e-3,0.0013,0.8,8,192.919,29.7761,True,1.53803e-13,ok
Ek1.3e-3,0.0013,0.8,9,225.78,30.1027,True,6.28784e-15,ok
Ek1.3e-3,0.0013,0.8,10,267.216,29.6293,True,2.43665e-14,ok
Ek1.3e-3,0.0013,0.8,11,318.092,28.7247,True,5.15281e-14,ok
Ek1.3e-3,0.0013,0.8,12,379.304,27.6124,True,1.58716e-13,ok
Ek1.3e-3,0.0013,0.8,13,451.814,26.4223,True,0.0,ok
Ek1.3e-3,0.0013,0.8,14,536.649,25.2278,True,1.01573e-13,ok
Ek1.3e-3,0.0013,0.8,15,634.9,24.0687,True,1.12553e-13,ok
Ek1.3e-3,0.0013,1.0,1,99.3616,-4.17089,True,1.40025e-14,ok
Ek1.3e-3,0.0013,1.0,2,84.581,-5.45104,True,3.87621e-14,ok
Ek1.3e-3,0.0013,1.0,3,89.3613,-1.01735,True,7.81383e-15,ok
Ek1.3e-3,0.0013,1.0,4,98.0461,6.66786,True,4.93609e-14,ok
Ek1.3e-3,0.0013,1.0,5,107.573,14.4167,True,3.46127e-14,ok
Ek1.3e-3,0.0013,1.0,6,119.059,20.2137,True,6.23742e-14,ok
Ek1.3e-3,0.0013,1.0,7,134.299,23.7733,True,5.49033e-14,ok
Ek1.3e-3,0.0013,1.0,8,154.621,25.5402,True,1.35788e-14,ok
Ek1.3e-3,0.0013,1.0,9,180.976,26.0828,True,2.83237e-14,ok
Ek1.3e-3,0.0013,1.0,10,214.137,25.8688,True,0.0,ok
Ek1.3e-3,0.0013,1.0,11,254.822,25.2226,True,1.36846e-13,ok
Ek1.3e-3,0.0013,1.0,12,303.765,24.3505,True,1.27546e-13,ok
Ek1.3e-3,0.0013,1.0,13,361.743,23.3776,True,1.06182e-13,ok
Ek1.3e-3,0.0013,1.0,14,429.582,22.3775,True,6.2544e-14,ok
Ek1.3e-3,0.0013,1.0,15,508.156,21.3919,True,9.20847e-14,ok
Ek1.3e-3,0.0013,1.2,1,83.5092,-3.52514,True,1.58658e-14,ok
Ek1.3e-3,0.0013,1.2,2,71.0403,-4.60329,True,1.29392e-14,ok
Ek1.3e-3,0.0013,1.2,3,74.5394,-0.855652,True,2.29221e-14,ok
Ek1.3e-3,0.0013,1.2,4,81.4241,5.60785,True,7.85571e-15,ok
Ek1.3e-3,0.0013,1.2,5,89.3696,12.2224,True,5.18292e-14,ok
Ek1.3e-3,0.0013,1.2,6,99.1236,17.3372,True,2.50283e-14,ok
Ek1.3e-3,0.0013,1.2,7,111.997,20.6215,True,3.24581e-14,ok
Ek1.3e-3,0.0013,1.2,8,129.039,22.3659,True,4.85952e-14,ok
Ek1.3e-3,0.0013,1.2,9,151.053,23.0138,True,6.98265e-14,ok
Ek1.3e-3,0.0013,1.2,10,178.7,22.9574,True,9.14276e-14,ok
Ek1.3e-3,0.0013,1.2,11,212.598,22.4828,True,3.50743e-14,ok
Ek1.3e-3,0.0013,1.2,12,253.368,21.7784,True,8.22781e-14,ok
Ek1.3e-3,0.0013,1.2,13,301.663,20.9625,True,6.09825e-14,ok
Ek1.3e-3,0.0013,1.2,14,358.175,20.1061,True,6.45168e-14,ok
Ek1.3e-3,0.0013,1.2,15,423.635,19.251,True,5.91459e-14,ok
Ek1.3e-3,0.0013,1.4,1,72.0282,-3.05172,True,4.70446e-14,ok
Ek1.3e-3,0.0013,1.4,2,61.2435,-3.98219,True,2.46481e-14,ok
Ek1.3e-3,0.0013,1.4,3,63.9355,-0.738245,True,1.21015e-14,ok
Ek1.3e-3,0.0013,1.4,4,69.6177,4.84069,True,2.73158e-14,ok
Ek1.3e-3,0.0013,1.4,5,76.4285,10.6138,True,9.38025e-15,ok
Ek1.3e-3,0.0013,1.4,6,84.903,15.1843,True,5.11955e-14,ok
Ek1.3e-3,0.0013,1.4,7,96.0521,18.213,True,3.4526e-14,ok
Ek1.3e-3,0.0013,1.4,8,110.737,19.8971,True,2.47237e-14,ok
Ek1.3e-3,0.0013,1.4,9,129.644,20.5931,True,6.17952e-14,ok
Ek1.3e-3,0.0013,1.4,10,153.354,20.6363,True,4.13698e-14,ok
Ek1.3e-3,0.0013,1.4,11,182.407,20.2805,True,9.98888e-14,ok
Ek1.3e-3,0.0013,1.4,12,217.342,19.6982,True,6.19259e-14,ok
Ek1.3e-3,0.0013,1.4,13,258.725,18.9998,True,6.76321e-14,ok
Ek1.3e-3,0.0013,1.4,14,307.15,18.2534,True,5.31747e-14,ok
Ek1.3e-3,0.0013,1.4,15,363.244,17.4997,True,1.48748e-14,ok
Ek1.3e-3,0.0013,1.6,1,63.3268,-2.68998,True,1.64688e-14,ok
Ek1.3e-3,0.0013,1.6,2,53.8244,-3.508,True,1.57119e-14,ok
Ek1.3e-3,0.0013,1.6,3,55.9732,-0.649141,True,3.36837e-15,ok
Ek1.3e-3,0.0013,1.6,4,60.7998,4.25918,True,4.17907e-14,ok
Ek1.3e-3,0.0013,1.6,5,66.7577,9.38246,True,8.55169e-15,ok
Ek1.3e-3,0.0013,1.6,6,74.2489,13.5108,True,4.55988e-14,ok
Ek1.3e-3,0.0013,1.6,7,84.0849,16.3115,True,1.29234e-14,ok
Ek1.3e-3,0.0013,1.6,8,96.9902,17.9213,True,2.67431e-14,ok
Ek1.3e-3,0.0013,1.6,9,113.564,18.6346,True,6.50569e-14,ok
Ek1.3e-3,0.0013,1.6,10,134.321,18.7422,True,8.53103e-14,ok
Ek1.3e-3,0.0013,1.6,11,159.741,18.4717,True,1.89405e-14,ok
Ek1.3e-3,0.0013,1.6,12,190.303,17.981,True,6.50603e-14,ok
Ek1.3e-3,0.0013,1.6,13,226.504,17.3734,True,4.39822e-14,ok
Ek1.3e-3,0.0013,1.6,14,268.865,16.7134,True,5.62107e-14,ok
Ek1.3e-3,0.0013,1.6,15,317.938,16.0405,True,1.42829e-14,ok
Ek1.3e-3,0.0013,1.8,1,56.5034,-2.40469,True,2.40746e-14,ok
Ek1.3e-3,0.0013,1.8,2,48.0102,-3.1343,True,2.39946e-14,ok
Ek1.3e-3,0.0013,1.8,3,49.7747,-0.579214,True,2.97974e-15,ok
Ek1.3e-3,0.0013,1.8,4,53.9636,3.80294,True,4.65638e-14,ok
Ek1.3e-3,0.0013,1.8,5,59.2575,8.40883,True,3.82698e-14,ok
Ek1.3e-3,0.0013,1.8,6,65.9697,12.1717,True,4.31758e-14,ok
Ek1.3e-3,0.0013,1.8,7,74.7713,14.7714,True,3.02805e-15,ok
Ek1.3e-3,0.0013,1.8,8,86.285,16.3039,True,1.47557e-14,ok
Ek1.3e-3,0.0013,1.8,9,101.041,17.0171,True,2.21031e-14,ok
Ek1.3e-3,0.0013,1.8,10,119.5,17.1671,True,8.99785e-14,ok
Ek1.3e-3,0.0013,1.8,11,142.096,16.9593,True,1.79619e-14,ok
Ek1.3e-3,0.0013,1.8,12,169.258,16.5393,True,7.02309e-14,ok
Ek1.3e-3,0.0013,1.8,13,201.429,16.0035,True,2.13256e-14,ok
Ek1.3e-3,0.0013,1.8,14,239.076,15.4131,True,8.07733e-14,ok
Ek1.3e-3,0.0013,1.8,15,282.689,14.806,True,2.73802e-14,ok
Ek1.3e-3,0.0013,2.0,1,51.0087,-2.17398,True,1.46919e-14,ok
Ek1.3e-3,0.0013,2.0,2,43.3305,-2.83231,True,8.90617e-16,ok
Ek1.3e-3,0.0013,2.0,3,44.8122,-0.522878,True,1.65731e-14,ok
Ek1.3e-3,0.0013,2.0,4,48.5088,3.43531,True,5.24086e-15,ok
Ek1.3e-3,0.0013,2.0,5,53.2712,7.61929,True,1.77244e-14,ok
Ek1.3e-3,0.0013,2.0,6,59.3511,11.0754,True,2.38324e-14,ok
Ek1.3e-3,0.0013,2.0,7,67.3165,13.4982,True,1.51713e-14,ok
Ek1.3e-3,0.0013,2.0,8,77.7114,14.955,True,2.79343e-14,ok
Ek1.3e-3,0.0013,2.0,9,91.0101,15.6585,True,1.70134e-14,ok
Ek1.3e-3,0.0013,2.0,10,107.632,15.8366,True,2.78441e-14,ok
Ek1.3e-3,0.0013,2.0,11,127.969,15.6761,True,5.11551e-15,ok
Ek1.3e-3,0.0013,2.0,12,152.411,15.3118,True,3.74171e-14,ok
Ek1.3e-3,0.0013,2.0,13,181.36,14.8339,True,6.1075e-14,ok
Ek1.3e-3,0.0013,2.0,14,215.237,14.3006,True,2.83811e-14,ok
Ek1.3e-3,0.0013,2.0,15,254.482,13.7479,True,4.72135e-14,ok
Ek1.3e-3,0.0013,2.2,1,46.4886,-1.98358,True,2.16229e-14,ok
Ek1.3e-3,0.0013,2.2,2,39.4825,-2.58324,True,1.55582e-14,ok
Ek1.3e-3,0.0013,2.2,3,40.7496,-0.476524,True,7.86565e-15,ok
Ek1.3e-3,0.0013,2.2,4,44.0551,3.13269,True,1.63431e-15,ok
Ek1.3e-3,0.0013,2.2,5,48.3828,6.96592,True,6.73407e-15,ok
Ek1.3e-3,0.0013,2.2,6,53.9392,10.1612,True,3.43888e-14,ok
Ek1.3e-3,0.0013,2.2,7,61.2142,12.4279,True,2.14345e-14,ok
Ek1.3e-3,0.0013,2.2,8,70.6898,13.8129,True,7.94353e-15,ok
Ek1.3e-3,0.0013,2.2,9,82.7947,14.5012,True,1.75098e-14,ok
Ek1.3e-3,0.0013,2.2,10,97.9119,14.6977,True,6.8952e-14,ok
Ek1.3e-3,0.0013,2.2,11,116.401,14.5736,True,0.0,ok
Ek1.3e-3,0.0013,2.2,12,138.619,14.254,True,5.63926e-15,ok
Ek1.3e-3,0.0013,2.2,13,164.932,13.8237,True,7.16037e-14,ok
Ek1.3e-3,0.0013,2.2,14,195.725,13.3379,True,8.88785e-14,ok
Ek1.3e-3,0.0013,2.2,15,231.398,12.831,True,6.39734e-14,ok
Ek1.3e-3,0.0013,2.4,1,42.7049,-1.82379,True,7.38567e-15,ok
Ek1.3e-3,0.0013,2.4,2,36.2626,-2.37434,True,1.00142e-14,ok
Ek1.3e-3,0.0013,2.4,3,37.3624,-0.437716,True,6.12616e-15,ok
Ek1.3e-3,0.0013,2.4,4,40.3503,2.87919,True,5.06189e-14,ok
Ek1.3e-3,0.0013,2.4,5,44.3157,6.41618,True,1.02836e-14,ok
Ek1.3e-3,0.0013,2.4,6,49.4316,9.38689,True,3.05706e-14,ok
Ek1.3e-3,0.0013,2.4,7,56.1269,11.5153,True,1.10414e-14,ok
Ek1.3e-3,0.0013,2.4,8,64.8335,12.8333,True,9.14235e-15,ok
Ek1.3e-3,0.0013,2.4,9,75.942,13.5035,True,4.04887e-14,ok
Ek1.3e-3,0.0013,2.4,10,89.805,13.7118,True,3.13105e-14,ok
Ek1.3e-3,0.0013,2.4,11,106.754,13.616,True,2.57289e-14,ok
Ek1.3e-3,0.0013,2.4,12,127.119,13.3329,True,6.16753e-14,ok
Ek1.3e-3,0.0013,2.4,13,151.237,12.9424,True,9.29842e-15,ok
Ek1.3e-3,0.0013,2.4,14,179.459,12.4966,True,1.30034e-14,ok
Ek1.3e-3,0.0013,2.4,15,212.156,12.0288,True,2.20879e-14,ok
Ek1.3e-3,0.0013,2.6,1,39.4911,-1.68779,True,1.39156e-14,ok
Ek1.3e-3,0.0013,2.6,2,33.5284,-2.19664,True,8.03562e-15,ok
Ek1.3e-3,0.0013,2.6,3,34.4952,-0.404751,True,8.65751e-15,ok
Ek1.3e-3,0.0013,2.6,4,37.2201,2.66372,True,2.75713e-14,ok
Ek1.3e-3,0.0013,2.6,5,40.8791,5.94714,True,6.8717e-15,ok
Ek1.3e-3,0.0013,2.6,6,45.6192,8.72266,True,2.00619e-14,ok
Ek1.3e-3,0.0013,2.6,7,51.8207,10.728,True,3.51385e-14,ok
Ek1.3e-3,0.0013,2.6,8,59.8743,11.9837,True,3.78667e-14,ok
Ek1.3e-3,0.0013,2.6,9,70.1385,12.6344,True,3.32295e-14,ok
Ek1.3e-3,0.0013,2.6,10,82.9399,12.85,True,2.74982e-14,ok
Ek1.3e-3,0.0013,2.6,11,98.5866,12.7766,True,1.58581e-14,ok
Ek1.3e-3,0.0013,2.6,12,117.384,12.5237,True,8.48891e-14,ok
Ek1.3e-3,0.0013,2.6,13,139.644,12.1667,True,3.69776e-14,ok
Ek1.3e-3,0.0013,2.6,14,165.692,11.7552,True,3.45187e-14,ok
Ek1.3e-3,0.0013,2.6,15,195.871,11.3209,True,2.31222e-14,ok
Ek1.3e-3,0.0013,2.8,1,36.7273,-1.57064,True,1.78024e-14,ok
Ek1.3e-3,0.0013,2.8,2,31.1778,-2.04364,True,1.8779e-14,ok
Ek1.3e-3,0.0013,2.8,3,32.0366,-0.376402,True,3.20881e-15,ok
Ek1.3e-3,0.0013,2.8,4,34.5404,2.47832,True,4.09145e-15,ok
Ek1.3e-3,0.0013,2.8,5,37.9369,5.54219,True,9.37791e-15,ok
Ek1.3e-3,0.0013,2.8,6,42.3527,8.14649,True,2.67091e-14,ok
Ek1.3e-3,0.0013,2.8,7,48.1285,10.0418,True,1.39939e-14,ok
Ek1.3e-3,0.0013,2.8,8,55.6206,11.2398,True,1.92856e-14,ok
Ek1.3e-3,0.0013,2.8,9,65.1603,11.8706,True,1.56443e-14,ok
Ek1.3e-3,0.0013,2.8,10,77.0514,12.0902,True,3.04281e-14,ok
Ek1.3e-3,0.0013,2.8,11,91.5814,12.0348,True,2.00999e-15,ok
Ek1.3e-3,0.0013,2.8,12,109.035,11.8072,True,3.28897e-14,ok
Ek1.3e-3,0.0013,2.8,13,129.703,11.4788,True,9.14283e-15,ok
Ek1.3e-3,0.0013,2.8,14,153.888,11.0969,True,6.83568e-15,ok
Ek1.3e-3,0.0013,2.8,15,181.909,10.6918,True,7.13896e-14,ok
Ek1.3e-3,0.0013,3.0,1,34.3252,-1.46869,True,3.28087e-14,ok
Ek1.3e-3,0.0013,3.0,2,29.1353,-1.91053,True,8.51016e-15,ok
Ek1.3e-3,0.0013,3.0,3,29.9052,-0.351763,True,4.94552e-16,ok
Ek1.3e-3,0.0013,3.0,4,32.2206,2.31709,True,1.96702e-14,ok
Ek1.3e-3,0.0013,3.0,5,35.3897,5.18902,True,9.71546e-15,ok
Ek1.3e-3,0.0013,3.0,6,39.5226,7.64192,True,1.29672e-14,ok
Ek1.3e-3,0.0013,3.0,7,44.9276,9.4382,True,3.70868e-15,ok
Ek1.3e-3,0.0013,3.0,8,51.9318,10.5831,True,1.55433e-14,ok
Ek1.3e-3,0.0013,3.0,9,60.8427,11.194,True,2.08675e-14,ok
Ek1.3e-3,0.0013,3.0,10,71.9446,11.4152,True,5.06348e-14,ok
Ek1.3e-3,0.0013,3.0,11,85.5069,11.3744,True,3.41136e-14,ok
Ek1.3e-3,0.0013,3.0,12,101.796,11.1682,True,3.98119e-14,ok
Ek1.3e-3,0.0013,3.0,13,121.085,10.8645,True,3.76761e-14,ok
Ek1.3e-3,0.0013,3.0,14,143.656,10.5084,True,2.14545e-14,ok
Ek1.3e-3,0.0013,3.0,15,169.806,10.1289,True,5.55279e-14,ok
Ek1.3e-3,0.0013,3.2,1,32.2182,-1.37915,True,1.81606e-14,ok
Ek1.3e-3,0.0013,3.2,2,27.344,-1.79368,True,9.64416e-15,ok
Ek1.3e-3,0.0013,3.2,3,28.0398,-0.33015,True,2.05723e-14,ok
Ek1.3e-3,0.0013,3.2,4,30.1928,2.17558,True,2.31214e-14,ok
Ek1.3e-3,0.0013,3.2,5,33.1629,4.87826,True,9.24714e-15,ok
Ek1.3e-3,0.0013,3.2,6,37.0471,7.19636,True,4.31218e-15,ok
Ek1.3e-3,0.0013,3.2,7,42.1261,8.90322,True,2.64013e-14,ok
Ek1.3e-3,0.0013,3.2,8,48.7022,9.99894,True,1.66498e-14,ok
Ek1.3e-3,0.0013,3.2,9,57.0625,10.5904,True,2.95733e-14,ok
Ek1.3e-3,0.0013,3.2,10,67.4735,10.8118,True,1.78446e-14,ok
Ek1.3e-3,0.0013,3.2,11,80.189,10.7827,True,0.0,ok
Ek1.3e-3,0.0013,3.2,12,95.4595,10.5948,True,4.51758e-14,ok
Ek1.3e-3,0.0013,3.2,13,113.541,10.3126,True,7.08432e-14,ok
Ek1.3e-3,0.0013,3.2,14,134.7,9.97914,True,4.97518e-14,ok
Ek1.3e-3,0.0013,3.2,15,159.214,9.62234,True,3.59782e-14,ok
Ek1.3e-3,0.0013,3.4,1,30.3549,-1.29989,True,5.44028e-15,ok
Ek1.3e-3,0.0013,3.4,2,25.7602,-1.69028,True,9.51592e-16,ok
Ek1.3e-3,0.0013,3.4,3,26.3934,-0.311039,True,5.32749e-15,ok
Ek1.3e-3,0.0013,3.4,4,28.405,2.05038,True,1.96033e-14,ok
Ek1.3e-3,0.0013,3.4,5,31.1997,4.60269,True,1.05839e-14,ok
Ek1.3e-3,0.0013,3.4,6,34.8633,6.79999,True,6.41708e-15,ok
Ek1.3e-3,0.0013,3.4,7,39.6536,8.42575,True,1.97046e-15,ok
Ek1.3e-3,0.0013,3.4,8,45.8511,9.476,True,2.11846e-14,ok
Ek1.3e-3,0.0013,3.4,9,53.7249,10.0487,True,2.80263e-15,ok
Ek1.3e-3,0.0013,3.4,10,63.5263,10.2689,True,3.21953e-14,ok
Ek1.3e-3,0.0013,3.4,11,75.4945,10.2496,True,2.91583e-14,ok
Ek1.3e-3,0.0013,3.4,12,89.8663,10.0775,True,5.49654e-14,ok
Ek1.3e-3,0.0013,3.4,13,106.883,9.8141,True,1.06933e-14,ok
Ek1.3e-3,0.0013,3.4,14,126.796,9.50067,True,5.13585e-14,ok
Ek1.3e-3,0.0013,3.4,15,149.867,9.16402,True,4.31215e-14,ok
Ek1.3e-3,0.0013,3.6,1,28.6954,-1.22924,True,2.18086e-15,ok
Ek1.3e-3,0.0013,3.6,2,24.3499,-1.59814,True,3.4027e-15,ok
Ek1.3e-3,0.0013,3.6,3,24.9296,-0.294019,True,6.29602e-15,ok
Ek1.3e-3,0.0013,3.6,4,26.8171,1.93883,True,2.00323e-14,ok
Ek1.3e-3,0.0013,3.6,5,29.4558,4.35664,True,1.00094e-14,ok
Ek1.3e-3,0.0013,3.6,6,32.9227,6.4451,True,8.07062e-15,ok
Ek1.3e-3,0.0013,3.6,7,37.4554,7.99697,True,6.21254e-15,ok
Ek1.3e-3,0.0013,3.6,8,43.3156,9.00512,True,1.23792e-14,ok
Ek1.3e-3,0.0013,3.6,9,50.7566,9.55968,True,3.80477e-15,ok
Ek1.3e-3,0.0013,3.6,10,60.0158,9.77802,True,1.59222e-14,ok
Ek1.3e-3,0.0013,3.6,11,71.3198,9.7667,True,3.57421e-14,ok
Ek1.3e-3,0.0013,3.6,12,84.8929,9.60833,True,6.40599e-15,ok
Ek1.3e-3,0.0013,3.6,13,100.964,9.36157,True,3.77033e-14,ok
Ek1.3e-3,0.0013,3.6,14,119.769,9.06598,True,8.44077e-14,ok
Ek1.3e-3,0.0013,3.6,15,141.556,8.74738,True,5.30941e-14,ok
Ek1.3e-3,0.0013,3.8,1,27.208,-1.16587,True,0.0,ok
Ek1.3e-3,0.0013,3.8,2,23.086,-1.51552,True,6.37492e-15,ok
Ek1.3e-3,0.0013,3.8,3,23.6196,-0.278765,True,2.01194e-14,ok
Ek1.3e-3,0.0013,3.8,4,25.3973,1.8388,True,4.50463e-15,ok
Ek1.3e-3,0.0013,3.8,5,27.8966,4.13561,True,1.89885e-14,ok
Ek1.3e-3,0.0013,3.8,6,31.1867,6.12547,True,8.33142e-15,ok
Ek1.3e-3,0.0013,3.8,7,35.4881,7.60978,True,1.04474e-14,ok
Ek1.3e-3,0.0013,3.8,8,41.046,8.57886,True,2.247e-14,ok
Ek1.3e-3,0.0013,3.8,9,48.0994,9.11612,True,1.03797e-14,ok
Ek1.3e-3,0.0013,3.8,10,56.8733,9.33193,True,2.41709e-15,ok
Ek1.3e-3,0.0013,3.8,11,67.5831,9.3273,True,1.93175e-14,ok
Ek1.3e-3,0.0013,3.8,12,80.4415,9.18092,True,3.04135e-14,ok
Ek1.3e-3,0.0013,3.8,13,95.6656,8.94894,True,0.0,ok
Ek1.3e-3,0.0013,3.8,14,113.48,8.66934,True,2.08604e-14,ok
Ek1.3e-3,0.0013,3.8,15,134.12,8.36697,True,5.53773e-14,ok
Ek1.3e-3,0.0013,4.0,1,25.8672,-1.10871,True,1.4466e-14,ok
Ek1.3e-3,0.0013,4.0,2,21.9469,-1.44102,True,0.0,ok
Ek1.3e-3,0.0013,4.0,3,22.4405,-0.265015,True,2.83827e-15,ok
Ek1.3e-3,0.0013,4.0,4,24.1203,1.74859,True,3.39458e-16,ok
Ek1.3e-3,0.0013,4.0,5,26.4941,3.93596,True,1.28995e-15,ok
Ek1.3e-3,0.0013,4.0,6,29.6246,5.8361,True,0.0,ok
Ek1.3e-3,0.0013,4.0,7,33.7172,7.25841,True,1.75474e-14,ok
Ek1.3e-3,0.0013,4.0,8,39.0026,8.19118,True,8.38023e-15,ok
Ek1.3e-3,0.0013,4.0,9,45.7068,8.71193,True,3.79186e-14,ok
Ek1.3e-3,0.0013,4.0,10,54.0439,8.92479,True,4.42157e-15,ok
Ek1.3e-3,0.0013,4.0,11,64.2187,8.92574,True,1.54788e-14,ok
Ek1.3e-3,0.0013,4.0,12,76.434,8.78993,True,2.78782e-14,ok
Ek1.3e-3,0.0013,4.0,13,90.8962,8.57115,True,2.03905e-15,ok
Ek1.3e-3,0.0013,4.0,14,107.819,8.30595,True,3.06372e-14,ok
Ek1.3e-3,0.0013,4.0,15,127.426,8.01828,True,3.12285e-14,ok
Ek1.3e-3,0.0013,5.0,1,20.7539,-0.890396,True,7.04152e-15,ok
Ek1.3e-3,0.0013,5.0,2,17.6039,-1.15664,True,5.94107e-15,ok
Ek1.3e-3,0.0013,5.0,3,17.958,-0.212586,True,1.56543e-15,ok
Ek1.3e-3,0.0013,5.0,4,19.2744,1.40423,True,8.75683e-16,ok
Ek1.3e-3,0.0013,5.0,5,21.1717,3.17087,True,2.23252e-15,ok
Ek1.3e-3,0.0013,5.0,6,23.6912,4.72134,True,1.42301e-14,ok
Ek1.3e-3,0.0013,5.0,7,26.985,5.89734,True,1.44795e-14,ok
Ek1.3e-3,0.0013,5.0,8,31.2301,6.68181,True,1.85879e-14,ok
Ek1.3e-3,0.0013,5.0,9,36.6048,7.13129,True,7.05758e-15,ok
Ek1.3e-3,0.0013,5.0,10,43.2805,7.32671,True,1.48994e-14,ok
Ek1.3e-3,0.0013,5.0,11,51.4224,7.34482,True,4.19248e-14,ok
Ek1.3e-3,0.0013,5.0,12,61.1942,7.24686,True,8.74583e-15,ok
Ek1.3e-3,0.0013,5.0,13,72.7619,7.07732,True,1.39024e-15,ok
Ek1.3e-3,0.0013,5.0,14,86.2975,6.86681,True,3.40278e-14,ok
Ek1.3e-3,0.0013,5.0,15,101.98,6.6356,True,2.93307e-14,ok
Ek1.3e-3,0.0013,6.0,1,17.3286,-0.743894,True,8.84697e-15,ok
Ek1.3e-3,0.0013,6.0,2,14.6959,-0.965964,True,5.80123e-15,ok
Ek1.3e-3,0.0013,6.0,3,14.9681,-0.177473,True,1.23089e-15,ok
Ek1.3e-3,0.0013,6.0,4,16.0497,1.17324,True,0.0,ok
Ek1.3e-3,0.0013,6.0,5,17.6299,2.65499,True,1.01737e-14,ok
Ek1.3e-3,0.0013,6.0,6,19.7379,3.96442,True,2.61735e-15,ok
Ek1.3e-3,0.0013,6.0,7,22.494,4.96642,True,1.09536e-14,ok
Ek1.3e-3,0.0013,6.0,8,26.0414,5.6424,True,7.06916e-15,ok
Ek1.3e-3,0.0013,6.0,9,30.5272,6.03631,True,1.31473e-14,ok
Ek1.3e-3,0.0013,6.0,10,36.094,6.21414,True,2.78667e-14,ok
Ek1.3e-3,0.0013,6.0,11,42.8804,6.23974,True,3.24193e-15,ok
Ek1.3e-3,0.0013,6.0,12,51.0233,6.16471,True,3.58636e-14,ok
Ek1.3e-3,0.0013,6.0,13,60.662,6.02695,True,1.0082e-14,ok
Ek1.3e-3,0.0013,6.0,14,71.94,5.85275,True,2.47197e-14,ok
Ek1.3e-3,0.0013,6.0,15,85.0067,5.65966,True,4.4453e-15,ok
Ek1.3e-3,0.0013,7.0,1,14.8738,-0.638781,True,3.62414e-16,ok
Ek1.3e-3,0.0013,7.0,2,12.6125,-0.829243,True,2.443e-15,ok
Ek1.3e-3,0.0013,7.0,3,12.8317,-0.152315,True,3.09084e-15,ok
Ek1.3e-3,0.0013,7.0,4,13.7494,1.00752,True,1.39747e-14,ok
Ek1.3e-3,0.0013,7.0,5,15.1031,2.28356,True,2.8947e-15,ok
Ek1.3e-3,0.0013,7.0,6,16.9153,3.41679,True,1.29612e-14,ok
Ek1.3e-3,0.0013,7.0,7,19.2847,4.28945,True,1.53206e-15,ok
Ek1.3e-3,0.0013,7.0,8,22.3316,4.88295,True,7.27959e-15,ok
Ek1.3e-3,0.0013,7.0,9,26.1809,5.23292,True,6.84038e-15,ok
Ek1.3e-3,0.0013,7.0,10,30.955,5.39498,True,6.46278e-15,ok
Ek1.3e-3,0.0013,7.0,11,36.7728,5.42374,True,5.71538e-15,ok
Ek1.3e-3,0.0013,7.0,12,43.7525,5.36377,True,7.18677e-15,ok
Ek1.3e-3,0.0013,7.0,13,52.0135,5.24808,True,2.14047e-14,ok
Ek1.3e-3,0.0013,7.0,14,61.6794,5.09966,True,2.30984e-14,ok
Ek1.3e-3,0.0013,7.0,15,72.8783,4.93399,True,2.36491e-14,ok
Ek1.3e-3,0.0013,8.0,1,13.0283,-0.559692,True,4.24295e-15,ok
Ek1.3e-3,0.0013,8.0,2,11.0465,-0.726418,True,3.98375e-15,ok
Ek1.3e-3,0.0013,8.0,3,11.229,-0.133404,True,4.83679e-15,ok
Ek1.3e-3,0.0013,8.0,4,12.0258,0.88284,True,1.60948e-14,ok
Ek1.3e-3,0.0013,8.0,5,13.2099,2.00333,True,1.5595e-15,ok
Ek1.3e-3,0.0013,8.0,6,14.799,3.00215,True,1.40088e-14,ok
Ek1.3e-3,0.0013,8.0,7,16.8769,3.77497,True,3.16423e-15,ok
Ek1.3e-3,0.0013,8.0,8,19.5472,4.30374,True,2.05637e-14,ok
Ek1.3e-3,0.0013,8.0,9,22.9183,4.6183,True,6.51189e-15,ok
Ek1.3e-3,0.0013,8.0,10,27.0974,4.76666,True,1.26127e-15,ok
Ek1.3e-3,0.0013,8.0,11,32.1887,4.7965,True,1.08554e-14,ok
Ek1.3e-3,0.0013,8.0,12,38.2958,4.74704,True,1.31346e-14,ok
Ek1.3e-3,0.0013,8.0,13,45.5238,4.64748,True,1.61864e-14,ok
Ek1.3e-3,0.0013,8.0,14,53.9808,4.51829,True,2.26651e-14,ok
Ek1.3e-3,0.0013,8.0,15,63.7791,4.37326,True,8.4934e-15,ok
Ek1.3e-3,0.0013,9.0,1,11.5902,-0.498027,True,3.13921e-15,ok
Ek1.3e-3,0.0013,9.0,2,9.82641,-0.646276,True,1.20565e-15,ok
Ek1.3e-3,0.0013,9.0,3,9.98223,-0.11867,True,4.00248e-15,ok
Ek1.3e-3,0.0013,9.0,4,10.6862,0.785622,True,8.77097e-15,ok
Ek1.3e-3,0.0013,9.0,5,11.7384,1.78439,True,1.414e-15,ok
Ek1.3e-3,0.0013,9.0,6,13.1533,2.67729,True,2.78527e-15,ok
Ek1.3e-3,0.0013,9.0,7,15.0037,3.37072,True,5.04564e-15,ok
Ek1.3e-3,0.0013,9.0,8,17.3803,3.8474,True,1.31473e-14,ok
Ek1.3e-3,0.0013,9.0,9,20.379,4.13291,True,0.0,ok
Ek1.3e-3,0.0013,9.0,10,24.0949,4.26944,True,4.55339e-15,ok
Ek1.3e-3,0.0013,9.0,11,28.621,4.29931,True,9.74767e-15,ok
Ek1.3e-3,0.0013,9.0,12,34.0496,4.25752,True,1.45902e-14,ok
Ek1.3e-3,0.0013,9.0,13,40.4742,4.17024,True,2.07559e-14,ok
Ek1.3e-3,0.0013,9.0,14,47.991,4.05591,True,0.0,ok
Ek1.3e-3,0.0013,9.0,15,56.7001,3.92698,True,1.45528e-14,ok
Ek1.3e-3,0.0013,10.0,1,10.438,-0.4486,True,5.71965e-15,ok
Ek1.3e-3,0.0013,10.0,2,8.84904,-0.582058,True,4.28793e-15,ok
Ek1.3e-3,0.0013,10.0,3,8.98464,-0.106866,True,4.19936e-15,ok
Ek1.3e-3,0.0013,10.0,4,9.61508,0.707695,True,1.65698e-14,ok
Ek1.3e-3,0.0013,10.0,5,10.5618,1.6086,True,3.73463e-15,ok
Ek1.3e-3,0.0013,10.0,6,11.837,2.41588,True,1.10157e-14,ok
Ek1.3e-3,0.0013,10.0,7,13.5048,3.0447,True,2.57299e-15,ok
Ek1.3e-3,0.0013,10.0,8,15.6459,3.47858,True,6.04542e-15,ok
Ek1.3e-3,0.0013,10.0,9,18.3463,3.73986,True,5.43486e-15,ok
Ek1.3e-3,0.0013,10.0,10,21.6915,3.86617,True,2.07435e-15,ok
Ek1.3e-3,0.0013,10.0,11,25.7654,3.89552,True,1.38994e-14,ok
Ek1.3e-3,0.0013,10.0,12,30.6512,3.85952,True,1.1163e-14,ok
Ek1.3e-3,0.0013,10.0,13,36.4331,3.78189,True,2.38188e-15,ok
Ek1.3e-3,0.0013,10.0,14,43.1979,3.67938,True,1.27755e-14,ok
Ek1.3e-3,0.0013,10.0,15,51.0356,3.56335,True,1.62116e-14,ok
Ek1.3e-3,0.0013,20.0,1,5.23455,-0.225143,True,2.88136e-15,ok
Ek1.3e-3,0.0013,20.0,2,4.43645,-0.291941,True,3.02797e-16,ok
Ek1.3e-3,0.0013,20.0,3,4.49374,-0.0535767,True,8.46427e-16,ok
Ek1.3e-3,0.0013,20.0,4,4.80195,0.3553,True,8.96974e-15,ok
Ek1.3e-3,0.0013,20.0,5,5.27478,0.810374,True,1.604e-15,ok
Ek1.3e-3,0.0013,20.0,6,5.91635,1.22249,True,2.15697e-15,ok
Ek1.3e-3,0.0013,20.0,7,6.75579,1.54784,True,1.59592e-15,ok
Ek1.3e-3,0.0013,20.0,8,7.83146,1.77614,True,3.50239e-15,ok
Ek1.3e-3,0.0013,20.0,9,9.18541,1.91695,True,6.7316e-15,ok
Ek1.3e-3,0.0013,20.0,10,10.8603,1.98826,True,6.58335e-15,ok
Ek1.3e-3,0.0013,20.0,11,12.8982,2.00887,True,5.15242e-15,ok
Ek1.3e-3,0.0013,20.0,12,15.3412,1.9948,True,9.71925e-15,ok
Ek1.3e-3,0.0013,20.0,13,18.2317,1.95828,True,2.12878e-15,ok
Ek1.3e-3,0.0013,20.0,14,21.6134,1.90806,True,1.75826e-14,ok
Ek1.3e-3,0.0013,20.0,15,25.5313,1.85015,True,7.22068e-15,ok
Ek1.3e-3,0.0013,40.0,1,2.62119,-0.112781,True,1.37827e-15,ok
Ek1.3e-3,0.0013,40.0,2,2.22123,-0.146196,True,1.70849e-16,ok
Ek1.3e-3,0.0013,40.0,3,2.24723,-0.0268242,True,1.58491e-16,ok
Ek1.3e-3,0.0013,40.0,4,2.39957,0.17802,True,2.42068e-15,ok
Ek1.3e-3,0.0013,40.0,5,2.63584,0.406744,True,1.17552e-15,ok
Ek1.3e-3,0.0013,40.0,6,2.95763,0.614983,True,1.42763e-15,ok
Ek1.3e-3,0.0013,40.0,7,3.37879,0.780491,True,1.89367e-15,ok
Ek1.3e-3,0.0013,40.0,8,3.91797,0.897615,True,1.07342e-15,ok
Ek1.3e-3,0.0013,40.0,9,4.59596,0.970712,True,4.18457e-15,ok
Ek1.3e-3,0.0013,40.0,10,5.43401,1.00854,True,1.12927e-16,ok
Ek1.3e-3,0.0013,40.0,11,6.45327,1.02046,True,4.04638e-15,ok
Ek1.3e-3,0.0013,40.0,12,7.67481,1.01451,True,5.25627e-15,ok
Ek1.3e-3,0.0013,40.0,13,9.11996,0.996895,True,3.64102e-15,ok
Ek1.3e-3,0.0013,40.0,14,10.8106,0.972095,True,4.1965e-16,ok
Ek1.3e-3,0.0013,40.0,15,12.7693,0.943203,True,4.74091e-15,ok
Ek1.3e-3,0.0013,60.0,1,1.74833,-0.0752341,True,4.62506e-16,ok
Ek1.3e-3,0.0013,60.0,2,1.48149,-0.0975136,True,0.0,ok
Ek1.3e-3,0.0013,60.0,3,1.49823,-0.0178908,True,4.70781e-16,ok
Ek1.3e-3,0.0013,60.0,4,1.5994,0.118763,True,7.76705e-16,ok
Ek1.3e-3,0.0013,60.0,5,1.75688,0.271512,True,3.27377e-16,ok
Ek1.3e-3,0.0013,60.0,6,1.97164,0.41083,True,0.0,ok
Ek1.3e-3,0.0013,60.0,7,2.25273,0.521809,True,4.83674e-16,ok
Ek1.3e-3,0.0013,60.0,8,2.61249,0.600565,True,4.8052e-16,ok
Ek1.3e-3,0.0013,60.0,9,3.06472,0.649909,True,3.75151e-16,ok
Ek1.3e-3,0.0013,60.0,10,3.62356,0.675629,True,2.02715e-15,ok
Ek1.3e-3,0.0013,60.0,11,4.30314,0.683942,True,3.11602e-16,ok
Ek1.3e-3,0.0013,60.0,12,5.11751,0.680228,True,0.0,ok
Ek1.3e-3,0.0013,60.0,13,6.08092,0.668639,True,1.78688e-15,ok
Ek1.3e-3,0.0013,60.0,14,7.20796,0.65218,True,1.60555e-15,ok
Ek1.3e-3,0.0013,60.0,15,8.51373,0.632937,True,7.11624e-16,ok
Ek1.3e-3,0.0013,80.0,1,1.31158,-0.056443,True,4.52732e-17,ok
Ek1.3e-3,0.0013,80.0,2,1.11137,-0.0731538,True,4.08764e-16,ok
Ek1.3e-3,0.0013,80.0,3,1.1237,-0.0134211,True,2.30376e-16,ok
Ek1.3e-3,0.0013,80.0,4,1.19943,0.0891037,True,4.37204e-16,ok
Ek1.3e-3,0.0013,80.0,5,1.31753,0.203766,True,4.05654e-16,ok
Ek1.3e-3,0.0013,80.0,6,1.47868,0.308439,True,7.6047e-16,ok
Ek1.3e-3,0.0013,80.0,7,1.68962,0.391915,True,1.15959e-15,ok
Ek1.3e-3,0.0013,80.0,8,1.95956,0.451237,True,8.13808e-16,ok
Ek1.3e-3,0.0013,80.0,9,2.29882,0.488477,True,2.59612e-15,ok
Ek1.3e-3,0.0013,80.0,10,2.71801,0.507956,True,0.0,ok
Ek1.3e-3,0.0013,80.0,11,3.22771,0.514332,True,5.87391e-16,ok
Ek1.3e-3,0.0013,80.0,12,3.8385,0.511642,True,1.68566e-15,ok
Ek1.3e-3,0.0013,80.0,13,4.56105,0.503009,True,1.34835e-15,ok
Ek1.3e-3,0.0013,80.0,14,5.40631,0.490694,True,0.0,ok
Ek1.3e-3,0.0013,80.0,15,6.38562,0.476268,True,1.15843e-15,ok
Ek1.3e-3,0.0013,100.0,1,1.04942,-0.0451628,True,2.75363e-16,ok
Ek1.3e-3,0.0013,100.0,2,0.889214,-0.058532,True,6.08578e-17,ok
Ek1.3e-3,0.0013,100.0,3,0.898977,-0.0107383,True,3.34288e-16,ok
Ek1.3e-3,0.0013,100.0,4,0.95949,0.071298,True,2.12204e-15,ok
Ek1.3e-3,0.0013,100.0,5,1.05396,0.163076,True,8.50321e-16,ok
Ek1.3e-3,0.0013,100.0,6,1.18292,0.246904,True,2.16579e-16,ok
Ek1.3e-3,0.0013,100.0,7,1.35174,0.313801,True,4.37299e-16,ok
Ek1.3e-3,0.0013,100.0,8,1.56774,0.361381,True,5.79964e-17,ok
Ek1.3e-3,0.0013,100.0,9,1.83919,0.391285,True,0.0,ok
Ek1.3e-3,0.0013,100.0,10,2.17457,0.40696,True,2.20645e-16,ok
Ek1.3e-3,0.0013,100.0,11,2.58235,0.412129,True,3.77143e-16,ok
Ek1.3e-3,0.0013,100.0,12,3.07098,0.410023,True,1.56786e-15,ok
Ek1.3e-3,0.0013,100.0,13,3.64901,0.403145,True,1.15482e-15,ok
Ek1.3e-3,0.0013,100.0,14,4.32522,0.393307,True,1.58002e-15,ok
Ek1.3e-3,0.0013,100.0,15,5.10865,0.38177,True,1.94176e-16,ok
Ek1.7e-3,0.0017,0.01,1,4073.24084962991,433.5137296245767,True,0.00171101,ok
Ek1.7e-3,0.0017,0.01,2,5618.928495793979,320.68901826535887,True,2.677e-05,ok
Ek1.7e-3,0.0017,0.01,3,7114.039995673447,243.1640000594249,True,8.00411e-08,ok
Ek1.7e-3,0.0017,0.01,4,9056.29,180.003,True,2.13237e-09,ok
Ek1.7e-3,0.0017,0.01,5,10951.000003699508,124.64099993069937,True,1.14615e-07,ok
Ek1.7e-3,0.0017,0.01,6,12611.1,92.767,True,1.11068e-10,ok
Ek1.7e-3,0.0017,0.01,7,14721.3,76.4146,True,3.95046e-13,ok
Ek1.7e-3,0.0017,0.01,8,17540.8,66.2206,True,7.60705e-15,ok
Ek1.7e-3,0.0017,0.01,9,21161.9,58.9222,True,1.92725e-13,ok
Ek1.7e-3,0.0017,0.01,10,25663.8,53.2755,True,1.96946e-14,ok
Ek1.7e-3,0.0017,0.01,11,31133.1,48.703,True,9.05243e-14,ok
Ek1.7e-3,0.0017,0.01,12,37665.5,44.8916,True,2.86664e-13,ok
Ek1.7e-3,0.0017,0.01,13,45364.4,41.6507,True,2.8288e-13,ok
Ek1.7e-3,0.0017,0.01,14,54340.4,38.8543,True,2.14744e-13,ok
Ek1.7e-3,0.0017,0.01,15,64710.3,36.4137,True,3.81828e-13,ok
Ek1.7e-3,0.0017,0.03,1,2115.159339194315,399.2920168603971,True,1.83403e-05,ok
Ek1.7e-3,0.0017,0.03,2,2254.8099098975504,286.21900426065844,True,4.02448e-06,ok
Ek1.7e-3,0.0017,0.03,3,2567.1199193981,221.92700384044343,True,4.00701e-06,ok
Ek1.7e-3,0.0017,0.03,4,3159.79,162.668,True,1.0465e-09,ok
Ek1.7e-3,0.0017,0.03,5,3702.96000032248,112.83099998263572,True,3.204e-08,ok
Ek1.7e-3,0.0017,0.03,6,4215.23,86.7173,True,8.38397e-11,ok
Ek1.7e-3,0.0017,0.03,7,4910.39,72.8033,True,4.04562e-13,ok
Ek1.7e-3,0.0017,0.03,8,5848.23,63.7107,True,1.97158e-13,ok
Ek1.7e-3,0.0017,0.03,9,7054.62,57.0022,True,1.12731e-13,ok
Ek1.7e-3,0.0017,0.03,10,8555.0,51.7142,True,1.29899e-13,ok
Ek1.7e-3,0.0017,0.03,11,10378.0,47.3807,True,1.63562e-13,ok
Ek1.7e-3,0.0017,0.03,12,12555.4,43.7395,True,2.12401e-13,ok
Ek1.7e-3,0.0017,0.03,13,15121.7,40.6262,True,2.92041e-13,ok
Ek1.7e-3,0.0017,0.03,14,18113.6,37.9293,True,5.4904e-14,ok
Ek1.7e-3,0.0017,0.03,15,21570.2,35.5688,True,2.72138e-13,ok
Ek1.7e-3,0.0017,0.05,1,1559.4200052528004,-168.04499977237865,True,2.73343e-07,ok
Ek1.7e-3,0.0017,0.05,2,1655.109434048797,243.43805059655915,True,4.70805e-05,ok
Ek1.7e-3,0.0017,0.05,3,1686.929891192239,199.5850096056852,True,8.36382e-06,ok
Ek1.7e-3,0.0017,0.05,4,1985.8101215099064,144.67298584359128,True,1.36365e-05,ok
Ek1.7e-3,0.0017,0.05,5,2247.54,102.206,True,3.25485e-09,ok
Ek1.7e-3,0.0017,0.05,6,2535.14,81.3377,True,3.38102e-11,ok
Ek1.7e-3,0.0017,0.05,7,2948.3,69.51,True,5.02893e-14,ok
Ek1.7e-3,0.0017,0.05,8,3509.92,61.3829,True,1.96086e-13,ok
Ek1.7e-3,0.0017,0.05,9,4233.36,55.2031,True,1.69163e-13,ok
Ek1.7e-3,0.0017,0.05,10,5133.4,50.2417,True,2.45215e-13,ok
Ek1.7e-3,0.0017,0.05,11,6227.1,46.1282,True,2.43616e-13,ok
Ek1.7e-3,0.0017,0.05,12,7533.47,42.645,True,3.34405e-13,ok
Ek1.7e-3,0.0017,0.05,13,9073.18,39.651,True,6.5456e-14,ok
Ek1.7e-3,0.0017,0.05,14,10868.3,37.0474,True,4.28567e-14,ok
Ek1.7e-3,0.0017,0.05,15,12942.3,34.7621,True,7.96575e-14,ok
Ek1.7e-3,0.0017,0.07,1,1229.32000092061,-154.00399994300983,True,6.07672e-08,ok
Ek1.7e-3,0.0017,0.07,2,1286.83,-2.38989,True,5.23141e-14,ok
Ek1.7e-3,0.0017,0.07,3,1322.4999972777612,176.04600037535715,True,2.85261e-07,ok
Ek1.7e-3,0.0017,0.07,4,1479.0199991207155,126.36300015896012,True,1.51408e-07,ok
Ek1.7e-3,0.0017,0.07,5,1619.42,92.8764,True,1.71289e-09,ok
Ek1.7e-3,0.0017,0.07,6,1814.51,76.5461,True,9.84918e-12,ok
Ek1.7e-3,0.0017,0.07,7,2107.42,66.4971,True,2.30122e-14,ok
Ek1.7e-3,0.0017,0.07,8,2507.89,59.2186,True,8.51675e-14,ok
Ek1.7e-3,0.0017,0.07,9,3024.35,53.514,True,0.0,ok
Ek1.7e-3,0.0017,0.07,10,3667.09,48.8507,True,1.5731e-13,ok
Ek1.7e-3,0.0017,0.07,11,4448.22,44.9402,True,1.89188e-13,ok
Ek1.7e-3,0.0017,0.07,12,5381.28,41.604,True,2.10184e-13,ok
Ek1.7e-3,0.0017,0.07,13,6481.03,38.7215,True,8.32307e-14,ok
Ek1.7e-3,0.0017,0.07,14,7763.25,36.2056,True,1.04602e-13,ok
Ek1.7e-3,0.0017,0.07,15,9244.6,33.9913,True,8.01725e-14,ok
Ek1.7e-3,0.0017,0.1,1,997.1410028613304,-133.43799968207438,True,2.50343e-07,ok
Ek1.7e-3,0.0017,0.1,2,903.891,-1.98569,True,1.22572e-14,ok
Ek1.7e-3,0.0017,0.1,3,1052.2097865456003,137.82805392532205,True,3.55988e-05,ok
Ek1.7e-3,0.0017,0.1,4,1082.14,100.316,True,9.442e-09,ok
Ek1.7e-3,0.0017,0.1,5,1143.46,81.2194,True,2.37482e-10,ok
Ek1.7e-3,0.0017,0.1,6,1273.39,70.2955,True,3.20595e-12,ok
Ek1.7e-3,0.0017,0.1,7,1476.76,62.4339,True,2.50192e-13,ok
Ek1.7e-3,0.0017,0.1,8,1756.47,56.2434,True,1.42675e-13,ok
Ek1.7e-3,0.0017,0.1,9,2117.7,51.1656,True,1.45324e-13,ok
Ek1.7e-3,0.0017,0.1,10,2567.45,46.9029,True,3.81619e-14,ok
Ek1.7e-3,0.0017,0.1,11,3114.13,43.2687,True,1.03927e-13,ok
Ek1.7e-3,0.0017,0.1,12,3767.21,40.1345,True,7.8239e-14,ok
Ek1.7e-3,0.0017,0.1,13,4536.98,37.4061,True,2.23308e-13,ok
Ek1.7e-3,0.0017,0.1,14,5434.49,35.0122,True,6.37956e-14,ok
Ek1.7e-3,0.0017,0.1,15,6471.41,32.897,True,5.25657e-14,ok
Ek1.7e-3,0.0017,0.2,1,529.596,-2.99693,True,3.29062e-14,ok
Ek1.7e-3,0.0017,0.2,2,454.753,-1.26019,True,1.62559e-13,ok
Ek1.7e-3,0.0017,0.2,3,527.008,26.4842,True,1.57692e-12,ok
Ek1.7e-3,0.0017,0.2,4,550.129,51.9739,True,4.87342e-13,ok
Ek1.7e-3,0.0017,0.2,5,577.061,56.7821,True,3.02028e-13,ok
Ek1.7e-3,0.0017,0.2,6,640.197,55.23,True,0.0,ok
Ek1.7e-3,0.0017,0.2,7,740.817,51.8731,True,9.33566e-14,ok
Ek1.7e-3,0.0017,0.2,8,880.022,48.1791,True,1.04694e-13,ok
Ek1.7e-3,0.0017,0.2,9,1060.21,44.6383,True,1.93568e-13,ok
Ek1.7e-3,0.0017,0.2,10,1284.8,41.4014,True,3.56814e-14,ok
Ek1.7e-3,0.0017,0.2,11,1557.93,38.4966,True,4.6275e-14,ok
Ek1.7e-3,0.0017,0.2,12,1884.32,35.907,True,2.2366e-13,ok
Ek1.7e-3,0.0017,0.2,13,2269.09,33.6015,True,2.03696e-13,ok
Ek1.7e-3,0.0017,0.2,14,2717.75,31.5463,True,3.79795e-14,ok
Ek1.7e-3,0.0017,0.2,15,3236.14,29.7091,True,1.04116e-13,ok
Ek1.7e-3,0.0017,0.3,1,356.613,-2.21911,True,4.97521e-14,ok
Ek1.7e-3,0.0017,0.3,2,304.052,-0.9198,True,6.23685e-14,ok
Ek1.7e-3,0.0017,0.3,3,337.523,16.6837,True,4.82854e-14,ok
Ek1.7e-3,0.0017,0.3,4,360.799,35.5955,True,1.49461e-13,ok
Ek1.7e-3,0.0017,0.3,5,384.722,43.8406,True,1.26697e-13,ok
Ek1.7e-3,0.0017,0.3,6,428.12,45.5468,True,1.15158e-13,ok
Ek1.7e-3,0.0017,0.3,7,495.273,44.391,True,4.78573e-14,ok
Ek1.7e-3,0.0017,0.3,8,587.891,42.1462,True,8.01162e-14,ok
Ek1.7e-3,0.0017,0.3,9,707.813,39.5916,True,5.98216e-14,ok
Ek1.7e-3,0.0017,0.3,10,857.364,37.0567,True,8.0992e-14,ok
Ek1.7e-3,0.0017,0.3,11,1039.31,34.6732,True,1.75185e-13,ok
Ek1.7e-3,0.0017,0.3,12,1256.79,32.4856,True,1.02518e-13,ok
Ek1.7e-3,0.0017,0.3,13,1513.21,30.4996,True,7.10021e-14,ok
Ek1.7e-3,0.0017,0.3,14,1812.25,28.7048,True,2.2298e-13,ok
Ek1.7e-3,0.0017,0.3,15,2157.79,27.0845,True,1.17074e-13,ok
Ek1.7e-3,0.0017,0.4,1,269.058,-1.75795,True,3.3967e-14,ok
Ek1.7e-3,0.0017,0.4,2,228.422,-0.723458,True,5.19487e-14,ok
Ek1.7e-3,0.0017,0.4,3,248.543,12.541,True,9.60362e-14,ok
Ek1.7e-3,0.0017,0.4,4,267.411,27.5008,True,2.09913e-14,ok
Ek1.7e-3,0.0017,0.4,5,288.124,35.8676,True,8.9268e-15,ok
Ek1.7e-3,0.0017,0.4,6,321.738,38.8099,True,4.18057e-14,ok
Ek1.7e-3,0.0017,0.4,7,372.339,38.8159,True,1.41138e-13,ok
Ek1.7e-3,0.0017,0.4,8,441.767,37.464,True,2.82433e-13,ok
Ek1.7e-3,0.0017,0.4,9,531.603,35.5734,True,3.51237e-14,ok
Ek1.7e-3,0.0017,0.4,10,643.657,33.5387,True,2.06837e-13,ok
Ek1.7e-3,0.0017,0.4,11,780.023,31.5414,True,1.96742e-13,ok
Ek1.7e-3,0.0017,0.4,12,943.05,29.6598,True,1.22083e-13,ok
Ek1.7e-3,0.0017,0.4,13,1135.3,27.9221,True,2.81314e-13,ok
Ek1.7e-3,0.0017,0.4,14,1359.53,26.3331,True,7.21745e-14,ok
Ek1.7e-3,0.0017,0.4,15,1618.63,24.8861,True,1.33218e-13,ok
Ek1.7e-3,0.0017,0.5,1,216.096,-1.45415,True,2.58237e-14,ok
Ek1.7e-3,0.0017,0.5,2,182.937,-0.595956,True,8.98241e-14,ok
Ek1.7e-3,0.0017,0.5,3,196.666,10.1264,True,2.98849e-14,ok
Ek1.7e-3,0.0017,0.5,4,212.168,22.5583,True,4.23724e-14,ok
Ek1.7e-3,0.0017,0.5,5,230.148,30.4327,True,1.15676e-13,ok
Ek1.7e-3,0.0017,0.5,6,257.765,33.8452,True,8.34592e-14,ok
Ek1.7e-3,0.0017,0.5,7,298.472,34.4995,True,2.47763e-14,ok
Ek1.7e-3,0.0017,0.5,8,354.029,33.724,True,5.12959e-14,ok
Ek1.7e-3,0.0017,0.5,9,425.843,32.2982,True,3.61925e-15,ok
Ek1.7e-3,0.0017,0.5,10,515.415,30.6319,True,1.36728e-13,ok
Ek1.7e-3,0.0017,0.5,11,624.439,28.929,True,1.16141e-14,ok
Ek1.7e-3,0.0017,0.5,12,754.802,27.2865,True,7.23293e-14,ok
Ek1.7e-3,0.0017,0.5,13,908.554,25.7465,True,1.97786e-13,ok
Ek1.7e-3,0.0017,0.5,14,1087.89,24.3234,True,8.21046e-15,ok
Ek1.7e-3,0.0017,0.5,15,1295.14,23.0177,True,1.1029e-14,ok
Ek1.7e-3,0.0017,0.6,1,180.583,-1.23933,True,2.74543e-14,ok
Ek1.7e-3,0.0017,0.6,2,152.564,-0.506568,True,1.01423e-13,ok
Ek1.7e-3,0.0017,0.6,3,162.682,8.51901,True,5.94224e-14,ok
Ek1.7e-3,0.0017,0.6,4,175.746,19.185,True,5.61869e-14,ok
Ek1.7e-3,0.0017,0.6,5,191.533,26.4721,True,3.4038e-14,ok
Ek1.7e-3,0.0017,0.6,6,215.045,30.0287,True,5.00555e-14,ok
Ek1.7e-3,0.0017,0.6,7,249.156,31.0567,True,9.70443e-14,ok
Ek1.7e-3,0.0017,0.6,8,295.485,30.6673,True,1.30518e-14,ok
Ek1.7e-3,0.0017,0.6,9,355.3,29.5772,True,1.69966e-13,ok
Ek1.7e-3,0.0017,0.6,10,429.896,28.1896,True,3.30841e-14,ok
Ek1.7e-3,0.0017,0.6,11,520.701,26.7166,True,1.28774e-13,ok
Ek1.7e-3,0.0017,0.6,12,629.292,25.2651,True,1.46166e-13,ok
Ek1.7e-3,0.0017,0.6,13,757.38,23.8855,True,2.37526e-14,ok
Ek1.7e-3,0.0017,0.6,14,906.795,22.5987,True,8.50491e-14,ok
Ek1.7e-3,0.0017,0.6,15,1079.48,21.4104,True,6.04356e-14,ok
Ek1.7e-3,0.0017,0.7,1,155.108,-1.07956,True,5.82254e-15,ok
Ek1.7e-3,0.0017,0.7,2,130.843,-0.440453,True,2.7655e-14,ok
Ek1.7e-3,0.0017,0.7,3,138.698,7.36372,True,1.65553e-14,ok
Ek1.7e-3,0.0017,0.7,4,149.953,16.7195,True,4.65528e-14,ok
Ek1.7e-3,0.0017,0.7,5,163.987,23.4481,True,2.67056e-14,ok
Ek1.7e-3,0.0017,0.7,6,184.491,26.9993,True,4.04655e-14,ok
Ek1.7e-3,0.0017,0.7,7,213.88,28.2453,True,9.41094e-14,ok
Ek1.7e-3,0.0017,0.7,8,253.627,28.1216,True,2.19498e-14,ok
Ek1.7e-3,0.0017,0.7,9,304.881,27.2804,True,1.18774e-13,ok
Ek1.7e-3,0.0017,0.7,10,368.788,26.1087,True,5.20299e-14,ok
Ek1.7e-3,0.0017,0.7,11,446.584,24.819,True,5.55649e-14,ok
Ek1.7e-3,0.0017,0.7,12,539.628,23.5227,True,4.99124e-14,ok
Ek1.7e-3,0.0017,0.7,13,649.388,22.2755,True,8.95195e-14,ok
Ek1.7e-3,0.0017,0.7,14,777.432,21.1025,True,3.708e-14,ok
Ek1.7e-3,0.0017,0.7,15,925.422,20.0129,True,6.39202e-14,ok
Ek1.7e-3,0.0017,0.8,1,135.937,-0.956139,True,4.30347e-14,ok
Ek1.7e-3,0.0017,0.8,2,114.538,-0.389581,True,4.44847e-14,ok
Ek1.7e-3,0.0017,0.8,3,120.868,6.49011,True,4.44261e-14,ok
Ek1.7e-3,0.0017,0.8,4,130.74,14.8314,True,0.0,ok
Ek1.7e-3,0.0017,0.8,5,143.353,21.0584,True,4.92338e-14,ok
Ek1.7e-3,0.0017,0.8,6,161.551,24.5339,True,5.84726e-14,ok
Ek1.7e-3,0.0017,0.8,7,187.388,25.9052,True,8.84745e-14,ok
Ek1.7e-3,0.0017,0.8,8,222.2,25.9683,True,1.40378e-14,ok
Ek1.7e-3,0.0017,0.8,9,267.041,25.3157,True,4.44702e-15,ok
Ek1.7e-3,0.0017,0.8,10,322.936,24.3144,True,1.72292e-13,ok
Ek1.7e-3,0.0017,0.8,11,390.981,23.1732,True,4.47141e-14,ok
Ek1.7e-3,0.0017,0.8,12,472.368,22.0053,True,4.36804e-14,ok
Ek1.7e-3,0.0017,0.8,13,568.383,20.8689,True,1.20878e-13,ok
Ek1.7e-3,0.0017,0.8,14,680.401,19.7922,True,1.60372e-13,ok
Ek1.7e-3,0.0017,0.8,15,809.874,18.7867,True,4.40821e-14,ok
Ek1.7e-3,0.0017,1.0,1,109.003,-0.778041,True,1.41135e-14,ok
Ek1.7e-3,0.0017,1.0,2,91.6877,-0.316448,True,2.66825e-15,ok
Ek1.7e-3,0.0017,1.0,3,96.1375,5.25237,True,1.22513e-14,ok
Ek1.7e-3,0.0017,1.0,4,104.045,12.1193,True,6.31881e-14,ok
Ek1.7e-3,0.0017,1.0,5,114.515,17.5136,True,4.68234e-14,ok
Ek1.7e-3,0.0017,1.0,6,129.394,20.7592,True,2.99028e-14,ok
Ek1.7e-3,0.0017,1.0,7,150.232,22.2305,True,7.5442e-14,ok
Ek1.7e-3,0.0017,1.0,8,178.139,22.5236,True,8.80045e-14,ok
Ek1.7e-3,0.0017,1.0,9,214.01,22.1302,True,4.41778e-14,ok
Ek1.7e-3,0.0017,1.0,10,258.699,21.3771,True,5.70771e-14,ok
Ek1.7e-3,0.0017,1.0,11,313.099,20.4603,True,8.71437e-14,ok
Ek1.7e-3,0.0017,1.0,12,378.173,19.4908,True,4.21765e-14,ok
Ek1.7e-3,0.0017,1.0,13,454.952,18.5289,True,6.43214e-14,ok
Ek1.7e-3,0.0017,1.0,14,544.538,17.6058,True,1.93572e-14,ok
Ek1.7e-3,0.0017,1.0,15,648.091,16.7359,True,3.30396e-14,ok
Ek1.7e-3,0.0017,1.2,1,90.9805,-0.655776,True,3.58082e-14,ok
Ek1.7e-3,0.0017,1.2,2,76.4391,-0.266417,True,1.13789e-14,ok
Ek1.7e-3,0.0017,1.2,3,79.8009,4.41497,True,4.59859e-14,ok
Ek1.7e-3,0.0017,1.2,4,86.3874,10.2579,True,2.33644e-14,ok
Ek1.7e-3,0.0017,1.2,5,95.3275,15.0036,True,9.37203e-15,ok
Ek1.7e-3,0.0017,1.2,6,107.927,18.0009,True,4.49687e-14,ok
Ek1.7e-3,0.0017,1.2,7,125.407,19.4747,True,1.579e-14,ok
Ek1.7e-3,0.0017,1.2,8,148.708,19.8888,True,5.76402e-14,ok
Ek1.7e-3,0.0017,1.2,9,178.605,19.6583,True,5.63123e-14,ok
Ek1.7e-3,0.0017,1.2,10,215.83,19.0739,True,7.57336e-15,ok
Ek1.7e-3,0.0017,1.2,11,261.141,18.3165,True,6.75105e-14,ok
Ek1.7e-3,0.0017,1.2,12,315.345,17.4923,True,4.03401e-14,ok
Ek1.7e-3,0.0017,1.2,13,379.306,16.661,True,9.43813e-14,ok
Ek1.7e-3,0.0017,1.2,14,453.94,15.8544,True,8.54651e-14,ok
Ek1.7e-3,0.0017,1.2,15,540.216,15.0887,True,6.95103e-14,ok
Ek1.7e-3,0.0017,1.4,1,78.0741,-0.566677,True,1.85389e-15,ok
Ek1.7e-3,0.0017,1.4,2,65.5397,-0.230039,True,4.32406e-15,ok
Ek1.7e-3,0.0017,1.4,3,68.2068,3.80955,True,0.0,ok
Ek1.7e-3,0.0017,1.4,4,73.8468,8.89772,True,1.31843e-14,ok
Ek1.7e-3,0.0017,1.4,5,81.6434,13.1295,True,1.67462e-14,ok
Ek1.7e-3,0.0017,1.4,6,92.5753,15.8949,True,5.25928e-15,ok
Ek1.7e-3,0.0017,1.4,7,107.641,17.33,True,2.91752e-14,ok
Ek1.7e-3,0.0017,1.4,8,127.648,17.8077,True,1.10021e-14,ok
Ek1.7e-3,0.0017,1.4,9,153.28,17.6842,True,3.038e-14,ok
Ek1.7e-3,0.0017,1.4,10,185.179,17.2191,True,6.5836e-14,ok
Ek1.7e-3,0.0017,1.4,11,224.002,16.5795,True,2.67031e-14,ok
Ek1.7e-3,0.0017,1.4,12,270.446,15.8656,True,1.22265e-14,ok
Ek1.7e-3,0.0017,1.4,13,325.253,15.1352,True,2.54323e-14,ok
Ek1.7e-3,0.0017,1.4,14,389.21,14.4201,True,0.0,ok
Ek1.7e-3,0.0017,1.4,15,463.148,13.7368,True,4.71374e-14,ok
Ek1.7e-3,0.0017,1.6,1,68.3754,-0.498872,True,2.97304e-14,ok
Ek1.7e-3,0.0017,1.6,2,57.3608,-0.202399,True,1.117e-14,ok
Ek1.7e-3,0.0017,1.6,3,59.5525,3.35097,True,1.99467e-14,ok
Ek1.7e-3,0.0017,1.6,4,64.4821,7.85888,True,2.31423e-14,ok
Ek1.7e-3,0.0017,1.6,5,71.3932,11.6752,True,2.64837e-14,ok
Ek1.7e-3,0.0017,1.6,6,81.0512,14.233,True,2.81133e-14,ok
Ek1.7e-3,0.0017,1.6,7,94.2936,15.6127,True,1.69141e-14,ok
Ek1.7e-3,0.0017,1.6,8,111.828,16.1219,True,1.62318e-14,ok
Ek1.7e-3,0.0017,1.6,9,134.262,16.0709,True,1.07528e-14,ok
Ek1.7e-3,0.0017,1.6,10,162.168,15.6935,True,7.00668e-14,ok
Ek1.7e-3,0.0017,1.6,11,196.128,15.1436,True,5.25127e-14,ok
Ek1.7e-3,0.0017,1.6,12,236.755,14.5158,True,6.43321e-14,ok
Ek1.7e-3,0.0017,1.6,13,284.699,13.8655,True,8.53767e-14,ok
Ek1.7e-3,0.0017,1.6,14,340.65,13.2237,True,3.39747e-14,ok
Ek1.7e-3,0.0017,1.6,15,405.336,12.6073,True,3.30866e-14,ok
Ek1.7e-3,0.0017,1.8,1,60.8205,-0.445547,True,1.44578e-14,ok
Ek1.7e-3,0.0017,1.8,2,50.9968,-0.180686,True,9.59796e-15,ok
Ek1.7e-3,0.0017,1.8,3,52.8461,2.99138,True,3.97386e-15,ok
Ek1.7e-3,0.0017,1.8,4,57.2234,7.03885,True,2.6128e-14,ok
Ek1.7e-3,0.0017,1.8,5,63.4288,10.513,True,1.68721e-14,ok
Ek1.7e-3,0.0017,1.8,6,72.081,12.8875,True,5.30133e-14,ok
Ek1.7e-3,0.0017,1.8,7,83.8975,14.2064,True,5.04148e-14,ok
Ek1.7e-3,0.0017,1.8,8,99.5057,14.7285,True,1.80629e-14,ok
Ek1.7e-3,0.0017,1.8,9,119.453,14.7278,True,0.0,ok
Ek1.7e-3,0.0017,1.8,10,144.255,14.4164,True,5.7685e-14,ok
Ek1.7e-3,0.0017,1.8,11,174.435,13.9368,True,6.73882e-14,ok
Ek1.7e-3,0.0017,1.8,12,210.538,13.3778,True,2.98037e-14,ok
Ek1.7e-3,0.0017,1.8,13,253.146,12.7923,True,4.54203e-14,ok
Ek1.7e-3,0.0017,1.8,14,302.872,12.2107,True,3.3107e-14,ok
Ek1.7e-3,0.0017,1.8,15,360.363,11.6493,True,1.29949e-13,ok
Ek1.7e-3,0.0017,2.0,1,54.7692,-0.402515,True,3.11546e-14,ok
Ek1.7e-3,0.0017,2.0,2,45.904,-0.16318,True,1.09737e-14,ok
Ek1.7e-3,0.0017,2.0,3,47.4968,2.70174,True,2.14755e-14,ok
Ek1.7e-3,0.0017,2.0,4,51.4325,6.37471,True,1.57906e-14,ok
Ek1.7e-3,0.0017,2.0,5,57.0627,9.56254,True,3.17254e-14,ok
Ek1.7e-3,0.0017,2.0,6,64.9,11.7755,True,4.42599e-14,ok
Ek1.7e-3,0.0017,2.0,7,75.5699,13.0332,True,0.0,ok
Ek1.7e-3,0.0017,2.0,8,89.6351,13.5572,True,2.80579e-14,ok
Ek1.7e-3,0.0017,2.0,9,107.593,13.5921,True,2.56387e-14,ok
Ek1.7e-3,0.0017,2.0,10,129.913,13.3316,True,5.17972e-14,ok
Ek1.7e-3,0.0017,2.0,11,157.069,12.9081,True,2.31231e-14,ok
Ek1.7e-3,0.0017,2.0,12,189.555,12.4053,True,1.92209e-14,ok
Ek1.7e-3,0.0017,2.0,13,227.895,11.8734,True,6.84761e-14,ok
Ek1.7e-3,0.0017,2.0,14,272.642,11.3418,True,4.99856e-14,ok
Ek1.7e-3,0.0017,2.0,15,324.378,10.8267,True,1.08991e-13,ok
Ek1.7e-3,0.0017,2.2,1,49.8133,-0.367059,True,9.57328e-16,ok
Ek1.7e-3,0.0017,2.2,2,41.7361,-0.148765,True,2.51799e-14,ok
Ek1.7e-3,0.0017,2.2,3,43.1305,2.4634,True,1.38112e-14,ok
Ek1.7e-3,0.0017,2.2,4,46.7053,5.82568,True,4.70991e-15,ok
Ek1.7e-3,0.0017,2.2,5,51.8576,8.77048,True,1.4945e-14,ok
Ek1.7e-3,0.0017,2.2,6,59.0212,10.841,True,3.26203e-14,ok
Ek1.7e-3,0.0017,2.2,7,68.7488,12.0395,True,5.23014e-14,ok
Ek1.7e-3,0.0017,2.2,8,81.5497,12.5589,True,4.37774e-15,ok
Ek1.7e-3,0.0017,2.2,9,97.8798,12.6193,True,6.40894e-14,ok
Ek1.7e-3,0.0017,2.2,10,118.17,12.3988,True,6.18698e-14,ok
Ek1.7e-3,0.0017,2.2,11,142.853,12.021,True,4.01077e-14,ok
Ek1.7e-3,0.0017,2.2,12,172.38,11.5646,True,5.56801e-15,ok
Ek1.7e-3,0.0017,2.2,13,207.23,11.0777,True,5.96054e-14,ok
Ek1.7e-3,0.0017,2.2,14,247.903,10.5884,True,7.00157e-14,ok
Ek1.7e-3,0.0017,2.2,15,294.931,10.1126,True,4.96726e-14,ok
Ek1.7e-3,0.0017,2.4,1,45.68,-0.33734,True,5.00314e-15,ok
Ek1.7e-3,0.0017,2.4,2,38.262,-0.13669,True,9.12724e-16,ok
Ek1.7e-3,0.0017,2.4,3,39.4992,2.2638,True,1.16638e-14,ok
Ek1.7e-3,0.0017,2.4,4,42.7734,5.3641,True,7.18763e-15,ok
Ek1.7e-3,0.0017,2.4,5,47.5226,8.10013,True,5.46331e-15,ok
Ek1.7e-3,0.0017,2.4,6,54.1196,10.0443,True,1.96016e-14,ok
Ek1.7e-3,0.0017,2.4,7,63.0588,11.187,True,5.2104e-15,ok
Ek1.7e-3,0.0017,2.4,8,74.8049,11.6977,True,4.55754e-14,ok
Ek1.7e-3,0.0017,2.4,9,89.7782,11.7765,True,2.50205e-14,ok
Ek1.7e-3,0.0017,2.4,10,108.376,11.5881,True,1.49085e-14,ok
Ek1.7e-3,0.0017,2.4,11,130.999,11.2479,True,8.7788e-14,ok
Ek1.7e-3,0.0017,2.4,12,158.062,10.8306,True,2.76742e-14,ok
Ek1.7e-3,0.0017,2.4,13,190.003,10.3819,True,7.17985e-14,ok
Ek1.7e-3,0.0017,2.4,14,227.283,9.92888,True,4.51476e-14,ok
Ek1.7e-3,0.0017,2.4,15,270.388,9.48691,True,6.99453e-14,ok
Ek1.7e-3,0.0017,2.6,1,42.1801,-0.312072,True,2.08462e-14,ok
Ek1.7e-3,0.0017,2.6,2,35.3219,-0.126428,True,5.57932e-15,ok
Ek1.7e-3,0.0017,2.6,3,36.4317,2.09418,True,7.54695e-15,ok
Ek1.7e-3,0.0017,2.6,4,39.4519,4.97054,True,6.17164e-15,ok
Ek1.7e-3,0.0017,2.6,5,43.8563,7.52535,True,9.43094e-15,ok
Ek1.7e-3,0.0017,2.6,6,49.9703,9.35713,True,1.09357e-14,ok
Ek1.7e-3,0.0017,2.6,7,58.2399,10.4475,True,1.36329e-14,ok
Ek1.7e-3,0.0017,2.6,8,69.0923,10.9472,True,3.15994e-14,ok
Ek1.7e-3,0.0017,2.6,9,82.9173,11.0393,True,1.86037e-14,ok
Ek1.7e-3,0.0017,2.6,10,100.085,10.8769,True,1.64184e-14,ok
Ek1.7e-3,0.0017,2.6,11,120.965,10.5683,True,1.86001e-14,ok
Ek1.7e-3,0.0017,2.6,12,145.943,10.1843,True,2.73485e-14,ok
Ek1.7e-3,0.0017,2.6,13,175.423,9.76838,True,4.10513e-14,ok
Ek1.7e-3,0.0017,2.6,14,209.832,9.34669,True,6.78928e-14,ok
Ek1.7e-3,0.0017,2.6,15,249.617,8.93412,True,6.86776e-14,ok
Ek1.7e-3,0.0017,2.8,1,39.1783,-0.290325,True,2.01382e-14,ok
Ek1.7e-3,0.0017,2.8,2,32.8014,-0.117599,True,1.9088e-14,ok
Ek1.7e-3,0.0017,2.8,3,33.8062,1.94826,True,0.0,ok
Ek1.7e-3,0.0017,2.8,4,36.6088,4.63097,True,8.92864e-15,ok
Ek1.7e-3,0.0017,2.8,5,40.7152,7.02699,True,1.23348e-14,ok
Ek1.7e-3,0.0017,2.8,6,46.4122,8.75818,True,1.49031e-14,ok
Ek1.7e-3,0.0017,2.8,7,54.106,9.79992,True,2.53232e-14,ok
Ek1.7e-3,0.0017,2.8,8,64.1916,10.2873,True,0.0,ok
Ek1.7e-3,0.0017,2.8,9,77.0322,10.3891,True,2.54639e-14,ok
Ek1.7e-3,0.0017,2.8,10,92.9731,10.248,True,8.74483e-15,ok
Ek1.7e-3,0.0017,2.8,11,112.36,9.96623,True,3.58389e-14,ok
Ek1.7e-3,0.0017,2.8,12,135.551,9.61075,True,1.15366e-14,ok
Ek1.7e-3,0.0017,2.8,13,162.922,9.22333,True,8.50019e-14,ok
Ek1.7e-3,0.0017,2.8,14,194.87,8.82899,True,1.51451e-14,ok
Ek1.7e-3,0.0017,2.8,15,231.812,8.4422,True,1.68144e-14,ok
Ek1.7e-3,0.0017,3.0,1,36.5755,-0.27141,True,4.5144e-15,ok
Ek1.7e-3,0.0017,3.0,2,30.6166,-0.109923,True,1.15045e-14,ok
Ek1.7e-3,0.0017,3.0,3,31.5336,1.82138,True,1.0681e-14,ok
Ek1.7e-3,0.0017,3.0,4,34.1479,4.33495,True,5.21577e-16,ok
Ek1.7e-3,0.0017,3.0,5,37.9939,6.59073,True,8.43947e-15,ok
Ek1.7e-3,0.0017,3.0,6,43.3274,8.23147,True,2.3508e-14,ok
Ek1.7e-3,0.0017,3.0,7,50.5207,9.22805,True,3.54537e-15,ok
Ek1.7e-3,0.0017,3.0,8,59.941,9.70254,True,2.09031e-14,ok
Ek1.7e-3,0.0017,3.0,9,71.9283,9.81126,True,4.00766e-14,ok
Ek1.7e-3,0.0017,3.0,10,86.8064,9.68791,True,2.08401e-14,ok
Ek1.7e-3,0.0017,3.0,11,104.899,9.42904,True,4.81193e-14,ok
Ek1.7e-3,0.0017,3.0,12,126.542,9.09839,True,8.04169e-15,ok
Ek1.7e-3,0.0017,3.0,13,152.086,8.7359,True,3.49502e-14,ok
Ek1.7e-3,0.0017,3.0,14,181.902,8.36564,True,1.94245e-14,ok
Ek1.7e-3,0.0017,3.0,15,216.378,8.00163,True,1.77708e-14,ok
Ek1.7e-3,0.0017,3.2,1,34.297,-0.254808,True,1.04954e-14,ok
Ek1.7e-3,0.0017,3.2,2,28.7048,-0.103187,True,6.96026e-15,ok
Ek1.7e-3,0.0017,3.2,3,29.5472,1.71004,True,6.16846e-15,ok
Ek1.7e-3,0.0017,3.2,4,31.9968,4.07459,True,1.15202e-14,ok
Ek1.7e-3,0.0017,3.2,5,35.6136,6.2056,True,2.24459e-14,ok
Ek1.7e-3,0.0017,3.2,6,40.6273,7.76466,True,1.58971e-14,ok
Ek1.7e-3,0.0017,3.2,7,47.3815,8.71934,True,1.2661e-14,ok
Ek1.7e-3,0.0017,3.2,8,56.2191,9.18075,True,2.57335e-14,ok
Ek1.7e-3,0.0017,3.2,9,67.4596,9.29435,True,1.55848e-14,ok
Ek1.7e-3,0.0017,3.2,10,81.4078,9.18588,True,1.63942e-14,ok
Ek1.7e-3,0.0017,3.2,11,98.3685,8.94681,True,1.77736e-14,ok
Ek1.7e-3,0.0017,3.2,12,118.657,8.6379,True,7.24827e-15,ok
Ek1.7e-3,0.0017,3.2,13,142.602,8.2974,True,2.77078e-14,ok
Ek1.7e-3,0.0017,3.2,14,170.552,7.9485,True,4.03319e-14,ok
Ek1.7e-3,0.0017,3.2,15,202.872,7.60476,True,8.34688e-14,ok
Ek1.7e-3,0.0017,3.4,1,32.2857,-0.24012,True,1.88454e-14,ok
Ek1.7e-3,0.0017,3.4,2,27.0176,-0.0972286,True,5.17212e-15,ok
Ek1.7e-3,0.0017,3.4,3,27.7963,1.61155,True,1.67234e-14,ok
Ek1.7e-3,0.0017,3.4,4,30.1007,3.8438,True,1.23025e-14,ok
Ek1.7e-3,0.0017,3.4,5,33.5139,5.86311,True,1.81284e-14,ok
Ek1.7e-3,0.0017,3.4,6,38.2442,7.34806,True,1.79836e-14,ok
Ek1.7e-3,0.0017,3.4,7,44.61,8.26387,True,1.4216e-14,ok
Ek1.7e-3,0.0017,3.4,8,52.9329,8.71228,True,1.79074e-14,ok
Ek1.7e-3,0.0017,3.4,9,63.5143,8.82921,True,3.24553e-14,ok
Ek1.7e-3,0.0017,3.4,10,76.6421,8.73333,True,2.54034e-14,ok
Ek1.7e-3,0.0017,3.4,11,92.6041,8.51152,True,3.71994e-14,ok
Ek1.7e-3,0.0017,3.4,12,111.697,8.22178,True,1.97002e-14,ok
Ek1.7e-3,0.0017,3.4,13,134.232,7.90082,True,7.79664e-15,ok
Ek1.7e-3,0.0017,3.4,14,160.537,7.57099,True,0.0,ok
Ek1.7e-3,0.0017,3.4,15,190.953,7.2454,True,2.03987e-14,ok
Ek1.7e-3,0.0017,3.6,1,30.4973,-0.227032,True,1.91818e-14,ok
Ek1.7e-3,0.0017,3.6,2,25.5178,-0.0919209,True,1.15121e-14,ok
Ek1.7e-3,0.0017,3.6,3,26.2412,1.52379,True,1.80451e-15,ok
Ek1.7e-3,0.0017,3.6,4,28.4166,3.63781,True,5.87692e-15,ok
Ek1.7e-3,0.0017,3.6,5,31.648,5.55652,True,2.22807e-14,ok
Ek1.7e-3,0.0017,3.6,6,36.1252,6.97396,True,5.39969e-15,ok
Ek1.7e-3,0.0017,3.6,7,42.145,7.85369,True,1.88317e-14,ok
Ek1.7e-3,0.0017,3.6,8,50.0101,8.28933,True,2.00253e-14,ok
Ek1.7e-3,0.0017,3.6,9,60.0055,8.40844,True,3.04167e-14,ok
Ek1.7e-3,0.0017,3.6,10,72.404,8.3233,True,2.7881e-14,ok
Ek1.7e-3,0.0017,3.6,11,87.4784,8.11662,True,1.64567e-14,ok
Ek1.7e-3,0.0017,3.6,12,105.509,7.84392,True,3.07389e-14,ok
Ek1.7e-3,0.0017,3.6,13,126.791,7.54043,True,2.05157e-14,ok
Ek1.7e-3,0.0017,3.6,14,151.633,7.22771,True,5.94477e-14,ok
Ek1.7e-3,0.0017,3.6,15,180.358,6.91847,True,5.31411e-14,ok
Ek1.7e-3,0.0017,3.8,1,28.8966,-0.215298,True,2.21905e-14,ok
Ek1.7e-3,0.0017,3.8,2,24.1757,-0.0871627,True,1.03106e-14,ok
Ek1.7e-3,0.0017,3.8,3,24.8509,1.44511,True,5.33261e-15,ok
Ek1.7e-3,0.0017,3.8,4,26.911,3.45281,True,5.29438e-15,ok
Ek1.7e-3,0.0017,3.8,5,29.9789,5.28046,True,1.62522e-14,ok
Ek1.7e-3,0.0017,3.8,6,34.2288,6.63617,True,4.88928e-15,ok
Ek1.7e-3,0.0017,3.8,7,39.9384,7.48235,True,1.63161e-14,ok
Ek1.7e-3,0.0017,3.8,8,47.3935,7.90558,True,2.60201e-15,ok
Ek1.7e-3,0.0017,3.8,9,56.8644,8.02597,True,1.69851e-14,ok
Ek1.7e-3,0.0017,3.8,10,68.6106,7.95005,True,3.5962e-14,ok
Ek1.7e-3,0.0017,3.8,11,82.8908,7.75675,True,2.50496e-14,ok
Ek1.7e-3,0.0017,3.8,12,99.9716,7.49926,True,5.46331e-14,ok
Ek1.7e-3,0.0017,3.8,13,120.132,7.21148,True,4.18598e-14,ok
Ek1.7e-3,0.0017,3.8,14,143.665,6.91421,True,2.12303e-14,ok
Ek1.7e-3,0.0017,3.8,15,170.877,6.61977,True,2.06769e-14,ok
Ek1.7e-3,0.0017,4.0,1,27.4556,-0.204716,True,4.76447e-15,ok
Ek1.7e-3,0.0017,4.0,2,22.9678,-0.0828729,True,7.51512e-15,ok
Ek1.7e-3,0.0017,4.0,3,23.6004,1.37416,True,1.42559e-14,ok
Ek1.7e-3,0.0017,4.0,4,25.5568,3.28574,True,2.99652e-15,ok
Ek1.7e-3,0.0017,4.0,5,28.4771,5.03058,True,5.61922e-15,ok
Ek1.7e-3,0.0017,4.0,6,32.5217,6.32964,True,1.66801e-14,ok
Ek1.7e-3,0.0017,4.0,7,37.9516,7.14457,True,5.66712e-15,ok
Ek1.7e-3,0.0017,4.0,8,45.0373,7.55582,True,2.13918e-14,ok
Ek1.7e-3,0.0017,4.0,9,54.0362,7.67679,True,1.14501e-14,ok
Ek1.7e-3,0.0017,4.0,10,65.1952,7.60885,True,1.6069e-14,ok
Ek1.7e-3,0.0017,4.0,11,78.7607,7.42745,True,4.59357e-15,ok
Ek1.7e-3,0.0017,4.0,12,94.9866,7.18363,True,2.86462e-15,ok
Ek1.7e-3,0.0017,4.0,13,114.138,6.91004,True,4.77104e-14,ok
Ek1.7e-3,0.0017,4.0,14,136.493,6.62678,True,2.31584e-14,ok
Ek1.7e-3,0.0017,4.0,15,162.343,6.3458,True,3.35308e-14,ok
Ek1.7e-3,0.0017,5.0,1,21.9761,-0.164331,True,1.00018e-14,ok
Ek1.7e-3,0.0017,5.0,2,18.3768,-0.0665064,True,9.3577e-15,ok
Ek1.7e-3,0.0017,5.0,3,18.8563,1.10338,True,5.27136e-15,ok
Ek1.7e-3,0.0017,5.0,4,20.4191,2.6459,True,5.82932e-15,ok
Ek1.7e-3,0.0017,5.0,5,22.7727,4.06838,True,4.59402e-15,ok
Ek1.7e-3,0.0017,5.0,6,26.0309,5.14241,True,1.76155e-14,ok
Ek1.7e-3,0.0017,5.0,7,30.393,5.82919,True,5.65872e-15,ok
Ek1.7e-3,0.0017,5.0,8,36.0728,6.18733,True,2.2314e-14,ok
Ek1.7e-3,0.0017,5.0,9,43.2769,6.30534,True,1.98628e-14,ok
Ek1.7e-3,0.0017,5.0,10,52.2047,6.26462,True,3.26784e-14,ok
Ek1.7e-3,0.0017,5.0,11,63.0553,6.12693,True,3.22996e-14,ok
Ek1.7e-3,0.0017,5.0,12,76.0329,5.93472,True,2.73721e-14,ok
Ek1.7e-3,0.0017,5.0,13,91.3503,5.71549,True,9.06687e-15,ok
Ek1.7e-3,0.0017,5.0,14,109.231,5.4864,True,2.75702e-14,ok
Ek1.7e-3,0.0017,5.0,15,129.908,5.25778,True,1.99493e-14,ok
Ek1.7e-3,0.0017,6.0,1,18.3199,-0.137254,True,9.36996e-16,ok
Ek1.7e-3,0.0017,6.0,2,15.3155,-0.0555381,True,1.23829e-15,ok
Ek1.7e-3,0.0017,6.0,3,15.7001,0.921782,True,1.88667e-15,ok
Ek1.7e-3,0.0017,6.0,4,17.0011,2.21479,True,5.99059e-15,ok
Ek1.7e-3,0.0017,6.0,5,18.9723,3.41542,True,1.29509e-15,ok
Ek1.7e-3,0.0017,6.0,6,21.7003,4.33048,True,8.32804e-15,ok
Ek1.7e-3,0.0017,6.0,7,25.3462,4.92308,True,2.69082e-15,ok
Ek1.7e-3,0.0017,6.0,8,30.086,5.23871,True,6.0938e-15,ok
Ek1.7e-3,0.0017,6.0,9,36.0925,5.34974,True,6.35485e-15,ok
Ek1.7e-3,0.0017,6.0,10,43.5329,5.32409,True,1.80954e-14,ok
Ek1.7e-3,0.0017,6.0,11,52.5741,5.21401,True,1.13184e-14,ok
Ek1.7e-3,0.0017,6.0,12,63.387,5.05577,True,2.12836e-14,ok
Ek1.7e-3,0.0017,6.0,13,76.1494,4.87309,True,2.63645e-15,ok
Ek1.7e-3,0.0017,6.0,14,91.0476,4.68089,True,2.61503e-14,ok
Ek1.7e-3,0.0017,6.0,15,108.276,4.48825,True,3.13107e-14,ok
Ek1.7e-3,0.0017,7.0,1,15.7068,-0.117837,True,8.485e-15,ok
Ek1.7e-3,0.0017,7.0,2,13.1284,-0.0476753,True,5.98365e-15,ok
Ek1.7e-3,0.0017,7.0,3,13.449,0.79153,True,1.25204e-15,ok
Ek1.7e-3,0.0017,7.0,4,14.5633,1.90456,True,2.81901e-15,ok
Ek1.7e-3,0.0017,7.0,5,16.259,2.94319,True,1.58683e-14,ok
Ek1.7e-3,0.0017,7.0,6,18.6053,3.7401,True,1.47537e-14,ok
Ek1.7e-3,0.0017,7.0,7,21.7371,4.26087,True,0.0,ok
Ek1.7e-3,0.0017,7.0,8,25.8042,4.54236,True,1.71805e-15,ok
Ek1.7e-3,0.0017,7.0,9,30.9547,4.64571,True,2.99519e-15,ok
Ek1.7e-3,0.0017,7.0,10,37.3326,4.62914,True,2.37909e-14,ok
Ek1.7e-3,0.0017,7.0,11,45.0817,4.53788,True,1.42888e-14,ok
Ek1.7e-3,0.0017,7.0,12,54.3488,4.40359,True,9.14985e-15,ok
Ek1.7e-3,0.0017,7.0,13,65.2867,4.24712,True,9.01179e-15,ok
Ek1.7e-3,0.0017,7.0,14,78.0551,4.08164,True,9.71042e-15,ok
Ek1.7e-3,0.0017,7.0,15,92.8214,3.91522,True,8.93476e-15,ok
Ek1.7e-3,0.0017,8.0,1,13.7461,-0.103233,True,1.21913e-14,ok
Ek1.7e-3,0.0017,8.0,2,11.4879,-0.0417628,True,1.61106e-16,ok
Ek1.7e-3,0.0017,8.0,3,11.7625,0.693539,True,2.88367e-15,ok
Ek1.7e-3,0.0017,8.0,4,12.7369,1.67059,True,1.2394e-15,ok
Ek1.7e-3,0.0017,8.0,5,14.2246,2.58573,True,7.79411e-15,ok
Ek1.7e-3,0.0017,8.0,6,16.283,3.29145,True,0.0,ok
Ek1.7e-3,0.0017,8.0,7,19.028,3.75574,True,2.34906e-15,ok
Ek1.7e-3,0.0017,8.0,8,22.5897,4.00946,True,0.0,ok
Ek1.7e-3,0.0017,8.0,9,27.0978,4.10546,True,1.16954e-14,ok
Ek1.7e-3,0.0017,8.0,10,32.6788,4.09468,True,1.6753e-14,ok
Ek1.7e-3,0.0017,8.0,11,39.4588,4.01699,True,7.61378e-15,ok
Ek1.7e-3,0.0017,8.0,12,47.5668,3.90046,True,7.17844e-15,ok
Ek1.7e-3,0.0017,8.0,13,57.1366,3.76366,True,1.41538e-14,ok
Ek1.7e-3,0.0017,8.0,14,68.3081,3.6184,True,4.36079e-15,ok
Ek1.7e-3,0.0017,8.0,15,81.2277,3.47195,True,2.20822e-14,ok
Ek1.7e-3,0.0017,9.0,1,12.2205,-0.0918491,True,4.03118e-15,ok
Ek1.7e-3,0.0017,9.0,2,10.2119,-0.0371549,True,8.72997e-15,ok
Ek1.7e-3,0.0017,9.0,3,10.4518,0.617142,True,9.38714e-15,ok
Ek1.7e-3,0.0017,9.0,4,11.3175,1.48784,True,3.44071e-15,ok
Ek1.7e-3,0.0017,9.0,5,12.6427,2.30573,True,2.65607e-15,ok
Ek1.7e-3,0.0017,9.0,6,14.4762,2.93894,True,7.67152e-15,ok
Ek1.7e-3,0.0017,9.0,7,16.9194,3.35772,True,4.38093e-15,ok
Ek1.7e-3,0.0017,9.0,8,20.0875,3.58848,True,0.0,ok
Ek1.7e-3,0.0017,9.0,9,24.0957,3.67778,True,3.75424e-15,ok
Ek1.7e-3,0.0017,9.0,10,29.0569,3.67087,True,1.94487e-14,ok
Ek1.7e-3,0.0017,9.0,11,35.0834,3.60337,True,9.37004e-15,ok
Ek1.7e-3,0.0017,9.0,12,42.29,3.50051,True,4.08125e-15,ok
Ek1.7e-3,0.0017,9.0,13,50.7958,3.37902,True,9.50721e-15,ok
Ek1.7e-3,0.0017,9.0,14,60.7254,3.2496,True,3.51715e-15,ok
Ek1.7e-3,0.0017,9.0,15,72.2088,3.11884,True,5.39967e-15,ok
Ek1.7e-3,0.0017,10.0,1,10.9998,-0.0827267,True,2.63804e-15,ok
Ek1.7e-3,0.0017,10.0,2,9.19101,-0.0334628,True,3.07911e-15,ok
Ek1.7e-3,0.0017,10.0,3,9.40386,0.555908,True,1.23515e-15,ok
Ek1.7e-3,0.0017,10.0,4,10.1827,1.34113,True,2.39627e-15,ok
Ek1.7e-3,0.0017,10.0,5,11.3774,2.08046,True,2.40271e-15,ok
Ek1.7e-3,0.0017,10.0,6,13.0303,2.65465,True,5.08555e-15,ok
Ek1.7e-3,0.0017,10.0,7,15.2316,3.03599,True,3.06995e-15,ok
Ek1.7e-3,0.0017,10.0,8,18.0844,3.24752,True,8.1962e-15,ok
Ek1.7e-3,0.0017,10.0,9,21.6926,3.33081,True,5.54272e-15,ok
Ek1.7e-3,0.0017,10.0,10,26.1579,3.32656,True,7.98572e-15,ok
Ek1.7e-3,0.0017,10.0,11,31.5816,3.26698,True,2.07368e-14,ok
Ek1.7e-3,0.0017,10.0,12,38.0671,3.17495,True,1.67871e-15,ok
Ek1.7e-3,0.0017,10.0,13,45.7219,3.06571,True,2.03473e-14,ok
Ek1.7e-3,0.0017,10.0,14,54.6581,2.94902,True,1.93106e-15,ok
Ek1.7e-3,0.0017,10.0,15,64.9927,2.83093,True,1.95745e-14,ok
Ek1.7e-3,0.0017,20.0,1,5.50287,-0.0415042,True,3.69029e-15,ok
Ek1.7e-3,0.0017,20.0,2,4.59616,-0.0167842,True,7.28602e-16,ok
Ek1.7e-3,0.0017,20.0,3,4.6958,0.279054,True,1.34869e-15,ok
Ek1.7e-3,0.0017,20.0,4,5.08456,0.675348,True,3.0382e-16,ok
Ek1.7e-3,0.0017,20.0,5,5.68649,1.05244,True,1.22972e-16,ok
Ek1.7e-3,0.0017,20.0,6,6.51929,1.34949,True,3.03277e-15,ok
Ek1.7e-3,0.0017,20.0,7,7.62548,1.55051,True,2.40216e-15,ok
Ek1.7e-3,0.0017,20.0,8,9.05566,1.66534,True,4.00275e-15,ok
Ek1.7e-3,0.0017,20.0,9,10.8617,1.71394,True,1.95682e-15,ok
Ek1.7e-3,0.0017,20.0,10,13.0949,1.71657,True,9.15995e-15,ok
Ek1.7e-3,0.0017,20.0,11,15.8064,1.68966,True,0.0,ok
Ek1.7e-3,0.0017,20.0,12,19.0484,1.64504,True,3.60532e-15,ok
Ek1.7e-3,0.0017,20.0,13,22.8747,1.59075,True,6.46163e-15,ok
Ek1.7e-3,0.0017,20.0,14,27.3416,1.53199,True,1.30285e-14,ok
Ek1.7e-3,0.0017,20.0,15,32.5079,1.47203,True,5.53317e-15,ok
Ek1.7e-3,0.0017,40.0,1,2.75218,-0.0207874,True,9.76373e-16,ok
Ek1.7e-3,0.0017,40.0,2,2.29825,-0.00840531,True,8.03189e-17,ok
Ek1.7e-3,0.0017,40.0,3,2.34636,0.139808,True,1.77077e-15,ok
Ek1.7e-3,0.0017,40.0,4,2.54056,0.338901,True,1.32614e-15,ok
Ek1.7e-3,0.0017,40.0,5,2.84269,0.529358,True,6.22214e-16,ok
Ek1.7e-3,0.0017,40.0,6,3.26073,0.680462,True,5.14065e-16,ok
Ek1.7e-3,0.0017,40.0,7,3.81529,0.783681,True,1.3637e-15,ok
Ek1.7e-3,0.0017,40.0,8,4.5314,0.843492,True,1.42182e-15,ok
Ek1.7e-3,0.0017,40.0,9,5.43496,0.869656,True,3.35866e-16,ok
Ek1.7e-3,0.0017,40.0,10,6.55173,0.872271,True,5.7441e-15,ok
Ek1.7e-3,0.0017,40.0,11,7.90741,0.859612,True,4.7582e-15,ok
Ek1.7e-3,0.0017,40.0,12,9.52819,0.837712,True,4.67467e-15,ok
Ek1.7e-3,0.0017,40.0,13,11.4411,0.810686,True,4.37791e-15,ok
Ek1.7e-3,0.0017,40.0,14,13.6743,0.781224,True,3.65894e-15,ok
Ek1.7e-3,0.0017,40.0,15,16.2571,0.751025,True,1.25242e-15,ok
Ek1.7e-3,0.0017,60.0,1,1.83496,-0.0138661,True,8.6887e-16,ok
Ek1.7e-3,0.0017,60.0,2,1.5322,-0.00560649,True,3.75216e-16,ok
Ek1.7e-3,0.0017,60.0,3,1.5639,0.093268,True,3.70857e-16,ok
Ek1.7e-3,0.0017,60.0,4,1.69333,0.226209,True,4.99936e-16,ok
Ek1.7e-3,0.0017,60.0,5,1.895,0.353612,True,2.77647e-16,ok
Ek1.7e-3,0.0017,60.0,6,2.17406,0.45493,True,9.19095e-16,ok
Ek1.7e-3,0.0017,60.0,7,2.54411,0.524357,True,1.03787e-15,ok
Ek1.7e-3,0.0017,60.0,8,3.02175,0.564778,True,1.41653e-16,ok
Ek1.7e-3,0.0017,60.0,9,3.62425,0.582648,True,1.88449e-15,ok
Ek1.7e-3,0.0017,60.0,10,4.3688,0.584691,True,2.65681e-15,ok
Ek1.7e-3,0.0017,60.0,11,5.27258,0.576438,True,7.37811e-16,ok
Ek1.7e-3,0.0017,60.0,12,6.35305,0.561935,True,2.87472e-15,ok
Ek1.7e-3,0.0017,60.0,13,7.62826,0.543948,True,1.90526e-15,ok
Ek1.7e-3,0.0017,60.0,14,9.11697,0.52429,True,3.35696e-15,ok
Ek1.7e-3,0.0017,60.0,15,10.8388,0.50411,True,1.74925e-15,ok
Ek1.7e-3,0.0017,80.0,1,1.37628,-0.0104025,True,7.11995e-16,ok
Ek1.7e-3,0.0017,80.0,2,1.14916,-0.00420597,True,2.5208e-13,ok
Ek1.7e-3,0.0017,80.0,3,1.1728,0.0699747,True,6.0885e-16,ok
Ek1.7e-3,0.0017,80.0,4,1.26985,0.169761,True,1.02385e-16,ok
Ek1.7e-3,0.0017,80.0,5,1.4212,0.265475,True,2.50384e-16,ok
Ek1.7e-3,0.0017,80.0,6,1.63064,0.341684,True,7.77697e-16,ok
Ek1.7e-3,0.0017,80.0,7,1.9083,0.393986,True,1.37868e-16,ok
Ek1.7e-3,0.0017,80.0,8,2.26662,0.424508,True,8.00282e-16,ok
Ek1.7e-3,0.0017,80.0,9,2.71854,0.438073,True,4.26122e-16,ok
Ek1.7e-3,0.0017,80.0,10,3.27697,0.439719,True,2.57598e-16,ok
Ek1.7e-3,0.0017,80.0,11,3.9548,0.433601,True,1.00192e-15,ok
Ek1.7e-3,0.0017,80.0,12,4.76514,0.422761,True,1.03182e-15,ok
Ek1.7e-3,0.0017,80.0,13,5.72152,0.409283,True,1.47262e-11,ok
Ek1.7e-3,0.0017,80.0,14,6.83803,0.394534,True,8.29507e-16,ok
Ek1.7e-3,0.0017,80.0,15,8.12936,0.379381,True,1.59794e-15,ok
Ek1.7e-3,0.0017,100.0,1,1.10105,-0.00832342,True,9.65812e-16,ok
Ek1.7e-3,0.0017,100.0,2,0.919338,-0.00336531,True,4.34544e-16,ok
Ek1.7e-3,0.0017,100.0,3,0.938175,0.0559912,True,3.34134e-16,ok
Ek1.7e-3,0.0017,100.0,4,1.01581,0.135859,True,9.83618e-17,ok
Ek1.7e-3,0.0017,100.0,5,1.13694,0.212508,True,4.01098e-17,ok
Ek1.7e-3,0.0017,100.0,6,1.30456,0.273581,True,4.98578e-16,ok
Ek1.7e-3,0.0017,100.0,7,1.52675,0.315535,True,4.42145e-17,ok
Ek1.7e-3,0.0017,100.0,8,1.81344,0.340052,True,1.54058e-16,ok
Ek1.7e-3,0.0017,100.0,9,2.17501,0.350983,True,4.92361e-16,ok
Ek1.7e-3,0.0017,100.0,10,2.62176,0.352355,True,8.82165e-16,ok
Ek1.7e-3,0.0017,100.0,11,3.16402,0.347494,True,5.89872e-16,ok
Ek1.7e-3,0.0017,100.0,12,3.81228,0.33884,True,1.01974e-15,ok
Ek1.7e-3,0.0017,100.0,13,4.57737,0.328064,True,2.05521e-15,ok
Ek1.7e-3,0.0017,100.0,14,5.47057,0.316262,True,5.33023e-16,ok
Ek1.7e-3,0.0017,100.0,15,6.50362,0.304131,True,4.10764e-16,ok
Ek1.9e-3,0.0019,0.01,1,4297.0433161980045,388.15898322412914,True,0.00481311,ok
Ek1.9e-3,0.0019,0.01,2,5928.2234914256605,284.804,True,9.06843e-06,ok
Ek1.9e-3,0.0019,0.01,3,7551.210563289618,213.11799228104277,True,9.79748e-06,ok
Ek1.9e-3,0.0019,0.01,4,9577.429083550927,152.93501018276748,True,1.95179e-05,ok
Ek1.9e-3,0.0019,0.01,5,11374.000000894004,105.42999998658996,True,3.15092e-08,ok
Ek1.9e-3,0.0019,0.01,6,13169.6,80.8901,True,1.24744e-11,ok
Ek1.9e-3,0.0019,0.01,7,15587.3,67.6474,True,1.98459e-13,ok
Ek1.9e-3,0.0019,0.01,8,18803.8,58.9855,True,1.93139e-13,ok
Ek1.9e-3,0.0019,0.01,9,22907.3,52.6223,True,8.64653e-14,ok
Ek1.9e-3,0.0019,0.01,10,27986.5,47.6333,True,7.87193e-15,ok
Ek1.9e-3,0.0019,0.01,11,34140.4,43.5658,True,1.51453e-13,ok
Ek1.9e-3,0.0019,0.01,12,41477.3,40.1637,True,3.86168e-13,ok
Ek1.9e-3,0.0019,0.01,13,50114.4,37.2661,True,1.44547e-13,ok
Ek1.9e-3,0.0019,0.01,14,60176.0,34.7643,True,1.92879e-13,ok
Ek1.9e-3,0.0019,0.01,15,71793.3,32.5803,True,2.20964e-13,ok
Ek1.9e-3,0.0019,0.03,1,2111.077253059147,358.3460640266905,True,7.37768e-05,ok
Ek1.9e-3,0.0019,0.03,2,2309.3906006059883,256.1169746619349,True,2.50601e-05,ok
Ek1.9e-3,0.0019,0.03,3,2700.0899605863474,194.5350017930675,True,1.83576e-06,ok
Ek1.9e-3,0.0019,0.03,4,3309.6200277203025,137.83799837734813,True,1.74705e-06,ok
Ek1.9e-3,0.0019,0.03,5,3823.67,96.6115,True,5.34018e-09,ok
Ek1.9e-3,0.0019,0.03,6,4397.08,76.2863,True,6.61248e-12,ok
Ek1.9e-3,0.0019,0.03,7,5198.05,64.7582,True,2.25518e-13,ok
Ek1.9e-3,0.0019,0.03,8,6268.92,56.9089,True,1.12362e-13,ok
Ek1.9e-3,0.0019,0.03,9,7636.3,50.9988,True,2.43637e-13,ok
Ek1.9e-3,0.0019,0.03,10,9329.19,46.2938,True,1.71015e-13,ok
Ek1.9e-3,0.0019,0.03,11,11380.4,42.4199,True,1.37348e-13,ok
Ek1.9e-3,0.0019,0.03,12,13826.0,39.1582,True,4.78793e-14,ok
Ek1.9e-3,0.0019,0.03,13,16705.0,36.3674,True,2.98262e-13,ok
Ek1.9e-3,0.0019,0.03,14,20058.8,33.9496,True,1.39958e-13,ok
Ek1.9e-3,0.0019,0.03,15,23931.2,31.8338,True,4.92228e-14,ok
Ek1.9e-3,0.0019,0.05,1,1636.2299996033016,-148.82200001578408,True,1.88374e-08,ok
Ek1.9e-3,0.0019,0.05,2,1652.9900092855055,222.0099992487377,True,6.83129e-07,ok
Ek1.9e-3,0.0019,0.05,3,1753.7799976784877,174.94600023215122,True,1.2636e-07,ok
Ek1.9e-3,0.0019,0.05,4,2054.4699977720657,122.7730002227934,True,2.60802e-07,ok
Ek1.9e-3,0.0019,0.05,5,2310.06,88.799,True,1.55769e-09,ok
Ek1.9e-3,0.0019,0.05,6,2642.27,72.1492,True,4.38863e-12,ok
Ek1.9e-3,0.0019,0.05,7,3120.36,62.1022,True,3.34514e-13,ok
Ek1.9e-3,0.0019,0.05,8,3762.14,54.973,True,1.15333e-13,ok
Ek1.9e-3,0.0019,0.05,9,4582.28,49.4724,True,5.94407e-14,ok
Ek1.9e-3,0.0019,0.05,10,5597.86,45.0276,True,7.73766e-14,ok
Ek1.9e-3,0.0019,0.05,11,6828.49,41.3327,True,1.77816e-13,ok
Ek1.9e-3,0.0019,0.05,12,8295.79,38.2018,True,1.16454e-13,ok
Ek1.9e-3,0.0019,0.05,13,10023.2,35.5109,True,1.40002e-13,ok
Ek1.9e-3,0.0019,0.05,14,12035.4,33.1723,True,2.0616e-13,ok
Ek1.9e-3,0.0019,0.05,15,14358.8,31.1208,True,2.15051e-13,ok
Ek1.9e-3,0.0019,0.07,1,1637.7300375522204,194.57999772861416,True,2.91317e-06,ok
Ek1.9e-3,0.0019,0.07,2,1351.0200626260005,190.2429937374,True,6.04488e-06,ok
Ek1.9e-3,0.0019,0.07,3,1357.58,154.224,True,2.90905e-09,ok
Ek1.9e-3,0.0019,0.07,4,1509.7600004329445,108.30999993325442,True,8.4221e-08,ok
Ek1.9e-3,0.0019,0.07,5,1658.99,81.9458,True,2.86795e-11,ok
Ek1.9e-3,0.0019,0.07,6,1889.99,68.4207,True,8.44576e-13,ok
Ek1.9e-3,0.0019,0.07,7,2230.01,59.6534,True,3.08653e-13,ok
Ek1.9e-3,0.0019,0.07,8,2687.92,53.1642,True,1.66705e-13,ok
Ek1.9e-3,0.0019,0.07,9,3273.51,48.0346,True,1.76113e-13,ok
Ek1.9e-3,0.0019,0.07,10,3998.81,43.8288,True,1.66617e-13,ok
Ek1.9e-3,0.0019,0.07,11,4877.75,40.2999,True,1.12693e-14,ok
Ek1.9e-3,0.0019,0.07,12,5925.77,37.2911,True,1.44741e-14,ok
Ek1.9e-3,0.0019,0.07,13,7159.56,34.6939,True,2.3386e-13,ok
Ek1.9e-3,0.0019,0.07,14,8596.88,32.4297,True,2.11629e-13,ok
Ek1.9e-3,0.0019,0.07,15,10256.4,30.439,True,5.27187e-13,ok
Ek1.9e-3,0.0019,0.1,1,1018.960310682716,-118.8619844658642,True,2.26781e-05,ok
Ek1.9e-3,0.0019,0.1,2,1075.34,17.1786,True,7.84267e-13,ok
Ek1.9e-3,0.0019,0.1,3,1056.9099759806738,120.9810058956528,True,4.52149e-06,ok
Ek1.9e-3,0.0019,0.1,4,1087.19,89.2212,True,3.15032e-09,ok
Ek1.9e-3,0.0019,0.1,5,1168.13,73.2579,True,1.3583e-11,ok
Ek1.9e-3,0.0019,0.1,6,1325.5,63.4834,True,3.42568e-13,ok
Ek1.9e-3,0.0019,0.1,7,1562.3,56.3205,True,1.32061e-13,ok
Ek1.9e-3,0.0019,0.1,8,1882.36,50.6635,True,1.51391e-13,ok
Ek1.9e-3,0.0019,0.1,9,2292.03,46.0282,True,9.55546e-14,ok
Ek1.9e-3,0.0019,0.1,10,2799.6,42.1457,True,1.78716e-13,ok
Ek1.9e-3,0.0019,0.1,11,3414.77,38.844,True,2.87919e-13,ok
Ek1.9e-3,0.0019,0.1,12,4148.32,36.0035,True,4.94702e-14,ok
Ek1.9e-3,0.0019,0.1,13,5011.92,33.5365,True,1.36573e-13,ok
Ek1.9e-3,0.0019,0.1,14,6018.01,31.3762,True,1.36622e-14,ok
Ek1.9e-3,0.0019,0.1,15,7179.67,29.4705,True,1.2053e-13,ok
Ek1.9e-3,0.0019,0.3,1,387.893,2.02864,True,7.76732e-15,ok
Ek1.9e-3,0.0019,0.3,2,326.435,5.26058,True,7.68098e-14,ok
Ek1.9e-3,0.0019,0.3,3,350.541,23.6984,True,6.23515e-14,ok
Ek1.9e-3,0.0019,0.3,4,365.791,37.9088,True,3.19095e-13,ok
Ek1.9e-3,0.0019,0.3,5,393.687,42.7936,True,1.46132e-13,ok
Ek1.9e-3,0.0019,0.3,6,445.496,42.8942,True,9.57521e-14,ok
Ek1.9e-3,0.0019,0.3,7,523.631,41.0557,True,1.05264e-13,ok
Ek1.9e-3,0.0019,0.3,8,629.681,38.5782,True,0.0,ok
Ek1.9e-3,0.0019,0.3,9,765.768,36.0067,True,3.14866e-14,ok
Ek1.9e-3,0.0019,0.3,10,934.611,33.5571,True,9.76717e-14,ok
Ek1.9e-3,0.0019,0.3,11,1139.41,31.3052,True,2.61809e-13,ok
Ek1.9e-3,0.0019,0.3,12,1383.73,29.2674,True,1.84256e-13,ok
Ek1.9e-3,0.0019,0.3,13,1671.44,27.4352,True,8.35654e-14,ok
Ek1.9e-3,0.0019,0.3,14,2006.68,25.7907,True,2.49235e-13,ok
Ek1.9e-3,0.0019,0.3,15,2393.81,24.3135,True,4.10189e-14,ok
Ek1.9e-3,0.0019,0.5,1,230.528,1.2916,True,1.20386e-14,ok
Ek1.9e-3,0.0019,0.5,2,192.799,3.30031,True,9.67411e-15,ok
Ek1.9e-3,0.0019,0.5,3,203.292,14.2679,True,0.0,ok
Ek1.9e-3,0.0019,0.5,4,216.547,24.7474,True,4.67459e-14,ok
Ek1.9e-3,0.0019,0.5,5,236.379,30.5079,True,2.58331e-14,ok
Ek1.9e-3,0.0019,0.5,6,268.516,32.4945,True,8.42573e-14,ok
Ek1.9e-3,0.0019,0.5,7,315.563,32.3404,True,3.62871e-15,ok
Ek1.9e-3,0.0019,0.5,8,379.08,31.1638,True,2.02168e-14,ok
Ek1.9e-3,0.0019,0.5,9,460.557,29.5754,True,4.85559e-14,ok
Ek1.9e-3,0.0019,0.5,10,561.696,27.8793,True,2.15731e-14,ok
Ek1.9e-3,0.0019,0.5,11,684.43,26.2184,True,1.00167e-13,ok
Ek1.9e-3,0.0019,0.5,12,830.903,24.6553,True,4.63985e-14,ok
Ek1.9e-3,0.0019,0.5,13,1003.44,23.2125,True,1.53292e-13,ok
Ek1.9e-3,0.0019,0.5,14,1204.5,21.8934,True,6.65194e-15,ok
Ek1.9e-3,0.0019,0.5,15,1436.71,20.6926,True,1.03989e-13,ok
Ek1.9e-3,0.0019,0.7,1,163.939,0.949347,True,6.0036e-16,ok
Ek1.9e-3,0.0019,0.7,2,136.739,2.41643,True,1.71793e-14,ok
Ek1.9e-3,0.0019,0.7,3,143.032,10.3773,True,3.1384e-14,ok
Ek1.9e-3,0.0019,0.7,4,153.457,18.5629,True,0.0,ok
Ek1.9e-3,0.0019,0.7,5,168.813,23.815,True,5.5096e-14,ok
Ek1.9e-3,0.0019,0.7,6,192.372,26.2053,True,2.85903e-14,ok
Ek1.9e-3,0.0019,0.7,7,226.163,26.6995,True,7.41973e-14,ok
Ek1.9e-3,0.0019,0.7,8,271.528,26.1494,True,6.16817e-14,ok
Ek1.9e-3,0.0019,0.7,9,329.655,25.0975,True,7.43022e-14,ok
Ek1.9e-3,0.0019,0.7,10,401.811,23.8466,True,1.10485e-13,ok
Ek1.9e-3,0.0019,0.7,11,489.397,22.5546,True,1.44725e-13,ok
Ek1.9e-3,0.0019,0.7,12,593.949,21.2993,True,0.0,ok
Ek1.9e-3,0.0019,0.7,13,717.125,20.1165,True,5.33519e-14,ok
Ek1.9e-3,0.0019,0.7,14,860.691,19.0195,True,8.53432e-14,ok
Ek1.9e-3,0.0019,0.7,15,1026.51,18.0104,True,3.37621e-14,ok
Ek1.9e-3,0.0019,1.0,1,114.361,0.679951,True,1.11898e-14,ok
Ek1.9e-3,0.0019,1.0,2,95.1887,1.72756,True,2.98208e-15,ok
Ek1.9e-3,0.0019,1.0,3,98.9507,7.4152,True,1.52615e-15,ok
Ek1.9e-3,0.0019,1.0,4,106.683,13.5803,True,3.07131e-14,ok
Ek1.9e-3,0.0019,1.0,5,118.132,17.9791,True,1.79439e-14,ok
Ek1.9e-3,0.0019,1.0,6,135.068,20.3436,True,5.45633e-14,ok
Ek1.9e-3,0.0019,1.0,7,158.904,21.1797,True,4.04642e-14,ok
Ek1.9e-3,0.0019,1.0,8,190.689,21.0731,True,2.46512e-14,ok
Ek1.9e-3,0.0019,1.0,9,231.341,20.4563,True,4.64585e-14,ok
Ek1.9e-3,0.0019,1.0,10,281.791,19.5969,True,1.3324e-14,ok
Ek1.9e-3,0.0019,1.0,11,343.038,18.6469,True,1.20635e-13,ok
Ek1.9e-3,0.0019,1.0,12,416.166,17.6884,True,5.86178e-14,ok
Ek1.9e-3,0.0019,1.0,13,502.338,16.7631,True,2.33981e-14,ok
Ek1.9e-3,0.0019,1.0,14,602.791,15.8907,True,1.33166e-13,ok
Ek1.9e-3,0.0019,1.0,15,718.828,15.0788,True,7.25737e-14,ok
Ek1.9e-3,0.0019,1.2,1,95.169,0.57191,True,1.0894e-14,ok
Ek1.9e-3,0.0019,1.2,2,79.1489,1.45242,True,1.85021e-14,ok
Ek1.9e-3,0.0019,1.2,3,82.0709,6.24009,True,3.2423e-15,ok
Ek1.9e-3,0.0019,1.2,4,88.6437,11.5377,True,2.58636e-14,ok
Ek1.9e-3,0.0019,1.2,5,98.4294,15.471,True,2.65734e-14,ok
Ek1.9e-3,0.0019,1.2,6,112.72,17.7143,True,4.13706e-14,ok
Ek1.9e-3,0.0019,1.2,7,132.668,18.6199,True,1.684e-14,ok
Ek1.9e-3,0.0019,1.2,8,159.178,18.6613,True,2.41642e-15,ok
Ek1.9e-3,0.0019,1.2,9,193.046,18.2126,True,5.29372e-14,ok
Ek1.9e-3,0.0019,1.2,10,235.065,17.5166,True,4.47103e-14,ok
Ek1.9e-3,0.0019,1.2,11,286.078,16.7165,True,2.52072e-14,ok
Ek1.9e-3,0.0019,1.2,12,346.993,15.8924,True,1.12162e-13,ok
Ek1.9e-3,0.0019,1.2,13,418.78,15.0866,True,1.1687e-13,ok
Ek1.9e-3,0.0019,1.2,14,502.471,14.3203,True,5.97646e-14,ok
Ek1.9e-3,0.0019,1.2,15,599.151,13.6027,True,6.16282e-14,ok
Ek1.9e-3,0.0019,1.4,1,81.4916,0.493535,True,9.62712e-15,ok
Ek1.9e-3,0.0019,1.4,2,67.7334,1.25311,True,2.70221e-14,ok
Ek1.9e-3,0.0019,1.4,3,70.1059,5.38969,True,8.06265e-15,ok
Ek1.9e-3,0.0019,1.4,4,75.816,10.0355,True,8.38594e-15,ok
Ek1.9e-3,0.0019,1.4,5,84.3596,13.5832,True,1.28024e-14,ok
Ek1.9e-3,0.0019,1.4,6,96.7299,15.6911,True,1.87928e-14,ok
Ek1.9e-3,0.0019,1.4,7,113.89,16.6146,True,4.98017e-14,ok
Ek1.9e-3,0.0019,1.4,8,136.633,16.7461,True,2.52966e-14,ok
Ek1.9e-3,0.0019,1.4,9,165.658,16.413,True,3.36465e-14,ok
Ek1.9e-3,0.0019,1.4,10,201.66,15.8358,True,1.56609e-14,ok
Ek1.9e-3,0.0019,1.4,11,245.368,15.1485,True,2.22923e-14,ok
Ek1.9e-3,0.0019,1.4,12,297.563,14.4275,True,5.77743e-14,ok
Ek1.9e-3,0.0019,1.4,13,359.078,13.715,True,1.38352e-13,ok
Ek1.9e-3,0.0019,1.4,14,430.799,13.0324,True,2.12134e-14,ok
Ek1.9e-3,0.0019,1.4,15,513.655,12.3898,True,3.62159e-14,ok
Ek1.9e-3,0.0019,1.6,1,71.2509,0.434072,True,4.51843e-15,ok
Ek1.9e-3,0.0019,1.6,2,59.1949,1.10201,True,2.42691e-15,ok
Ek1.9e-3,0.0019,1.6,3,61.1833,4.74487,True,1.87465e-15,ok
Ek1.9e-3,0.0019,1.6,4,66.2282,8.88272,True,1.42349e-14,ok
Ek1.9e-3,0.0019,1.6,5,73.8094,12.1094,True,8.13996e-15,ok
Ek1.9e-3,0.0019,1.6,6,84.7194,14.0852,True,1.65196e-14,ok
Ek1.9e-3,0.0019,1.6,7,99.7816,15.0008,True,0.0,ok
Ek1.9e-3,0.0019,1.6,8,119.698,15.1883,True,5.12221e-14,ok
Ek1.9e-3,0.0019,1.6,9,145.093,14.9376,True,3.09656e-14,ok
Ek1.9e-3,0.0019,1.6,10,176.585,14.4496,True,1.44879e-14,ok
Ek1.9e-3,0.0019,1.6,11,214.817,13.8495,True,1.06475e-13,ok
Ek1.9e-3,0.0019,1.6,12,260.475,13.21,True,4.84347e-15,ok
Ek1.9e-3,0.0019,1.6,13,314.289,12.572,True,2.85149e-14,ok
Ek1.9e-3,0.0019,1.6,14,377.033,11.957,True,3.37299e-14,ok
Ek1.9e-3,0.0019,1.6,15,449.523,11.3756,True,4.84874e-14,ok
Ek1.9e-3,0.0019,1.8,1,63.2963,0.387407,True,4.93216e-15,ok
Ek1.9e-3,0.0019,1.8,2,52.5677,0.983492,True,8.16141e-15,ok
Ek1.9e-3,0.0019,1.8,3,54.274,4.23872,True,6.4828e-15,ok
Ek1.9e-3,0.0019,1.8,4,58.7914,7.96932,True,1.05765e-14,ok
Ek1.9e-3,0.0019,1.8,5,65.6051,10.9261,True,2.81641e-14,ok
Ek1.9e-3,0.0019,1.8,6,75.3662,12.7791,True,4.30598e-14,ok
Ek1.9e-3,0.0019,1.8,7,88.7909,13.6736,True,0.0,ok
Ek1.9e-3,0.0019,1.8,8,106.508,13.8961,True,1.6079e-14,ok
Ek1.9e-3,0.0019,1.8,9,129.082,13.7057,True,2.8676e-14,ok
Ek1.9e-3,0.0019,1.8,10,157.068,13.2867,True,2.44995e-14,ok
Ek1.9e-3,0.0019,1.8,11,191.042,12.7557,True,5.8709e-14,ok
Ek1.9e-3,0.0019,1.8,12,231.617,12.182,True,4.94277e-14,ok
Ek1.9e-3,0.0019,1.8,13,279.442,11.6049,True,1.86897e-15,ok
Ek1.9e-3,0.0019,1.8,14,335.207,11.0456,True,1.2868e-13,ok
Ek1.9e-3,0.0019,1.8,15,399.634,10.5148,True,5.83049e-14,ok
Ek1.9e-3,0.0019,2.0,1,56.9393,0.349808,True,1.5759e-15,ok
Ek1.9e-3,0.0019,2.0,2,47.2747,0.888025,True,9.2804e-15,ok
Ek1.9e-3,0.0019,2.0,3,48.766,3.83064,True,1.3033e-14,ok
Ek1.9e-3,0.0019,2.0,4,52.8551,7.22736,True,1.59478e-14,ok
Ek1.9e-3,0.0019,2.0,5,59.0425,9.95466,True,1.37522e-14,ok
Ek1.9e-3,0.0019,2.0,6,67.8754,11.6955,True,1.70845e-14,ok
Ek1.9e-3,0.0019,2.0,7,79.9861,12.5629,True,3.72346e-14,ok
Ek1.9e-3,0.0019,2.0,8,95.9423,12.807,True,1.82097e-14,ok
Ek1.9e-3,0.0019,2.0,9,116.26,12.6618,True,3.55985e-14,ok
Ek1.9e-3,0.0019,2.0,10,141.442,12.2972,True,3.56762e-14,ok
Ek1.9e-3,0.0019,2.0,11,172.012,11.8222,True,2.32753e-14,ok
Ek1.9e-3,0.0019,2.0,12,208.522,11.3025,True,2.83655e-14,ok
Ek1.9e-3,0.0019,2.0,13,251.558,10.776,True,9.99137e-14,ok
Ek1.9e-3,0.0019,2.0,14,301.739,10.2633,True,1.90037e-14,ok
Ek1.9e-3,0.0019,2.0,15,359.718,9.77513,True,1.20672e-13,ok
Ek1.9e-3,0.0019,2.2,1,51.7425,0.318865,True,8.03718e-15,ok
Ek1.9e-3,0.0019,2.2,2,42.9499,0.809474,True,3.92835e-15,ok
Ek1.9e-3,0.0019,2.2,3,44.2725,3.49455,True,6.10107e-15,ok
Ek1.9e-3,0.0019,2.2,4,48.0071,6.61248,True,2.66994e-14,ok
Ek1.9e-3,0.0019,2.2,5,53.6736,9.14269,True,0.0,ok
Ek1.9e-3,0.0019,2.2,6,61.7408,10.782,True,3.54932e-14,ok
Ek1.9e-3,0.0019,2.2,7,72.7731,11.6194,True,1.49892e-14,ok
Ek1.9e-3,0.0019,2.2,8,87.2883,11.8764,True,1.17446e-14,ok
Ek1.9e-3,0.0019,2.2,9,105.759,11.7658,True,2.30539e-14,ok
Ek1.9e-3,0.0019,2.2,10,128.649,11.4448,True,2.72666e-14,ok
Ek1.9e-3,0.0019,2.2,11,156.435,11.016,True,5.05226e-15,ok
Ek1.9e-3,0.0019,2.2,12,189.62,10.5415,True,2.62163e-14,ok
Ek1.9e-3,0.0019,2.2,13,228.737,10.0576,True,0.0,ok
Ek1.9e-3,0.0019,2.2,14,274.351,9.58449,True,0.0,ok
Ek1.9e-3,0.0019,2.2,15,327.055,9.1327,True,0.0,ok
Ek1.9e-3,0.0019,2.4,1,47.4149,0.292954,True,6.13612e-15,ok
Ek1.9e-3,0.0019,2.4,2,39.35,0.743704,True,3.68436e-15,ok
Ek1.9e-3,0.0019,2.4,3,40.5369,3.21288,True,1.94826e-14,ok
Ek1.9e-3,0.0019,2.4,4,43.9733,6.09448,True,6.1855e-15,ok
Ek1.9e-3,0.0019,2.4,5,49.2,8.45373,True,1.48767e-14,ok
Ek1.9e-3,0.0019,2.4,6,56.6243,10.0014,True,9.71709e-15,ok
Ek1.9e-3,0.0019,2.4,7,66.7556,10.8081,True,4.53914e-14,ok
Ek1.9e-3,0.0019,2.4,8,80.0691,11.072,True,1.8714e-14,ok
Ek1.9e-3,0.0019,2.4,9,97.0021,10.9883,True,4.1891e-14,ok
Ek1.9e-3,0.0019,2.4,10,117.982,10.7031,True,6.35912e-15,ok
Ek1.9e-3,0.0019,2.4,11,143.448,10.3127,True,7.37966e-15,ok
Ek1.9e-3,0.0019,2.4,12,173.862,9.87645,True,6.36239e-14,ok
Ek1.9e-3,0.0019,2.4,13,209.716,9.429,True,9.13027e-14,ok
Ek1.9e-3,0.0019,2.4,14,251.524,8.9899,True,4.59848e-14,ok
Ek1.9e-3,0.0019,2.4,15,299.832,8.5695,True,3.66888e-14,ok
Ek1.9e-3,0.0019,2.6,1,43.7553,0.270939,True,1.82558e-15,ok
Ek1.9e-3,0.0019,2.6,2,36.3068,0.687827,True,4.83233e-15,ok
Ek1.9e-3,0.0019,2.6,3,37.3824,2.97336,True,8.34301e-15,ok
Ek1.9e-3,0.0019,2.6,4,40.5646,5.65204,True,1.24134e-14,ok
Ek1.9e-3,0.0019,2.6,5,45.4148,7.86169,True,2.14433e-14,ok
Ek1.9e-3,0.0019,2.6,6,52.2918,9.32639,True,6.03556e-15,ok
Ek1.9e-3,0.0019,2.6,7,61.6587,10.1028,True,0.0,ok
Ek1.9e-3,0.0019,2.6,8,73.9549,10.3698,True,2.08926e-14,ok
Ek1.9e-3,0.0019,2.6,9,89.5865,10.3072,True,8.8462e-15,ok
Ek1.9e-3,0.0019,2.6,10,108.95,10.0516,True,0.0,ok
Ek1.9e-3,0.0019,2.6,11,132.454,9.6939,True,2.73865e-14,ok
Ek1.9e-3,0.0019,2.6,12,160.525,9.29038,True,1.31759e-14,ok
Ek1.9e-3,0.0019,2.6,13,193.617,8.87437,True,3.06023e-14,ok
Ek1.9e-3,0.0019,2.6,14,232.206,8.46478,True,4.97189e-14,ok
Ek1.9e-3,0.0019,2.6,15,276.794,8.07174,True,3.70713e-14,ok
Ek1.9e-3,0.0019,2.8,1,40.6201,0.252002,True,9.58867e-16,ok
Ek1.9e-3,0.0019,2.8,2,33.7005,0.639767,True,6.36182e-16,ok
Ek1.9e-3,0.0019,2.8,3,34.6833,2.76716,True,4.67564e-15,ok
Ek1.9e-3,0.0019,2.8,4,37.6461,5.26971,True,3.08308e-15,ok
Ek1.9e-3,0.0019,2.8,5,42.1705,7.34741,True,2.24755e-14,ok
Ek1.9e-3,0.0019,2.8,6,48.5757,8.737,True,5.29681e-15,ok
Ek1.9e-3,0.0019,2.8,7,57.2861,9.48415,True,2.24693e-14,ok
Ek1.9e-3,0.0019,2.8,8,68.7096,9.75149,True,6.5983e-15,ok
Ek1.9e-3,0.0019,2.8,9,83.2258,9.70575,True,5.35997e-14,ok
Ek1.9e-3,0.0019,2.8,10,101.205,9.47497,True,9.96704e-15,ok
Ek1.9e-3,0.0019,2.8,11,123.027,9.14516,True,3.36589e-14,ok
Ek1.9e-3,0.0019,2.8,12,149.09,8.76997,True,3.09538e-14,ok
Ek1.9e-3,0.0019,2.8,13,179.815,8.38137,True,5.6543e-14,ok
Ek1.9e-3,0.0019,2.8,14,215.644,7.99762,True,4.43825e-14,ok
Ek1.9e-3,0.0019,2.8,15,257.045,7.62862,True,1.04992e-13,ok
Ek1.9e-3,0.0019,3.0,1,37.9041,0.235541,True,5.4696e-15,ok
Ek1.9e-3,0.0019,3.0,2,31.4433,0.597988,True,8.81349e-15,ok
Ek1.9e-3,0.0019,3.0,3,32.3475,2.58777,True,2.60214e-15,ok
Ek1.9e-3,0.0019,3.0,4,35.1193,4.93598,True,1.28485e-14,ok
Ek1.9e-3,0.0019,3.0,5,39.3589,6.89647,True,2.37616e-14,ok
Ek1.9e-3,0.0019,3.0,6,45.3531,8.21783,True,5.62323e-15,ok
Ek1.9e-3,0.0019,3.0,7,53.4933,8.93698,True,3.32524e-14,ok
Ek1.9e-3,0.0019,3.0,8,64.1602,9.20281,True,1.88053e-14,ok
Ek1.9e-3,0.0019,3.0,9,77.7096,9.17062,True,3.50138e-15,ok
Ek1.9e-3,0.0019,3.0,10,94.4891,8.96091,True,3.1202e-14,ok
Ek1.9e-3,0.0019,3.0,11,114.854,8.65522,True,1.14359e-14,ok
Ek1.9e-3,0.0019,3.0,12,139.177,8.30478,True,1.72286e-14,ok
Ek1.9e-3,0.0019,3.0,13,167.851,7.94027,True,2.36241e-14,ok
Ek1.9e-3,0.0019,3.0,14,201.289,7.57934,True,7.17505e-14,ok
Ek1.9e-3,0.0019,3.0,15,239.928,7.23163,True,1.88697e-14,ok
Ek1.9e-3,0.0019,3.2,1,35.5286,0.221098,True,3.03927e-15,ok
Ek1.9e-3,0.0019,3.2,2,29.4694,0.561334,True,8.39585e-15,ok
Ek1.9e-3,0.0019,3.2,3,30.3065,2.43027,True,1.96716e-15,ok
Ek1.9e-3,0.0019,3.2,4,32.9103,4.64212,True,5.38301e-15,ok
Ek1.9e-3,0.0019,3.2,5,36.8989,6.49782,True,1.40626e-14,ok
Ek1.9e-3,0.0019,3.2,6,42.5319,7.75703,True,2.33813e-14,ok
Ek1.9e-3,0.0019,3.2,7,50.1722,8.44959,True,3.07152e-14,ok
Ek1.9e-3,0.0019,3.2,8,60.1767,8.71264,True,2.63366e-14,ok
Ek1.9e-3,0.0019,3.2,9,72.8802,8.69145,True,0.0,ok
Ek1.9e-3,0.0019,3.2,10,88.61,8.49977,True,4.61204e-14,ok
Ek1.9e-3,0.0019,3.2,11,107.7,8.21512,True,4.40196e-14,ok
Ek1.9e-3,0.0019,3.2,12,130.501,7.88646,True,5.17888e-15,ok
Ek1.9e-3,0.0019,3.2,13,157.38,7.54328,True,6.63314e-14,ok
Ek1.9e-3,0.0019,3.2,14,188.727,7.20263,True,7.1995e-15,ok
Ek1.9e-3,0.0019,3.2,15,224.949,6.87391,True,2.49179e-14,ok
Ek1.9e-3,0.0019,3.4,1,33.4332,0.208325,True,3.85464e-16,ok
Ek1.9e-3,0.0019,3.4,2,27.7287,0.528917,True,3.10588e-15,ok
Ek1.9e-3,0.0019,3.4,3,28.5076,2.29088,True,3.20462e-15,ok
Ek1.9e-3,0.0019,3.4,4,30.9626,4.38136,True,1.59841e-15,ok
Ek1.9e-3,0.0019,3.4,5,34.7283,6.14284,True,1.36155e-14,ok
Ek1.9e-3,0.0019,3.4,6,40.0413,7.34525,True,1.19799e-14,ok
Ek1.9e-3,0.0019,3.4,7,47.2398,8.01268,True,1.60379e-14,ok
Ek1.9e-3,0.0019,3.4,8,56.6594,8.27209,True,1.51939e-14,ok
Ek1.9e-3,0.0019,3.4,9,68.6166,8.25989,True,1.6096e-14,ok
Ek1.9e-3,0.0019,3.4,10,83.4204,8.08379,True,9.0688e-16,ok
Ek1.9e-3,0.0019,3.4,11,101.386,7.81762,True,3.47738e-14,ok
Ek1.9e-3,0.0019,3.4,12,122.844,7.50826,True,5.16349e-14,ok
Ek1.9e-3,0.0019,3.4,13,148.14,7.18409,True,5.58674e-14,ok
Ek1.9e-3,0.0019,3.4,14,177.641,6.8616,True,1.56813e-14,ok
Ek1.9e-3,0.0019,3.4,15,211.73,6.54992,True,4.52487e-14,ok
Ek1.9e-3,0.0019,3.6,1,31.5712,0.196948,True,3.47955e-15,ok
Ek1.9e-3,0.0019,3.6,2,26.1822,0.500041,True,2.88705e-15,ok
Ek1.9e-3,0.0019,3.6,3,26.9103,2.16663,True,5.21171e-16,ok
Ek1.9e-3,0.0019,3.6,4,29.2326,4.1484,True,6.68713e-15,ok
Ek1.9e-3,0.0019,3.6,5,32.7989,5.82472,True,1.88335e-15,ok
Ek1.9e-3,0.0019,3.6,6,37.8264,6.97505,True,1.62042e-14,ok
Ek1.9e-3,0.0019,3.6,7,44.6316,7.61878,True,3.06108e-14,ok
Ek1.9e-3,0.0019,3.6,8,53.5312,7.87397,True,1.20458e-14,ok
Ek1.9e-3,0.0019,3.6,9,64.8248,7.86917,True,1.80467e-14,ok
Ek1.9e-3,0.0019,3.6,10,78.8055,7.70663,True,3.29692e-15,ok
Ek1.9e-3,0.0019,3.6,11,95.7719,7.45681,True,4.16697e-14,ok
Ek1.9e-3,0.0019,3.6,12,116.036,7.16468,True,2.42211e-14,ok
Ek1.9e-3,0.0019,3.6,13,139.925,6.85756,True,1.82733e-14,ok
Ek1.9e-3,0.0019,3.6,14,167.785,6.5514,True,2.0252e-14,ok
Ek1.9e-3,0.0019,3.6,15,199.98,6.25509,True,1.84615e-14,ok
Ek1.9e-3,0.0019,3.8,1,29.9057,0.186749,True,2.69485e-15,ok
Ek1.9e-3,0.0019,3.8,2,24.799,0.474156,True,4.49288e-15,ok
Ek1.9e-3,0.0019,3.8,3,25.4825,2.05519,True,6.5651e-15,ok
Ek1.9e-3,0.0019,3.8,4,27.6856,3.93901,True,3.4452e-15,ok
Ek1.9e-3,0.0019,3.8,5,31.0727,5.53799,True,4.25622e-15,ok
Ek1.9e-3,0.0019,3.8,6,35.8439,6.64044,True,1.34628e-14,ok
Ek1.9e-3,0.0019,3.8,7,42.2966,7.26183,True,2.1955e-14,ok
Ek1.9e-3,0.0019,3.8,8,50.7306,7.51244,True,1.72308e-14,ok
Ek1.9e-3,0.0019,3.8,9,61.4306,7.51377,True,4.46592e-14,ok
Ek1.9e-3,0.0019,3.8,10,74.675,7.3631,True,2.25716e-14,ok
Ek1.9e-3,0.0019,3.8,11,90.7472,7.12784,True,4.65351e-14,ok
Ek1.9e-3,0.0019,3.8,12,109.943,6.85117,True,3.12674e-14,ok
Ek1.9e-3,0.0019,3.8,13,132.574,6.55942,True,5.73222e-14,ok
Ek1.9e-3,0.0019,3.8,14,158.966,6.26804,True,6.10662e-14,ok
Ek1.9e-3,0.0019,3.8,15,189.465,5.98567,True,1.3922e-14,ok
Ek1.9e-3,0.0019,4.0,1,28.407,0.177554,True,1.23201e-15,ok
Ek1.9e-3,0.0019,4.0,2,23.5547,0.45082,True,6.31793e-16,ok
Ek1.9e-3,0.0019,4.0,3,24.1985,1.95466,True,5.93857e-15,ok
Ek1.9e-3,0.0019,4.0,4,26.2941,3.74978,True,4.68321e-15,ok
Ek1.9e-3,0.0019,4.0,5,29.5191,5.27821,True,1.54651e-15,ok
Ek1.9e-3,0.0019,4.0,6,34.059,6.3365,True,2.00596e-14,ok
Ek1.9e-3,0.0019,4.0,7,40.194,6.93687,True,2.0034e-14,ok
Ek1.9e-3,0.0019,4.0,8,48.2088,7.18267,True,1.00235e-14,ok
Ek1.9e-3,0.0019,4.0,9,58.3745,7.18909,True,2.43864e-14,ok
Ek1.9e-3,0.0019,4.0,10,70.9562,7.0489,True,1.517e-14,ok
Ek1.9e-3,0.0019,4.0,11,86.2239,6.82668,True,1.81091e-14,ok
Ek1.9e-3,0.0019,4.0,12,104.459,6.56395,True,2.39172e-15,ok
Ek1.9e-3,0.0019,4.0,13,125.957,6.28613,True,3.94838e-14,ok
Ek1.9e-3,0.0019,4.0,14,151.028,6.00817,True,1.3025e-14,ok
Ek1.9e-3,0.0019,4.0,15,180.001,5.73849,True,2.6506e-14,ok
Ek1.9e-3,0.0019,4.2,1,27.0514,0.169223,True,8.64762e-16,ok
Ek1.9e-3,0.0019,4.2,2,22.4292,0.429674,True,4.09939e-16,ok
Ek1.9e-3,0.0019,4.2,3,23.0377,1.86353,True,8.48211e-15,ok
Ek1.9e-3,0.0019,4.2,4,25.0358,3.57793,True,1.77658e-14,ok
Ek1.9e-3,0.0019,4.2,5,28.1135,5.04175,True,1.3405e-14,ok
Ek1.9e-3,0.0019,4.2,6,32.4434,6.05921,True,0.0,ok
Ek1.9e-3,0.0019,4.2,7,38.2907,6.63977,True,0.0,ok
Ek1.9e-3,0.0019,4.2,8,45.926,6.88066,True,1.05124e-14,ok
Ek1.9e-3,0.0019,4.2,9,55.6083,6.89132,True,2.50443e-14,ok
Ek1.9e-3,0.0019,4.2,10,67.5905,6.76043,True,2.15649e-14,ok
Ek1.9e-3,0.0019,4.2,11,82.1303,6.54994,True,1.90522e-14,ok
Ek1.9e-3,0.0019,4.2,12,99.4958,6.29985,True,2.31329e-14,ok
Ek1.9e-3,0.0019,4.2,13,119.969,6.0347,True,1.61727e-14,ok
Ek1.9e-3,0.0019,4.2,14,143.846,5.76899,True,7.38993e-15,ok
Ek1.9e-3,0.0019,4.2,15,171.438,5.51092,True,8.42943e-14,ok
Ek1.9e-3,0.0019,4.4,1,25.8193,0.161638,True,1.36912e-15,ok
Ek1.9e-3,0.0019,4.4,2,21.4064,0.410424,True,2.46859e-15,ok
Ek1.9e-3,0.0019,4.4,3,21.9831,1.78052,True,2.46377e-15,ok
Ek1.9e-3,0.0019,4.4,4,23.8923,3.42116,True,1.1695e-14,ok
Ek1.9e-3,0.0019,4.4,5,26.8356,4.8256,True,2.58531e-15,ok
Ek1.9e-3,0.0019,4.4,6,30.9743,5.80519,True,5.61222e-15,ok
Ek1.9e-3,0.0019,4.4,7,36.5596,6.36709,True,7.87644e-15,ok
Ek1.9e-3,0.0019,4.4,8,43.8499,6.60303,True,1.33116e-14,ok
Ek1.9e-3,0.0019,4.4,9,53.0926,6.61724,True,3.52454e-14,ok
Ek1.9e-3,0.0019,4.4,10,64.5299,6.49464,True,2.45855e-14,ok
Ek1.9e-3,0.0019,4.4,11,78.4081,6.29476,True,5.49894e-15,ok
Ek1.9e-3,0.0019,4.4,12,94.9833,6.05617,True,1.4252e-14,ok
Ek1.9e-3,0.0019,4.4,13,114.525,5.80261,True,9.34538e-15,ok
Ek1.9e-3,0.0019,4.4,14,137.316,5.54813,True,1.79417e-14,ok
Ek1.9e-3,0.0019,4.4,15,163.653,5.30071,True,1.94966e-14,ok
Ek1.9e-3,0.0019,4.6,1,24.6946,0.154705,True,1.50926e-15,ok
Ek1.9e-3,0.0019,4.6,2,20.4728,0.392825,True,1.2335e-15,ok
Ek1.9e-3,0.0019,4.6,3,21.0209,1.7046,True,7.7422e-15,ok
Ek1.9e-3,0.0019,4.6,4,22.8488,3.27757,True,1.19266e-15,ok
Ek1.9e-3,0.0019,4.6,5,25.6689,4.62724,True,0.0,ok
Ek1.9e-3,0.0019,4.6,6,29.6325,5.57164,True,2.58487e-15,ok
Ek1.9e-3,0.0019,4.6,7,34.9784,6.11594,True,7.26733e-15,ok
Ek1.9e-3,0.0019,4.6,8,41.9535,6.34694,True,7.82667e-15,ok
Ek1.9e-3,0.0019,4.6,9,50.7949,6.36414,True,1.12416e-14,ok
Ek1.9e-3,0.0019,4.6,10,61.7347,6.24896,True,1.19223e-14,ok
Ek1.9e-3,0.0019,4.6,11,75.0088,6.05872,True,3.15845e-14,ok
Ek1.9e-3,0.0019,4.6,12,90.8626,5.83065,True,3.77437e-15,ok
Ek1.9e-3,0.0019,4.6,13,109.554,5.58771,True,1.03992e-14,ok
Ek1.9e-3,0.0019,4.6,14,131.353,5.34356,True,6.34017e-15,ok
Ek1.9e-3,0.0019,4.6,15,156.544,5.10595,True,4.84817e-14,ok
Ek1.9e-3,0.0019,4.8,1,23.6637,0.148341,True,6.44968e-16,ok
Ek1.9e-3,0.0019,4.8,2,19.6172,0.376673,True,2.07929e-15,ok
Ek1.9e-3,0.0019,4.8,3,20.1393,1.63489,True,6.23171e-15,ok
Ek1.9e-3,0.0019,4.8,4,21.8926,3.14557,True,8.78817e-15,ok
Ek1.9e-3,0.0019,4.8,5,24.5995,4.44457,True,1.42555e-14,ok
Ek1.9e-3,0.0019,4.8,6,28.4022,5.35618,True,8.75896e-15,ok
Ek1.9e-3,0.0019,4.8,7,33.5284,5.88387,True,8.64806e-15,ok
Ek1.9e-3,0.0019,4.8,8,40.2145,6.10999,True,2.17596e-14,ok
Ek1.9e-3,0.0019,4.8,9,48.6879,6.12969,True,8.3429e-15,ok
Ek1.9e-3,0.0019,4.8,10,59.1717,6.02119,True,1.40878e-14,ok
Ek1.9e-3,0.0019,4.8,11,71.8922,5.83975,True,0.0,ok
Ek1.9e-3,0.0019,4.8,12,87.0847,5.62132,True,1.40329e-14,ok
Ek1.9e-3,0.0019,4.8,13,104.996,5.38816,True,1.36987e-14,ok
Ek1.9e-3,0.0019,4.8,14,125.886,5.15353,True,4.42294e-14,ok
Ek1.9e-3,0.0019,4.8,15,150.027,4.92499,True,4.30865e-14,ok
Ek1.9e-3,0.0019,5.0,1,22.7155,0.142481,True,2.97507e-15,ok
Ek1.9e-3,0.0019,5.0,2,18.8303,0.361798,True,4.18538e-15,ok
Ek1.9e-3,0.0019,5.0,3,19.3287,1.57067,True,1.64335e-15,ok
Ek1.9e-3,0.0019,5.0,4,21.0132,3.0238,True,0.0,ok
Ek1.9e-3,0.0019,5.0,5,23.6155,4.27579,True,7.61157e-15,ok
Ek1.9e-3,0.0019,5.0,6,27.27,5.15677,True,1.47617e-15,ok
Ek1.9e-3,0.0019,5.0,7,32.1939,5.66878,True,1.07031e-14,ok
Ek1.9e-3,0.0019,5.0,8,38.6139,5.8901,True,9.62931e-15,ok
Ek1.9e-3,0.0019,5.0,9,46.7489,5.9119,True,3.78329e-14,ok
Ek1.9e-3,0.0019,5.0,10,56.8132,5.80945,True,1.87349e-14,ok
Ek1.9e-3,0.0019,5.0,11,69.0243,5.63605,True,7.05327e-15,ok
Ek1.9e-3,0.0019,5.0,12,83.6085,5.4265,True,3.26926e-15,ok
Ek1.9e-3,0.0019,5.0,13,100.803,5.20238,True,1.42727e-14,ok
Ek1.9e-3,0.0019,5.0,14,120.857,4.97656,True,3.36825e-14,ok
Ek1.9e-3,0.0019,5.0,15,144.031,4.75642,True,1.00469e-14,ok
Ek1.9e-3,0.0019,5.2,1,21.8403,0.137066,True,4.67215e-16,ok
Ek1.9e-3,0.0019,5.2,2,18.104,0.348053,True,6.4557e-16,ok
Ek1.9e-3,0.0019,5.2,3,18.5809,1.5113,True,1.26789e-15,ok
Ek1.9e-3,0.0019,5.2,4,20.2017,2.91111,True,8.4678e-15,ok
Ek1.9e-3,0.0019,5.2,5,22.7073,4.11937,True,0.0,ok
Ek1.9e-3,0.0019,5.2,6,26.2247,4.97169,True,6.86054e-15,ok
Ek1.9e-3,0.0019,5.2,7,30.9616,5.46887,True,4.98076e-15,ok
Ek1.9e-3,0.0019,5.2,8,37.136,5.68549,True,6.28035e-15,ok
Ek1.9e-3,0.0019,5.2,9,44.9585,5.70907,True,1.44744e-14,ok
Ek1.9e-3,0.0019,5.2,10,54.6355,5.6121,True,2.01061e-14,ok
Ek1.9e-3,0.0019,5.2,11,66.3766,5.44609,True,2.05807e-14,ok
Ek1.9e-3,0.0019,5.2,12,80.3992,5.24473,True,1.60331e-14,ok
Ek1.9e-3,0.0019,5.2,13,96.9317,5.02897,True,3.43958e-14,ok
Ek1.9e-3,0.0019,5.2,14,116.214,4.81134,True,3.79083e-14,ok
Ek1.9e-3,0.0019,5.2,15,138.496,4.59901,True,2.28951e-14,ok
Ek1.9e-3,0.0019,5.4,1,21.03,0.132048,True,1.88939e-15,ok
Ek1.9e-3,0.0019,5.4,2,17.4317,0.335315,True,2.0472e-15,ok
Ek1.9e-3,0.0019,5.4,3,17.8887,1.45627,True,0.0,ok
Ek1.9e-3,0.0019,5.4,4,19.4505,2.80653,True,5.68413e-15,ok
Ek1.9e-3,0.0019,5.4,5,21.8664,3.97401,True,1.13967e-14,ok
Ek1.9e-3,0.0019,5.4,6,25.2566,4.79945,True,7.03275e-15,ok
Ek1.9e-3,0.0019,5.4,7,29.8203,5.28258,True,1.31671e-14,ok
Ek1.9e-3,0.0019,5.4,8,35.7672,5.49463,True,1.17315e-14,ok
Ek1.9e-3,0.0019,5.4,9,43.3003,5.51969,True,1.69126e-15,ok
Ek1.9e-3,0.0019,5.4,10,52.6188,5.42771,True,0.0,ok
Ek1.9e-3,0.0019,5.4,11,63.9246,5.26851,True,3.69801e-14,ok
Ek1.9e-3,0.0019,5.4,12,77.4274,5.07475,True,3.50248e-14,ok
Ek1.9e-3,0.0019,5.4,13,93.347,4.86676,True,2.3009e-14,ok
Ek1.9e-3,0.0019,5.4,14,111.914,4.65673,True,2.04641e-14,ok
Ek1.9e-3,0.0019,5.4,15,133.371,4.45168,True,3.30027e-15,ok
Ek1.9e-3,0.0019,5.6,1,20.2778,0.127384,True,4.12187e-15,ok
Ek1.9e-3,0.0019,5.6,2,16.8076,0.323476,True,1.30111e-15,ok
Ek1.9e-3,0.0019,5.6,3,17.2462,1.4051,True,0.0,ok
Ek1.9e-3,0.0019,5.6,4,18.7532,2.70921,True,5.29676e-15,ok
Ek1.9e-3,0.0019,5.6,5,21.0855,3.83856,True,4.08966e-16,ok
Ek1.9e-3,0.0019,5.6,6,24.3574,4.63875,True,1.19449e-15,ok
Ek1.9e-3,0.0019,5.6,7,28.7601,5.10858,True,5.79482e-15,ok
Ek1.9e-3,0.0019,5.6,8,34.4957,5.31616,True,3.13767e-15,ok
Ek1.9e-3,0.0019,5.6,9,41.7601,5.34248,True,8.71421e-15,ok
Ek1.9e-3,0.0019,5.6,10,50.7457,5.25506,True,8.43137e-15,ok
Ek1.9e-3,0.0019,5.6,11,61.6474,5.10215,True,1.51732e-14,ok
Ek1.9e-3,0.0019,5.6,12,74.6674,4.91544,True,3.35309e-15,ok
Ek1.9e-3,0.0019,5.6,13,90.018,4.71468,True,2.15935e-14,ok
Ek1.9e-3,0.0019,5.6,14,107.922,4.51176,True,1.01698e-14,ok
Ek1.9e-3,0.0019,5.6,15,128.612,4.3135,True,1.96243e-14,ok
Ek1.9e-3,0.0019,5.8,1,19.5774,0.123038,True,1.5059e-15,ok
Ek1.9e-3,0.0019,5.8,2,16.2266,0.312445,True,3.8584e-15,ok
Ek1.9e-3,0.0019,5.8,3,16.6483,1.35741,True,0.0,ok
Ek1.9e-3,0.0019,5.8,4,18.1042,2.61842,True,7.99245e-15,ok
Ek1.9e-3,0.0019,5.8,5,20.3585,3.71205,True,1.30034e-14,ok
Ek1.9e-3,0.0019,5.8,6,23.5201,4.48847,True,5.03256e-15,ok
Ek1.9e-3,0.0019,5.8,7,27.7728,4.94568,True,3.39447e-15,ok
Ek1.9e-3,0.0019,5.8,8,33.3116,5.14894,True,2.3547e-14,ok
Ek1.9e-3,0.0019,5.8,9,40.3258,5.17629,True,1.33863e-14,ok
Ek1.9e-3,0.0019,5.8,10,49.0014,5.09305,True,1.36792e-14,ok
Ek1.9e-3,0.0019,5.8,11,59.5269,4.94598,True,0.0,ok
Ek1.9e-3,0.0019,5.8,12,72.0976,4.76583,True,8.82581e-15,ok
Ek1.9e-3,0.0019,5.8,13,86.9183,4.57182,True,1.91445e-14,ok
Ek1.9e-3,0.0019,5.8,14,104.204,4.37553,True,1.59417e-15,ok
Ek1.9e-3,0.0019,5.8,15,124.181,4.18364,True,3.49777e-14,ok
Ek1.9e-3,0.0019,6.0,1,18.9239,0.118979,True,9.80702e-16,ok
Ek1.9e-3,0.0019,6.0,2,15.6844,0.302141,True,2.43244e-16,ok
Ek1.9e-3,0.0019,6.0,3,16.0905,1.31285,True,6.88879e-15,ok
Ek1.9e-3,0.0019,6.0,4,17.4986,2.53353,True,5.70101e-15,ok
Ek1.9e-3,0.0019,6.0,5,19.6799,3.59362,True,3.58439e-15,ok
Ek1.9e-3,0.0019,6.0,6,22.7384,4.34763,True,0.0,ok
Ek1.9e-3,0.0019,6.0,7,26.851,4.79285,True,6.37584e-16,ok
Ek1.9e-3,0.0019,6.0,8,32.2061,4.99191,True,1.1758e-14,ok
Ek1.9e-3,0.0019,6.0,9,38.9868,5.02013,True,1.60882e-14,ok
Ek1.9e-3,0.0019,6.0,10,47.3732,4.94074,True,8.13047e-15,ok
Ek1.9e-3,0.0019,6.0,11,57.5475,4.79908,True,4.47471e-15,ok
Ek1.9e-3,0.0019,6.0,12,69.6988,4.62505,True,1.78117e-14,ok
Ek1.9e-3,0.0019,6.0,13,84.0251,4.43737,True,2.45931e-14,ok
Ek1.9e-3,0.0019,6.0,14,100.734,4.2473,True,1.20167e-14,ok
Ek1.9e-3,0.0019,6.0,15,120.045,4.06137,True,3.89148e-14,ok
Ek1.9e-3,0.0019,6.2,1,18.3125,0.11518,True,6.36275e-16,ok
Ek1.9e-3,0.0019,6.2,2,15.1773,0.292496,True,4.86317e-15,ok
Ek1.9e-3,0.0019,6.2,3,15.5688,1.27113,True,1.61447e-15,ok
Ek1.9e-3,0.0019,6.2,4,16.9321,2.45397,True,9.69429e-15,ok
Ek1.9e-3,0.0019,6.2,5,19.0451,3.48252,True,2.69295e-15,ok
Ek1.9e-3,0.0019,6.2,6,22.007,4.21536,True,0.0,ok
Ek1.9e-3,0.0019,6.2,7,25.9885,4.64919,True,2.99967e-15,ok
Ek1.9e-3,0.0019,6.2,8,31.1716,4.84418,True,8.46709e-15,ok
Ek1.9e-3,0.0019,6.2,9,37.7339,4.87312,True,1.38415e-14,ok
Ek1.9e-3,0.0019,6.2,10,45.8497,4.79727,True,1.21365e-14,ok
Ek1.9e-3,0.0019,6.2,11,55.6955,4.66066,True,2.53218e-14,ok
Ek1.9e-3,0.0019,6.2,12,67.4545,4.49236,True,1.06427e-14,ok
Ek1.9e-3,0.0019,6.2,13,81.3183,4.31059,True,1.59877e-14,ok
Ek1.9e-3,0.0019,6.2,14,97.4882,4.12636,True,5.1985e-15,ok
Ek1.9e-3,0.0019,6.2,15,116.175,3.94605,True,4.36512e-14,ok
Ek1.9e-3,0.0019,6.4,1,17.7395,0.111615,True,1.48269e-15,ok
Ek1.9e-3,0.0019,6.4,2,14.7019,0.283447,True,3.28249e-15,ok
Ek1.9e-3,0.0019,6.4,3,15.0799,1.23197,True,5.22366e-15,ok
Ek1.9e-3,0.0019,6.4,4,16.4013,2.37926,True,9.11298e-15,ok
Ek1.9e-3,0.0019,6.4,5,18.45,3.37809,True,0.0,ok
Ek1.9e-3,0.0019,6.4,6,21.3213,4.09091,True,9.7546e-15,ok
Ek1.9e-3,0.0019,6.4,7,25.1797,4.51389,True,0.0,ok
Ek1.9e-3,0.0019,6.4,8,30.2016,4.70495,True,1.35171e-14,ok
Ek1.9e-3,0.0019,6.4,9,36.5591,4.73448,True,3.85733e-14,ok
Ek1.9e-3,0.0019,6.4,10,44.4211,4.6619,True,1.44773e-14,ok
Ek1.9e-3,0.0019,6.4,11,53.9591,4.53,True,1.48088e-14,ok
Ek1.9e-3,0.0019,6.4,12,65.3503,4.36706,True,1.4292e-14,ok
Ek1.9e-3,0.0019,6.4,13,78.7805,4.19086,True,0.0,ok
Ek1.9e-3,0.0019,6.4,14,94.4448,4.01212,True,2.05521e-14,ok
Ek1.9e-3,0.0019,6.4,15,112.548,3.83709,True,3.26922e-14,ok
Ek1.9e-3,0.0019,6.6,1,17.2012,0.108265,True,0.0,ok
Ek1.9e-3,0.0019,6.6,2,14.2554,0.274942,True,8.39251e-16,ok
Ek1.9e-3,0.0019,6.6,3,14.6207,1.19516,True,4.75757e-15,ok
Ek1.9e-3,0.0019,6.6,4,15.9026,2.30896,True,0.0,ok
Ek1.9e-3,0.0019,6.6,5,17.891,3.27974,True,3.5827e-15,ok
Ek1.9e-3,0.0019,6.6,6,20.677,3.9736,True,5.69721e-15,ok
Ek1.9e-3,0.0019,6.6,7,24.4197,4.38625,True,9.0779e-15,ok
Ek1.9e-3,0.0019,6.6,8,29.2902,4.57349,True,5.80559e-16,ok
Ek1.9e-3,0.0019,6.6,9,35.4552,4.60351,True,1.94107e-14,ok
Ek1.9e-3,0.0019,6.6,10,43.079,4.53396,True,1.19819e-14,ok
Ek1.9e-3,0.0019,6.6,11,52.3277,4.40646,True,8.08392e-15,ok
Ek1.9e-3,0.0019,6.6,12,63.3734,4.24857,True,1.90379e-14,ok
Ek1.9e-3,0.0019,6.6,13,76.3963,4.0776,True,1.01527e-14,ok
Ek1.9e-3,0.0019,6.6,14,91.5857,3.90404,True,2.03058e-14,ok
Ek1.9e-3,0.0019,6.6,15,109.14,3.73399,True,3.09589e-15,ok
Ek1.9e-3,0.0019,6.8,1,16.6946,0.10511,True,1.57002e-16,ok
Ek1.9e-3,0.0019,6.8,2,13.8353,0.266932,True,3.4174e-15,ok
Ek1.9e-3,0.0019,6.8,3,14.1887,1.16049,True,2.99035e-16,ok
Ek1.9e-3,0.0019,6.8,4,15.4334,2.2427,True,8.65538e-15,ok
Ek1.9e-3,0.0019,6.8,5,17.3648,3.18696,True,0.0,ok
Ek1.9e-3,0.0019,6.8,6,20.0705,3.86284,True,9.52557e-15,ok
Ek1.9e-3,0.0019,6.8,7,23.7043,4.26563,True,2.52515e-15,ok
Ek1.9e-3,0.0019,6.8,8,28.4321,4.44919,True,3.84601e-15,ok
Ek1.9e-3,0.0019,6.8,9,34.4161,4.47959,True,1.78228e-14,ok
Ek1.9e-3,0.0019,6.8,10,41.8156,4.41286,True,9.18839e-15,ok
Ek1.9e-3,0.0019,6.8,11,50.792,4.28949,True,3.57486e-15,ok
Ek1.9e-3,0.0019,6.8,12,61.5126,4.13634,True,1.80453e-14,ok
Ek1.9e-3,0.0019,6.8,13,74.1523,3.9703,True,1.75008e-14,ok
Ek1.9e-3,0.0019,6.8,14,88.8946,3.80163,True,6.41815e-15,ok
Ek1.9e-3,0.0019,6.8,15,105.932,3.63628,True,1.6148e-14,ok
Ek1.9e-3,0.0019,7.0,1,16.217,0.102133,True,1.68619e-15,ok
Ek1.9e-3,0.0019,7.0,2,13.4392,0.259376,True,3.85406e-15,ok
Ek1.9e-3,0.0019,7.0,3,13.7815,1.12777,True,3.24772e-15,ok
Ek1.9e-3,0.0019,7.0,4,14.9911,2.18015,True,1.84693e-15,ok
Ek1.9e-3,0.0019,7.0,5,16.8687,3.09929,True,8.5315e-15,ok
Ek1.9e-3,0.0019,7.0,6,19.4985,3.75808,True,1.95999e-15,ok
Ek1.9e-3,0.0019,7.0,7,23.0296,4.15147,True,7.17539e-15,ok
Ek1.9e-3,0.0019,7.0,8,27.623,4.33146,True,6.7696e-15,ok
Ek1.9e-3,0.0019,7.0,9,33.4362,4.36217,True,1.58444e-14,ok
Ek1.9e-3,0.0019,7.0,10,40.6242,4.29806,True,1.02547e-15,ok
Ek1.9e-3,0.0019,7.0,11,49.344,4.17856,True,2.66543e-14,ok
Ek1.9e-3,0.0019,7.0,12,59.758,4.02988,True,3.51584e-14,ok
Ek1.9e-3,0.0019,7.0,13,72.0363,3.86851,True,1.1215e-14,ok
Ek1.9e-3,0.0019,7.0,14,86.3571,3.70445,True,3.04711e-14,ok
Ek1.9e-3,0.0019,7.0,15,102.907,3.54356,True,1.6729e-14,ok
Ek1.9e-3,0.0019,7.2,1,15.7659,0.0993207,True,3.17167e-15,ok
Ek1.9e-3,0.0019,7.2,2,13.0651,0.252235,True,1.4131e-11,ok
Ek1.9e-3,0.0019,7.2,3,13.397,1.09685,True,4.94202e-15,ok
Ek1.9e-3,0.0019,7.2,4,14.5735,2.12099,True,2.49721e-15,ok
Ek1.9e-3,0.0019,7.2,5,16.4002,3.01632,True,4.0404e-15,ok
Ek1.9e-3,0.0019,7.2,6,18.9583,3.65886,True,0.0,ok
Ek1.9e-3,0.0019,7.2,7,22.3923,4.04326,True,9.5287e-15,ok
Ek1.9e-3,0.0019,7.2,8,26.8586,4.21981,True,2.96543e-15,ok
Ek1.9e-3,0.0019,7.2,9,32.5105,4.25075,True,1.15348e-14,ok
Ek1.9e-3,0.0019,7.2,10,39.4988,4.18908,True,0.0,ok
Ek1.9e-3,0.0019,7.2,11,47.9763,4.07323,True,1.51965e-14,ok
Ek1.9e-3,0.0019,7.2,12,58.1008,3.92877,True,5.99778e-15,ok
Ek1.9e-3,0.0019,7.2,13,70.0378,3.7718,True,1.26356e-14,ok
Ek1.9e-3,0.0019,7.2,14,83.9606,3.61212,True,1.23127e-14,ok
Ek1.9e-3,0.0019,7.2,15,100.051,3.45545,True,2.25355e-14,ok
Ek1.9e-3,0.0019,7.4,1,15.3393,0.096659,True,1.65964e-16,ok
Ek1.9e-3,0.0019,7.4,2,12.7113,0.245478,True,1.49859e-15,ok
Ek1.9e-3,0.0019,7.4,3,13.0334,1.06758,True,1.26534e-15,ok
Ek1.9e-3,0.0019,7.4,4,14.1784,2.06495,True,2.84042e-15,ok
Ek1.9e-3,0.0019,7.4,5,15.957,2.93768,True,8.62304e-15,ok
Ek1.9e-3,0.0019,7.4,6,18.4472,3.56475,True,7.05405e-15,ok
Ek1.9e-3,0.0019,7.4,7,21.7893,3.94056,True,1.63776e-14,ok
Ek1.9e-3,0.0019,7.4,8,26.1354,4.11377,True,3.28797e-15,ok
Ek1.9e-3,0.0019,7.4,9,31.6348,4.14487,True,3.81472e-15,ok
Ek1.9e-3,0.0019,7.4,10,38.4342,4.08549,True,1.11186e-14,ok
Ek1.9e-3,0.0019,7.4,11,46.6823,3.97308,True,1.35821e-14,ok
Ek1.9e-3,0.0019,7.4,12,56.533,3.8326,True,2.16079e-14,ok
Ek1.9e-3,0.0019,7.4,13,68.1471,3.67981,True,0.0,ok
Ek1.9e-3,0.0019,7.4,14,81.6934,3.52428,True,1.51685e-14,ok
Ek1.9e-3,0.0019,7.4,15,97.3487,3.37161,True,1.38828e-14,ok
Ek1.9e-3,0.0019,7.6,1,14.9352,0.0941362,True,5.82432e-16,ok
Ek1.9e-3,0.0019,7.6,2,12.3762,0.239073,True,1.52294e-16,ok
Ek1.9e-3,0.0019,7.6,3,12.689,1.03983,True,1.56054e-15,ok
Ek1.9e-3,0.0019,7.6,4,13.8043,2.01181,True,1.57272e-15,ok
Ek1.9e-3,0.0019,7.6,5,15.5371,2.86303,True,5.91528e-15,ok
Ek1.9e-3,0.0019,7.6,6,17.963,3.47536,True,2.01141e-15,ok
Ek1.9e-3,0.0019,7.6,7,21.218,3.84294,True,5.73859e-15,ok
Ek1.9e-3,0.0019,7.6,8,25.4502,4.01293,True,0.0,ok
Ek1.9e-3,0.0019,7.6,9,30.805,4.04415,True,7.71709e-15,ok
Ek1.9e-3,0.0019,7.6,10,37.4254,3.9869,True,9.70606e-15,ok
Ek1.9e-3,0.0019,7.6,11,45.4564,3.87774,True,1.41901e-14,ok
Ek1.9e-3,0.0019,7.6,12,55.0477,3.74103,True,7.76897e-16,ok
Ek1.9e-3,0.0019,7.6,13,66.3559,3.5922,True,1.43262e-14,ok
Ek1.9e-3,0.0019,7.6,14,79.5455,3.44061,True,4.5999e-15,ok
Ek1.9e-3,0.0019,7.6,15,94.7886,3.29175,True,9.02244e-15,ok
Ek1.9e-3,0.0019,7.8,1,14.5518,0.0917417,True,7.77441e-16,ok
Ek1.9e-3,0.0019,7.8,2,12.0582,0.232994,True,2.07328e-15,ok
Ek1.9e-3,0.0019,7.8,3,12.3623,1.01348,True,0.0,ok
Ek1.9e-3,0.0019,7.8,4,13.4493,1.96133,True,5.7656e-15,ok
Ek1.9e-3,0.0019,7.8,5,15.1387,2.79209,True,2.5965e-15,ok
Ek1.9e-3,0.0019,7.8,6,17.5035,3.39034,True,4.46648e-15,ok
Ek1.9e-3,0.0019,7.8,7,20.6759,3.75004,True,1.05387e-14,ok
Ek1.9e-3,0.0019,7.8,8,24.8,3.91691,True,6.81331e-15,ok
Ek1.9e-3,0.0019,7.8,9,30.0176,3.9482,True,6.92261e-15,ok
Ek1.9e-3,0.0019,7.8,10,36.4683,3.89295,True,5.88894e-15,ok
Ek1.9e-3,0.0019,7.8,11,44.2932,3.78686,True,9.55256e-15,ok
Ek1.9e-3,0.0019,7.8,12,53.6383,3.65374,True,6.66957e-15,ok
Ek1.9e-3,0.0019,7.8,13,64.6565,3.50866,True,6.15044e-15,ok
Ek1.9e-3,0.0019,7.8,14,77.5077,3.36082,True,8.15105e-15,ok
Ek1.9e-3,0.0019,7.8,15,92.3598,3.21558,True,1.32016e-14,ok
Ek1.9e-3,0.0019,8.0,1,14.1876,0.0894661,True,4.54985e-16,ok
Ek1.9e-3,0.0019,8.0,2,11.7562,0.227216,True,1.23806e-15,ok
Ek1.9e-3,0.0019,8.0,3,12.052,0.988442,True,3.79648e-15,ok
Ek1.9e-3,0.0019,8.0,4,13.1122,1.91332,True,4.0643e-16,ok
Ek1.9e-3,0.0019,8.0,5,14.7603,2.72457,True,8.24153e-16,ok
Ek1.9e-3,0.0019,8.0,6,17.0669,3.30939,True,3.64777e-15,ok
Ek1.9e-3,0.0019,8.0,7,20.1607,3.66153,True,1.00471e-14,ok
Ek1.9e-3,0.0019,8.0,8,24.1822,3.82539,True,8.52944e-15,ok
Ek1.9e-3,0.0019,8.0,9,29.2695,3.85671,True,2.39448e-14,ok
Ek1.9e-3,0.0019,8.0,10,35.5589,3.80334,True,7.2269e-15,ok
Ek1.9e-3,0.0019,8.0,11,43.188,3.70015,True,1.67202e-14,ok
Ek1.9e-3,0.0019,8.0,12,52.2994,3.57042,True,0.0,ok
Ek1.9e-3,0.0019,8.0,13,63.0419,3.42893,True,1.50115e-14,ok
Ek1.9e-3,0.0019,8.0,14,75.5717,3.28464,True,1.19781e-15,ok
Ek1.9e-3,0.0019,8.0,15,90.0523,3.14285,True,2.96089e-14,ok
Ek1.9e-3,0.0019,8.2,1,13.8411,0.0873006,True,9.6122e-16,ok
Ek1.9e-3,0.0019,8.2,2,11.469,0.221718,True,2.27042e-15,ok
Ek1.9e-3,0.0019,8.2,3,11.7569,0.96461,True,5.16516e-15,ok
Ek1.9e-3,0.0019,8.2,4,12.7915,1.86761,True,0.0,ok
Ek1.9e-3,0.0019,8.2,5,14.4003,2.66025,True,9.42838e-15,ok
Ek1.9e-3,0.0019,8.2,6,16.6516,3.23221,True,1.04389e-14,ok
Ek1.9e-3,0.0019,8.2,7,19.6707,3.57711,True,2.55709e-14,ok
Ek1.9e-3,0.0019,8.2,8,23.5944,3.73804,True,5.42958e-15,ok
Ek1.9e-3,0.0019,8.2,9,28.5578,3.76936,True,2.36611e-15,ok
Ek1.9e-3,0.0019,8.2,10,34.6938,3.71775,True,1.3427e-14,ok
Ek1.9e-3,0.0019,8.2,11,42.1367,3.61731,True,1.96118e-14,ok
Ek1.9e-3,0.0019,8.2,12,51.0257,3.49083,True,5.41161e-15,ok
Ek1.9e-3,0.0019,8.2,13,61.506,3.35273,True,1.49758e-14,ok
Ek1.9e-3,0.0019,8.2,14,73.73,3.21185,True,2.51966e-14,ok
Ek1.9e-3,0.0019,8.2,15,87.8573,3.07335,True,2.51678e-14,ok
Ek1.9e-3,0.0019,8.4,1,13.5112,0.0852375,True,8.13077e-16,ok
Ek1.9e-3,0.0019,8.4,2,11.1955,0.21648,True,3.28824e-15,ok
Ek1.9e-3,0.0019,8.4,3,11.4759,0.9419,True,3.93985e-16,ok
Ek1.9e-3,0.0019,8.4,4,12.4862,1.82403,True,3.69382e-15,ok
Ek1.9e-3,0.0019,8.4,5,14.0575,2.5989,True,2.62456e-15,ok
Ek1.9e-3,0.0019,8.4,6,16.2561,3.15856,True,7.19948e-15,ok
Ek1.9e-3,0.0019,8.4,7,19.2039,3.49649,True,2.71459e-15,ok
Ek1.9e-3,0.0019,8.4,8,23.0345,3.6546,True,2.96564e-15,ok
Ek1.9e-3,0.0019,8.4,9,27.8799,3.68587,True,2.4133e-14,ok
Ek1.9e-3,0.0019,8.4,10,33.8697,3.63594,True,0.0,ok
Ek1.9e-3,0.0019,8.4,11,41.1354,3.53811,True,6.94901e-16,ok
Ek1.9e-3,0.0019,8.4,12,49.8126,3.4147,True,7.76723e-15,ok
Ek1.9e-3,0.0019,8.4,13,60.0432,3.27985,True,1.67204e-14,ok
Ek1.9e-3,0.0019,8.4,14,71.976,3.14221,True,1.15098e-14,ok
Ek1.9e-3,0.0019,8.4,15,85.7668,3.00685,True,1.90716e-14,ok
Ek1.9e-3,0.0019,8.6,1,13.1967,0.0832696,True,3.81826e-16,ok
Ek1.9e-3,0.0019,8.6,2,10.9347,0.211484,True,5.95862e-16,ok
Ek1.9e-3,0.0019,8.6,3,11.2081,0.920235,True,1.31624e-15,ok
Ek1.9e-3,0.0019,8.6,4,12.1951,1.78244,True,3.5273e-15,ok
Ek1.9e-3,0.0019,8.6,5,13.7306,2.54031,True,1.07467e-15,ok
Ek1.9e-3,0.0019,8.6,6,15.8788,3.08818,True,8.99985e-15,ok
Ek1.9e-3,0.0019,8.6,7,18.7587,3.41942,True,8.4378e-15,ok
Ek1.9e-3,0.0019,8.6,8,22.5006,3.5748,True,7.80325e-15,ok
Ek1.9e-3,0.0019,8.6,9,27.2334,3.60601,True,5.77462e-15,ok
Ek1.9e-3,0.0019,8.6,10,33.084,3.55764,True,4.91816e-15,ok
Ek1.9e-3,0.0019,8.6,11,40.1806,3.4623,True,1.39743e-14,ok
Ek1.9e-3,0.0019,8.6,12,48.6558,3.34182,True,8.6791e-15,ok
Ek1.9e-3,0.0019,8.6,13,58.6484,3.21007,True,7.43623e-15,ok
Ek1.9e-3,0.0019,8.6,14,70.3035,3.07552,True,2.67786e-14,ok
Ek1.9e-3,0.0019,8.6,15,83.7735,2.94317,True,0.0,ok
Ek1.9e-3,0.0019,8.8,1,12.8965,0.0813906,True,1.27087e-15,ok
Ek1.9e-3,0.0019,8.8,2,10.6857,0.206713,True,3.64339e-15,ok
Ek1.9e-3,0.0019,8.8,3,10.9524,0.899544,True,7.18696e-16,ok
Ek1.9e-3,0.0019,8.8,4,11.9172,1.74271,True,7.08076e-15,ok
Ek1.9e-3,0.0019,8.8,5,13.4186,2.48431,True,1.02781e-15,ok
Ek1.9e-3,0.0019,8.8,6,15.5187,3.02088,True,1.51973e-15,ok
Ek1.9e-3,0.0019,8.8,7,18.3337,3.34568,True,1.11846e-14,ok
Ek1.9e-3,0.0019,8.8,8,21.9909,3.49841,True,6.79392e-15,ok
Ek1.9e-3,0.0019,8.8,9,26.6163,3.52953,True,8.98996e-15,ok
Ek1.9e-3,0.0019,8.8,10,32.3338,3.48265,True,8.75272e-15,ok
Ek1.9e-3,0.0019,8.8,11,39.269,3.38967,True,1.21185e-14,ok
Ek1.9e-3,0.0019,8.8,12,47.5516,3.27199,True,9.50876e-15,ok
Ek1.9e-3,0.0019,8.8,13,57.3169,3.1432,True,2.19373e-14,ok
Ek1.9e-3,0.0019,8.8,14,68.707,3.01161,True,1.86286e-14,ok
Ek1.9e-3,0.0019,8.8,15,81.8707,2.88213,True,4.15001e-15,ok
Ek1.9e-3,0.0019,9.0,1,12.6096,0.0795945,True,1.33919e-15,ok
Ek1.9e-3,0.0019,9.0,2,10.4479,0.202152,True,1.08888e-15,ok
Ek1.9e-3,0.0019,9.0,3,10.7082,0.879764,True,5.49949e-15,ok
Ek1.9e-3,0.0019,9.0,4,11.6518,1.70471,True,5.16216e-15,ok
Ek1.9e-3,0.0019,9.0,5,13.1204,2.43073,True,8.19959e-15,ok
Ek1.9e-3,0.0019,9.0,6,15.1746,2.95644,True,3.88159e-15,ok
Ek1.9e-3,0.0019,9.0,7,17.9276,3.27506,True,8.93118e-15,ok
Ek1.9e-3,0.0019,9.0,8,21.5038,3.42521,True,6.51261e-15,ok
Ek1.9e-3,0.0019,9.0,9,26.0265,3.45623,True,1.25991e-14,ok
Ek1.9e-3,0.0019,9.0,10,31.617,3.41075,True,9.04085e-15,ok
Ek1.9e-3,0.0019,9.0,11,38.398,3.32003,True,1.83563e-14,ok
Ek1.9e-3,0.0019,9.0,12,46.4963,3.20502,True,6.84261e-15,ok
Ek1.9e-3,0.0019,9.0,13,56.0445,3.07905,True,4.21022e-15,ok
Ek1.9e-3,0.0019,9.0,14,67.1814,2.9503,True,6.2814e-15,ok
Ek1.9e-3,0.0019,9.0,15,80.0524,2.82357,True,4.77969e-14,ok
Ek1.9e-3,0.0019,9.2,1,12.3352,0.0778759,True,0.0,ok
Ek1.9e-3,0.0019,9.2,2,10.2204,0.197789,True,2.71018e-15,ok
Ek1.9e-3,0.0019,9.2,3,10.4746,0.860835,True,8.22716e-16,ok
Ek1.9e-3,0.0019,9.2,4,11.3979,1.66833,True,5.56222e-15,ok
Ek1.9e-3,0.0019,9.2,5,12.8352,2.3794,True,1.5714e-15,ok
Ek1.9e-3,0.0019,9.2,6,14.8454,2.8947,True,6.04688e-15,ok
Ek1.9e-3,0.0019,9.2,7,17.539,3.20735,True,1.1421e-15,ok
Ek1.9e-3,0.0019,9.2,8,21.0378,3.35502,True,4.99874e-15,ok
Ek1.9e-3,0.0019,9.2,9,25.4623,3.38592,True,3.18202e-15,ok
Ek1.9e-3,0.0019,9.2,10,30.9312,3.34177,True,9.91865e-15,ok
Ek1.9e-3,0.0019,9.2,11,37.5647,3.25319,True,2.93744e-15,ok
Ek1.9e-3,0.0019,9.2,12,45.4869,3.14073,True,1.36893e-14,ok
Ek1.9e-3,0.0019,9.2,13,54.8274,3.01748,True,1.56686e-14,ok
Ek1.9e-3,0.0019,9.2,14,65.7221,2.89144,True,1.16024e-14,ok
Ek1.9e-3,0.0019,9.2,15,78.3132,2.76734,True,2.55068e-14,ok
Ek1.9e-3,0.0019,9.4,1,12.0725,0.07623,True,1.27998e-15,ok
Ek1.9e-3,0.0019,9.4,2,10.0026,0.19361,True,1.29843e-15,ok
Ek1.9e-3,0.0019,9.4,3,10.251,0.842704,True,2.83833e-15,ok
Ek1.9e-3,0.0019,9.4,4,11.1548,1.63348,True,7.70209e-15,ok
Ek1.9e-3,0.0019,9.4,5,12.5622,2.33021,True,3.31559e-15,ok
Ek1.9e-3,0.0019,9.4,6,14.5302,2.83549,True,0.0,ok
Ek1.9e-3,0.0019,9.4,7,17.167,3.14239,True,0.0,ok
Ek1.9e-3,0.0019,9.4,8,20.5916,3.28765,True,2.4e-15,ok
Ek1.9e-3,0.0019,9.4,9,24.922,3.3184,True,1.40594e-14,ok
Ek1.9e-3,0.0019,9.4,10,30.2746,3.27551,True,1.01248e-14,ok
Ek1.9e-3,0.0019,9.4,11,36.7669,3.18899,True,1.0726e-14,ok
Ek1.9e-3,0.0019,9.4,12,44.5204,3.07897,True,6.84124e-15,ok
Ek1.9e-3,0.0019,9.4,13,53.6621,2.95831,True,2.08899e-14,ok
Ek1.9e-3,0.0019,9.4,14,64.3248,2.83488,True,2.09675e-14,ok
Ek1.9e-3,0.0019,9.4,15,76.6479,2.71331,True,5.72145e-15,ok
Ek1.9e-3,0.0019,9.6,1,11.8207,0.0746522,True,8.71161e-16,ok
Ek1.9e-3,0.0019,9.6,2,9.79392,0.189604,True,1.30911e-15,ok
Ek1.9e-3,0.0019,9.6,3,10.0367,0.825321,True,2.11745e-15,ok
Ek1.9e-3,0.0019,9.6,4,10.9219,1.60005,True,1.98963e-15,ok
Ek1.9e-3,0.0019,9.6,5,12.3005,2.283,True,2.89329e-16,ok
Ek1.9e-3,0.0019,9.6,6,14.2281,2.77865,True,2.14298e-15,ok
Ek1.9e-3,0.0019,9.6,7,16.8104,3.08001,True,2.63301e-15,ok
Ek1.9e-3,0.0019,9.6,8,20.1639,3.22293,True,4.03626e-15,ok
Ek1.9e-3,0.0019,9.6,9,24.4042,3.25353,True,1.64531e-14,ok
Ek1.9e-3,0.0019,9.6,10,29.6452,3.21184,True,1.43162e-14,ok
Ek1.9e-3,0.0019,9.6,11,36.0022,3.12727,True,7.05755e-15,ok
Ek1.9e-3,0.0019,9.6,12,43.5941,3.0196,True,2.02459e-15,ok
Ek1.9e-3,0.0019,9.6,13,52.5452,2.90143,True,1.40192e-14,ok
Ek1.9e-3,0.0019,9.6,14,62.9857,2.78049,True,7.72493e-15,ok
Ek1.9e-3,0.0019,9.6,15,75.052,2.66134,True,1.65132e-14,ok
Ek1.9e-3,0.0019,9.8,1,11.5793,0.0731385,True,2.56558e-16,ok
Ek1.9e-3,0.0019,9.8,2,9.59375,0.18576,True,8.88797e-16,ok
Ek1.9e-3,0.0019,9.8,3,9.83122,0.80864,True,1.30675e-15,ok
Ek1.9e-3,0.0019,9.8,4,10.6985,1.56796,True,4.91304e-15,ok
Ek1.9e-3,0.0019,9.8,5,12.0495,2.23767,True,1.66772e-15,ok
Ek1.9e-3,0.0019,9.8,6,13.9383,2.72404,True,4.94299e-15,ok
Ek1.9e-3,0.0019,9.8,7,16.4683,3.02005,True,4.05041e-15,ok
Ek1.9e-3,0.0019,9.8,8,19.7536,3.16071,True,5.5456e-15,ok
Ek1.9e-3,0.0019,9.8,9,23.9075,3.19115,True,1.52629e-14,ok
Ek1.9e-3,0.0019,9.8,10,29.0415,3.15059,True,7.16321e-15,ok
Ek1.9e-3,0.0019,9.8,11,35.2687,3.0679,True,3.65729e-15,ok
Ek1.9e-3,0.0019,9.8,12,42.7056,2.96247,True,2.1923e-14,ok
Ek1.9e-3,0.0019,9.8,13,51.4739,2.84668,True,5.39809e-15,ok
Ek1.9e-3,0.0019,9.8,14,61.7013,2.72814,True,1.48736e-14,ok
Ek1.9e-3,0.0019,9.8,15,73.5212,2.61133,True,3.78534e-16,ok
Ek1.9e-3,0.0019,10.0,1,11.3475,0.0716849,True,4.74666e-16,ok
Ek1.9e-3,0.0019,10.0,2,9.4016,0.182069,True,9.71597e-16,ok
Ek1.9e-3,0.0019,10.0,3,9.63398,0.792621,True,6.97495e-16,ok
Ek1.9e-3,0.0019,10.0,4,10.4841,1.53713,True,0.0,ok
Ek1.9e-3,0.0019,10.0,5,11.8085,2.19411,True,0.0,ok
Ek1.9e-3,0.0019,10.0,6,13.6601,2.67154,True,4.75429e-15,ok
Ek1.9e-3,0.0019,10.0,7,16.1399,2.96239,True,5.84582e-15,ok
Ek1.9e-3,0.0019,10.0,8,19.3597,3.10084,True,2.13501e-15,ok
Ek1.9e-3,0.0019,10.0,9,23.4306,3.13111,True,6.53067e-15,ok
Ek1.9e-3,0.0019,10.0,10,28.462,3.09164,True,9.55058e-15,ok
Ek1.9e-3,0.0019,10.0,11,34.5645,3.01073,True,5.03182e-15,ok
Ek1.9e-3,0.0019,10.0,12,41.8526,2.90746,True,6.10029e-15,ok
Ek1.9e-3,0.0019,10.0,13,50.4455,2.79397,True,1.47334e-14,ok
Ek1.9e-3,0.0019,10.0,14,60.4681,2.67774,True,0.0,ok
Ek1.9e-3,0.0019,10.0,15,72.0516,2.56317,True,4.26698e-14,ok
Ek1.9e-3,0.0019,20.0,1,5.67115,0.0359553,True,6.20041e-16,ok
Ek1.9e-3,0.0019,20.0,2,4.69738,0.0913342,True,7.40913e-17,ok
Ek1.9e-3,0.0019,20.0,3,4.80931,0.398224,True,3.52124e-16,ok
Ek1.9e-3,0.0019,20.0,4,5.23632,0.775212,True,6.67192e-16,ok
Ek1.9e-3,0.0019,20.0,5,5.90456,1.11192,True,2.60804e-15,ok
Ek1.9e-3,0.0019,20.0,6,6.83696,1.3606,True,4.72715e-15,ok
Ek1.9e-3,0.0019,20.0,7,8.08188,1.51561,True,2.29525e-15,ok
Ek1.9e-3,0.0019,20.0,8,9.69471,1.59268,True,2.81623e-15,ok
Ek1.9e-3,0.0019,20.0,9,11.7313,1.61344,True,5.2022e-15,ok
Ek1.9e-3,0.0019,20.0,10,14.2469,1.59726,True,0.0,ok
Ek1.9e-3,0.0019,20.0,11,17.2975,1.55869,True,4.31568e-15,ok
Ek1.9e-3,0.0019,20.0,12,20.9405,1.5077,True,3.78559e-15,ok
Ek1.9e-3,0.0019,20.0,13,25.2357,1.45075,True,5.14068e-15,ok
Ek1.9e-3,0.0019,20.0,14,30.2458,1.39186,True,7.09767e-15,ok
Ek1.9e-3,0.0019,20.0,15,36.0365,1.33344,True,2.17145e-15,ok
Ek1.9e-3,0.0019,40.0,1,2.83493,0.0180061,True,1.65868e-16,ok
Ek1.9e-3,0.0019,40.0,2,2.34784,0.0457429,True,2.82483e-16,ok
Ek1.9e-3,0.0019,40.0,3,2.40272,0.199603,True,0.0,ok
Ek1.9e-3,0.0019,40.0,4,2.61672,0.389313,True,1.00962e-15,ok
Ek1.9e-3,0.0019,40.0,5,2.95238,0.559791,True,3.47906e-16,ok
Ek1.9e-3,0.0019,40.0,6,3.42029,0.686718,True,4.18848e-16,ok
Ek1.9e-3,0.0019,40.0,7,4.04409,0.766743,True,2.08862e-15,ok
Ek1.9e-3,0.0019,40.0,8,4.85131,0.807362,True,1.30263e-15,ok
Ek1.9e-3,0.0019,40.0,9,5.86994,0.81926,True,2.83163e-15,ok
Ek1.9e-3,0.0019,40.0,10,7.12778,0.812147,True,1.0252e-15,ok
Ek1.9e-3,0.0019,40.0,11,8.65287,0.7934,True,2.37615e-15,ok
Ek1.9e-3,0.0019,40.0,12,10.4741,0.768113,True,2.2271e-15,ok
Ek1.9e-3,0.0019,40.0,13,12.6214,0.739612,True,4.25124e-15,ok
Ek1.9e-3,0.0019,40.0,14,15.1261,0.709982,True,2.12661e-15,ok
Ek1.9e-3,0.0019,40.0,15,18.0211,0.680487,True,5.9636e-15,ok
Ek1.9e-3,0.0019,60.0,1,1.88981,0.0120104,True,1.96792e-16,ok
Ek1.9e-3,0.0019,60.0,2,1.56503,0.0305122,True,2.51375e-16,ok
Ek1.9e-3,0.0019,60.0,3,1.60139,0.133179,True,3.15064e-17,ok
Ek1.9e-3,0.0019,60.0,4,1.74416,0.259926,True,2.40026e-16,ok
Ek1.9e-3,0.0019,60.0,5,1.96828,0.374056,True,4.97088e-16,ok
Ek1.9e-3,0.0019,60.0,6,2.28061,0.45926,True,6.08836e-16,ok
Ek1.9e-3,0.0019,60.0,7,2.69678,0.513182,True,1.40344e-15,ok
Ek1.9e-3,0.0019,60.0,8,3.23511,0.540739,True,4.54478e-16,ok
Ek1.9e-3,0.0019,60.0,9,3.91428,0.54902,True,7.36222e-16,ok
Ek1.9e-3,0.0019,60.0,10,4.75284,0.544505,True,4.60831e-16,ok
Ek1.9e-3,0.0019,60.0,11,5.76953,0.532133,True,1.25751e-16,ok
Ek1.9e-3,0.0019,60.0,12,6.9836,0.515326,True,2.47658e-15,ok
Ek1.9e-3,0.0019,60.0,13,8.41507,0.496321,True,1.09395e-15,ok
Ek1.9e-3,0.0019,60.0,14,10.0848,0.476528,True,2.97488e-15,ok
Ek1.9e-3,0.0019,60.0,15,12.0148,0.456802,True,5.65271e-15,ok
Ek1.9e-3,0.0019,80.0,1,1.4173,0.0090102,True,2.88422e-17,ok
Ek1.9e-3,0.0019,80.0,2,1.1737,0.0228905,True,1.89877e-16,ok
Ek1.9e-3,0.0019,80.0,3,1.20088,0.0999255,True,2.83794e-16,ok
Ek1.9e-3,0.0019,80.0,4,1.308,0.195089,True,3.38038e-17,ok
Ek1.9e-3,0.0019,80.0,5,1.47622,0.280867,True,3.50325e-16,ok
Ek1.9e-3,0.0019,80.0,6,1.71061,0.344991,True,1.58565e-16,ok
Ek1.9e-3,0.0019,80.0,7,2.02286,0.385649,True,1.05676e-15,ok
Ek1.9e-3,0.0019,80.0,8,2.42668,0.406497,True,3.66906e-16,ok
Ek1.9e-3,0.0019,80.0,9,2.93608,0.412841,True,1.21103e-15,ok
Ek1.9e-3,0.0019,80.0,10,3.565,0.409541,True,2.08556e-15,ok
Ek1.9e-3,0.0019,80.0,11,4.32751,0.400311,True,2.13494e-16,ok
Ek1.9e-3,0.0019,80.0,12,5.23804,0.387725,True,2.0028e-16,ok
Ek1.9e-3,0.0019,80.0,13,6.31161,0.373471,True,2.04408e-15,ok
Ek1.9e-3,0.0019,80.0,14,7.56391,0.358611,True,8.56662e-16,ok
Ek1.9e-3,0.0019,80.0,15,9.01133,0.343793,True,1.41719e-15,ok
Ek1.9e-3,0.0019,100.0,1,1.13381,0.0072093,True,1.50674e-16,ok
Ek1.9e-3,0.0019,100.0,2,0.938928,0.0183155,True,4.05207e-17,ok
Ek1.9e-3,0.0019,100.0,3,0.960625,0.0799603,True,1.47646e-16,ok
Ek1.9e-3,0.0019,100.0,4,1.04634,0.156141,True,6.9292e-16,ok
Ek1.9e-3,0.0019,100.0,5,1.18098,0.22485,True,0.0,ok
Ek1.9e-3,0.0019,100.0,6,1.36856,0.276255,True,1.69458e-16,ok
Ek1.9e-3,0.0019,100.0,7,1.61842,0.308886,True,6.77935e-16,ok
Ek1.9e-3,0.0019,100.0,8,1.94151,0.325652,True,8.00621e-16,ok
Ek1.9e-3,0.0019,100.0,9,2.34905,0.330791,True,4.37341e-16,ok
Ek1.9e-3,0.0019,100.0,10,2.85219,0.328193,True,9.56664e-17,ok
Ek1.9e-3,0.0019,100.0,11,3.46218,0.320832,True,5.02828e-16,ok
Ek1.9e-3,0.0019,100.0,12,4.19059,0.310773,True,3.00231e-16,ok
Ek1.9e-3,0.0019,100.0,13,5.04944,0.29937,True,1.11441e-15,ok
Ek1.9e-3,0.0019,100.0,14,6.05127,0.287475,True,9.90913e-16,ok
Ek1.9e-3,0.0019,100.0,15,7.20919,0.27561,True,5.73467e-16,ok
Ek2.7e-3,0.0027,0.01,1,5154.352090990414,272.8809889947873,True,2.16095e-05,ok
Ek2.7e-3,0.0027,0.01,2,7103.579859328091,194.13700121471564,True,1.73824e-06,ok
Ek2.7e-3,0.0027,0.01,3,9134.19,135.899,True,2.14982e-09,ok
Ek2.7e-3,0.0027,0.01,4,11079.19999953698,90.50490000472284,True,1.04194e-08,ok
Ek2.7e-3,0.0027,0.01,5,13005.1,66.7798,True,1.95723e-12,ok
Ek2.7e-3,0.0027,0.01,6,15697.7,54.5325,True,1.23809e-13,ok
Ek2.7e-3,0.0027,0.01,7,19385.8,46.7719,True,6.07184e-14,ok
Ek2.7e-3,0.0027,0.01,8,24180.9,41.1972,True,1.23656e-13,ok
Ek2.7e-3,0.0027,0.01,9,30200.8,36.9069,True,1.03968e-13,ok
Ek2.7e-3,0.0027,0.01,10,37579.5,33.4662,True,1.01029e-13,ok
Ek2.7e-3,0.0027,0.01,11,46464.8,30.6306,True,2.34371e-13,ok
Ek2.7e-3,0.0027,0.01,12,57016.0,28.247,True,5.53651e-14,ok
Ek2.7e-3,0.0027,0.01,13,69402.8,26.2126,True,4.76771e-15,ok
Ek2.7e-3,0.0027,0.01,14,83803.9,24.4544,True,1.95031e-13,ok
Ek2.7e-3,0.0027,0.01,15,100407.0,22.9192,True,3.57202e-13,ok
Ek2.7e-3,0.0027,0.03,1,2205.047306932169,253.9780462474476,True,6.05401e-05,ok
Ek2.7e-3,0.0027,0.03,2,2606.479781626979,177.066,True,1.62768e-06,ok
Ek2.7e-3,0.0027,0.03,3,3177.889941980723,123.45000234077771,True,2.58343e-06,ok
Ek2.7e-3,0.0027,0.03,4,3731.03,83.125,True,2.07321e-09,ok
Ek2.7e-3,0.0027,0.03,5,4342.53,63.1148,True,2.00604e-11,ok
Ek2.7e-3,0.0027,0.03,6,5234.75,52.3083,True,1.89859e-14,ok
Ek2.7e-3,0.0027,0.03,7,6462.86,45.1986,True,1.41756e-13,ok
Ek2.7e-3,0.0027,0.03,8,8060.79,39.977,True,1.33074e-13,ok
Ek2.7e-3,0.0027,0.03,9,10067.3,35.9047,True,1.11816e-13,ok
Ek2.7e-3,0.0027,0.03,10,12526.7,32.6114,True,8.85544e-14,ok
Ek2.7e-3,0.0027,0.03,11,15488.4,29.8821,True,1.42508e-13,ok
Ek2.7e-3,0.0027,0.03,12,19005.5,27.5791,True,1.00278e-13,ok
Ek2.7e-3,0.0027,0.03,13,23134.4,25.6081,True,4.73236e-13,ok
Ek2.7e-3,0.0027,0.03,14,27934.7,23.9014,True,4.75682e-14,ok
Ek2.7e-3,0.0027,0.03,15,33469.1,22.4087,True,2.64812e-13,ok
Ek2.7e-3,0.0027,0.05,1,1911.391733363384,233.27295386011136,True,3.92444e-05,ok
Ek2.7e-3,0.0027,0.05,2,1747.0193989670618,158.33503496918914,True,3.14904e-05,ok
Ek2.7e-3,0.0027,0.05,3,1989.9201276705787,110.8709904247066,True,9.9771e-06,ok
Ek2.7e-3,0.0027,0.05,4,2257.93,76.5237,True,2.48584e-09,ok
Ek2.7e-3,0.0027,0.05,5,2609.82,59.8083,True,5.89491e-12,ok
Ek2.7e-3,0.0027,0.05,6,3142.37,50.256,True,2.62879e-14,ok
Ek2.7e-3,0.0027,0.05,7,3878.47,43.7274,True,1.59213e-13,ok
Ek2.7e-3,0.0027,0.05,8,4836.94,38.827,True,5.75336e-14,ok
Ek2.7e-3,0.0027,0.05,9,6040.68,34.9555,True,3.39143e-14,ok
Ek2.7e-3,0.0027,0.05,10,7516.28,31.7991,True,1.75412e-14,ok
Ek2.7e-3,0.0027,0.05,11,9293.25,29.1693,True,1.88926e-13,ok
Ek2.7e-3,0.0027,0.05,12,11403.4,26.942,True,1.09801e-12,ok
Ek2.7e-3,0.0027,0.05,13,13880.7,25.0309,True,2.13028e-13,ok
Ek2.7e-3,0.0027,0.05,14,16760.9,23.3727,True,1.78159e-13,ok
Ek2.7e-3,0.0027,0.05,15,20081.6,21.9205,True,1.53374e-13,ok
Ek2.7e-3,0.0027,0.07,1,1505.1199855522088,-88.85060069349397,True,5.89357e-07,ok
Ek2.7e-3,0.0027,0.07,2,1386.3799566875407,138.6120039959237,True,3.39364e-06,ok
Ek2.7e-3,0.0027,0.07,3,1476.339996469315,98.54480038703127,True,4.42669e-07,ok
Ek2.7e-3,0.0027,0.07,4,1624.07,70.6879,True,8.20352e-10,ok
Ek2.7e-3,0.0027,0.07,5,1867.07,56.8174,True,4.48005e-13,ok
Ek2.7e-3,0.0027,0.07,6,2245.74,48.3572,True,5.67911e-14,ok
Ek2.7e-3,0.0027,0.07,7,2770.99,42.3487,True,0.0,ok
Ek2.7e-3,0.0027,0.07,8,3455.38,37.7413,True,7.41286e-14,ok
Ek2.7e-3,0.0027,0.07,9,4315.07,34.0552,True,1.36807e-13,ok
Ek2.7e-3,0.0027,0.07,10,5369.0,31.0263,True,3.3398e-15,ok
Ek2.7e-3,0.0027,0.07,11,6638.22,28.4897,True,2.30913e-13,ok
Ek2.7e-3,0.0027,0.07,12,8145.45,26.3337,True,1.5398e-13,ok
Ek2.7e-3,0.0027,0.07,13,9914.93,24.4791,True,4.57375e-14,ok
Ek2.7e-3,0.0027,0.07,14,11972.2,22.867,True,2.72126e-13,ok
Ek2.7e-3,0.0027,0.07,15,14344.1,21.4532,True,1.11774e-13,ok
Ek2.7e-3,0.0027,0.1,1,1154.28,-76.5496,True,9.62681e-09,ok
Ek2.7e-3,0.0027,0.1,2,1096.81,110.339,True,1.01908e-10,ok
Ek2.7e-3,0.0027,0.1,3,1077.2900004653018,81.718899936021,True,1.0863e-07,ok
Ek2.7e-3,0.0027,0.1,4,1145.78,63.2399,True,2.29865e-10,ok
Ek2.7e-3,0.0027,0.1,5,1309.77,52.8399,True,6.10275e-13,ok
Ek2.7e-3,0.0027,0.1,6,1573.36,45.7625,True,4.35944e-14,ok
Ek2.7e-3,0.0027,0.1,7,1940.5,40.4363,True,6.80745e-14,ok
Ek2.7e-3,0.0027,0.1,8,2419.32,36.222,True,1.18353e-13,ok
Ek2.7e-3,0.0027,0.1,9,3020.95,32.7885,True,2.68557e-13,ok
Ek2.7e-3,0.0027,0.1,10,3758.61,29.9351,True,6.83981e-14,ok
Ek2.7e-3,0.0027,0.1,11,4646.99,27.5276,True,2.62905e-14,ok
Ek2.7e-3,0.0027,0.1,12,5702.02,25.4711,True,2.29591e-13,ok
Ek2.7e-3,0.0027,0.1,13,6940.62,23.6955,True,2.72722e-13,ok
Ek2.7e-3,0.0027,0.1,14,8380.68,22.1481,True,2.11035e-13,ok
Ek2.7e-3,0.0027,0.1,15,10041.0,20.7883,True,3.05864e-13,ok
Ek2.7e-3,0.0027,0.3,1,1179.119999838134,-47.59870002893911,True,2.63104e-08,ok
Ek2.7e-3,0.0027,0.3,2,1202.45,-45.6248,True,1.66385e-09,ok
Ek2.7e-3,0.0027,0.3,3,369.894,33.9359,True,7.19204e-14,ok
Ek2.7e-3,0.0027,0.3,4,388.434,36.9259,True,2.36534e-14,ok
Ek2.7e-3,0.0027,0.3,5,441.025,36.0413,True,8.11212e-14,ok
Ek2.7e-3,0.0027,0.3,6,527.563,33.7176,True,1.26219e-13,ok
Ek2.7e-3,0.0027,0.3,7,649.091,31.0846,True,3.01712e-14,ok
Ek2.7e-3,0.0027,0.3,8,808.135,28.5599,True,3.39591e-14,ok
Ek2.7e-3,0.0027,0.3,9,1008.3,26.2742,True,1.91607e-14,ok
Ek2.7e-3,0.0027,0.3,10,1253.91,24.2496,True,5.71253e-14,ok
Ek2.7e-3,0.0027,0.3,11,1549.84,22.4696,True,7.00663e-14,ok
Ek2.7e-3,0.0027,0.3,12,1901.36,20.9057,True,1.06142e-13,ok
Ek2.7e-3,0.0027,0.3,13,2314.12,19.5284,True,4.76317e-14,ok
Ek2.7e-3,0.0027,0.3,14,2794.05,18.3106,True,2.2334e-13,ok
Ek2.7e-3,0.0027,0.3,15,3347.4,17.2287,True,1.52415e-13,ok
Ek2.7e-3,0.0027,0.5,1,290.634,12.3981,True,1.11993e-12,ok
Ek2.7e-3,0.0027,0.5,2,220.958,14.4366,True,4.0493e-14,ok
Ek2.7e-3,0.0027,0.5,3,218.828,21.9426,True,6.68184e-15,ok
Ek2.7e-3,0.0027,0.5,4,233.678,26.3199,True,4.80683e-15,ok
Ek2.7e-3,0.0027,0.5,5,266.197,27.4288,True,0.0,ok
Ek2.7e-3,0.0027,0.5,6,318.102,26.719,True,7.43059e-14,ok
Ek2.7e-3,0.0027,0.5,7,390.779,25.2554,True,3.98327e-14,ok
Ek2.7e-3,0.0027,0.5,8,485.96,23.577,True,3.85715e-14,ok
Ek2.7e-3,0.0027,0.5,9,605.853,21.9208,True,1.33371e-14,ok
Ek2.7e-3,0.0027,0.5,10,753.06,20.3797,True,8.06943e-14,ok
Ek2.7e-3,0.0027,0.5,11,930.493,18.982,True,1.05008e-13,ok
Ek2.7e-3,0.0027,0.5,12,1141.31,17.7282,True,3.92549e-14,ok
Ek2.7e-3,0.0027,0.5,13,1388.88,16.6078,True,4.01915e-14,ok
Ek2.7e-3,0.0027,0.5,14,1676.78,15.6065,True,5.74621e-14,ok
Ek2.7e-3,0.0027,0.5,15,2008.75,14.7099,True,6.60639e-14,ok
Ek2.7e-3,0.0027,0.7,1,199.013,8.38416,True,7.80421e-15,ok
Ek2.7e-3,0.0027,0.7,2,154.576,10.3915,True,1.49857e-14,ok
Ek2.7e-3,0.0027,0.7,3,154.968,16.4044,True,1.68056e-14,ok
Ek2.7e-3,0.0027,0.7,4,167.06,20.5503,True,3.22345e-14,ok
Ek2.7e-3,0.0027,0.7,5,190.906,22.1809,True,2.73109e-14,ok
Ek2.7e-3,0.0027,0.7,6,228.09,22.1422,True,3.40199e-14,ok
Ek2.7e-3,0.0027,0.7,7,279.927,21.2731,True,3.14017e-14,ok
Ek2.7e-3,0.0027,0.7,8,347.797,20.0768,True,4.19538e-14,ok
Ek2.7e-3,0.0027,0.7,9,433.322,18.8059,True,7.36206e-15,ok
Ek2.7e-3,0.0027,0.7,10,538.375,17.5753,True,3.64374e-14,ok
Ek2.7e-3,0.0027,0.7,11,665.035,16.4318,True,2.06088e-14,ok
Ek2.7e-3,0.0027,0.7,12,815.557,15.3893,True,5.25871e-14,ok
Ek2.7e-3,0.0027,0.7,13,992.346,14.4472,True,5.21386e-14,ok
Ek2.7e-3,0.0027,0.7,14,1197.95,13.5984,True,1.25745e-13,ok
Ek2.7e-3,0.0027,0.7,15,1435.03,12.8337,True,1.18858e-13,ok
Ek2.7e-3,0.0027,1.0,1,135.494,5.76583,True,8.30456e-15,ok
Ek2.7e-3,0.0027,1.0,2,106.49,7.38488,True,9.08215e-15,ok
Ek2.7e-3,0.0027,1.0,3,107.671,11.9783,True,0.0,ok
Ek2.7e-3,0.0027,1.0,4,117.021,15.5218,True,2.67481e-14,ok
Ek2.7e-3,0.0027,1.0,5,134.184,17.2635,True,1.2408e-14,ok
Ek2.7e-3,0.0027,1.0,6,160.35,17.6285,True,1.29381e-14,ok
Ek2.7e-3,0.0027,1.0,7,196.612,17.2092,True,2.05501e-14,ok
Ek2.7e-3,0.0027,1.0,8,244.044,16.4224,True,3.18136e-14,ok
Ek2.7e-3,0.0027,1.0,9,303.828,15.5027,True,1.03394e-13,ok
Ek2.7e-3,0.0027,1.0,10,377.288,14.5687,True,7.36385e-14,ok
Ek2.7e-3,0.0027,1.0,11,465.885,13.676,True,7.7868e-15,ok
Ek2.7e-3,0.0027,1.0,12,571.197,12.847,True,8.93285e-14,ok
Ek2.7e-3,0.0027,1.0,13,694.905,12.0883,True,1.72372e-13,ok
Ek2.7e-3,0.0027,1.0,14,838.789,11.3984,True,4.32732e-14,ok
Ek2.7e-3,0.0027,1.0,15,1004.72,10.7727,True,1.48168e-13,ok
Ek2.7e-3,0.0027,1.2,1,111.758,4.79145,True,1.21071e-14,ok
Ek2.7e-3,0.0027,1.2,2,88.1825,6.2047,True,1.28225e-14,ok
Ek2.7e-3,0.0027,1.2,3,89.4457,10.171,True,1.57922e-14,ok
Ek2.7e-3,0.0027,1.2,4,97.5475,13.3604,True,1.73404e-14,ok
Ek2.7e-3,0.0027,1.2,5,112.042,15.0497,True,3.30038e-14,ok
Ek2.7e-3,0.0027,1.2,6,133.916,15.5237,True,0.0,ok
Ek2.7e-3,0.0027,1.2,7,164.135,15.267,True,9.704e-15,ok
Ek2.7e-3,0.0027,1.2,8,203.635,14.6461,True,5.95379e-14,ok
Ek2.7e-3,0.0027,1.2,9,253.42,13.878,True,6.14753e-14,ok
Ek2.7e-3,0.0027,1.2,10,314.605,13.0775,True,4.74678e-15,ok
Ek2.7e-3,0.0027,1.2,11,388.407,12.3008,True,2.09983e-14,ok
Ek2.7e-3,0.0027,1.2,12,476.142,11.5726,True,8.73527e-14,ok
Ek2.7e-3,0.0027,1.2,13,579.212,10.9016,True,1.64931e-13,ok
Ek2.7e-3,0.0027,1.2,14,699.099,10.2887,True,6.02319e-14,ok
Ek2.7e-3,0.0027,1.2,15,837.36,9.73085,True,8.93575e-14,ok
Ek2.7e-3,0.0027,1.4,1,95.1051,4.10398,True,3.73983e-15,ok
Ek2.7e-3,0.0027,1.4,2,75.2404,5.35405,True,1.59127e-14,ok
Ek2.7e-3,0.0027,1.4,3,76.4906,8.84393,True,1.41109e-14,ok
Ek2.7e-3,0.0027,1.4,4,83.6334,11.7332,True,0.0,ok
Ek2.7e-3,0.0027,1.4,5,96.1891,13.3428,True,2.22359e-14,ok
Ek2.7e-3,0.0027,1.4,6,114.991,13.8698,True,2.66969e-14,ok
Ek2.7e-3,0.0027,1.4,7,140.898,13.7196,True,4.17951e-14,ok
Ek2.7e-3,0.0027,1.4,8,174.738,13.2169,True,2.18184e-14,ok
Ek2.7e-3,0.0027,1.4,9,217.388,12.5617,True,2.18986e-15,ok
Ek2.7e-3,0.0027,1.4,10,269.809,11.8633,True,4.29686e-14,ok
Ek2.7e-3,0.0027,1.4,11,333.047,11.1769,True,6.41449e-14,ok
Ek2.7e-3,0.0027,1.4,12,408.231,10.5281,True,0.0,ok
Ek2.7e-3,0.0027,1.4,13,496.562,9.92713,True,7.11167e-14,ok
Ek2.7e-3,0.0027,1.4,14,599.309,9.37593,True,3.9039e-14,ok
Ek2.7e-3,0.0027,1.4,15,717.808,8.87278,True,5.89974e-14,ok
Ek2.7e-3,0.0027,1.6,1,82.7733,3.59145,True,4.29606e-15,ok
Ek2.7e-3,0.0027,1.6,2,65.6082,4.71065,True,8.62264e-15,ok
Ek2.7e-3,0.0027,1.6,3,66.8105,7.8265,True,6.80057e-15,ok
Ek2.7e-3,0.0027,1.6,4,73.1951,10.4626,True,1.0634e-14,ok
Ek2.7e-3,0.0027,1.6,5,84.2755,11.9858,True,4.58542e-14,ok
Ek2.7e-3,0.0027,1.6,6,100.768,12.5355,True,2.18075e-14,ok
Ek2.7e-3,0.0027,1.6,7,123.442,12.4576,True,4.09205e-14,ok
Ek2.7e-3,0.0027,1.6,8,153.041,12.0421,True,2.81743e-14,ok
Ek2.7e-3,0.0027,1.6,9,190.344,11.4736,True,3.65384e-14,ok
Ek2.7e-3,0.0027,1.6,10,236.195,10.8554,True,7.03204e-14,ok
Ek2.7e-3,0.0027,1.6,11,291.513,10.2412,True,4.36659e-14,ok
Ek2.7e-3,0.0027,1.6,12,357.286,9.65666,True,3.36471e-14,ok
Ek2.7e-3,0.0027,1.6,13,434.564,9.11258,True,1.1524e-15,ok
Ek2.7e-3,0.0027,1.6,14,524.459,8.61192,True,1.74972e-14,ok
Ek2.7e-3,0.0027,1.6,15,628.137,8.15377,True,9.22651e-15,ok
Ek2.7e-3,0.0027,1.8,1,73.2731,3.19396,True,6.2292e-15,ok
Ek2.7e-3,0.0027,1.8,2,58.1607,4.20645,True,1.47334e-15,ok
Ek2.7e-3,0.0027,1.8,3,59.3037,7.02088,True,1.36815e-14,ok
Ek2.7e-3,0.0027,1.8,4,65.0745,9.44213,True,6.18629e-15,ok
Ek2.7e-3,0.0027,1.8,5,74.9935,10.8806,True,1.31436e-14,ok
Ek2.7e-3,0.0027,1.8,6,89.6854,11.4362,True,1.45201e-14,ok
Ek2.7e-3,0.0027,1.8,7,109.846,11.4085,True,6.68314e-14,ok
Ek2.7e-3,0.0027,1.8,8,136.149,11.0593,True,3.05525e-14,ok
Ek2.7e-3,0.0027,1.8,9,169.295,10.5591,True,8.51006e-14,ok
Ek2.7e-3,0.0027,1.8,10,210.039,10.0054,True,4.16786e-14,ok
Ek2.7e-3,0.0027,1.8,11,259.199,9.45009,True,5.94885e-14,ok
Ek2.7e-3,0.0027,1.8,12,317.653,8.91843,True,3.42183e-14,ok
Ek2.7e-3,0.0027,1.8,13,386.336,8.42156,True,1.08267e-14,ok
Ek2.7e-3,0.0027,1.8,14,466.236,7.96303,True,9.15189e-14,ok
Ek2.7e-3,0.0027,1.8,15,558.388,7.54256,True,3.94755e-14,ok
Ek2.7e-3,0.0027,2.0,1,65.7295,2.8764,True,1.37784e-15,ok
Ek2.7e-3,0.0027,2.0,2,52.2306,3.80042,True,7.21581e-15,ok
Ek2.7e-3,0.0027,2.0,3,53.3127,6.36675,True,9.0007e-15,ok
Ek2.7e-3,0.0027,2.0,4,58.5768,8.60422,True,2.67126e-14,ok
Ek2.7e-3,0.0027,2.0,5,67.5568,9.96289,True,3.44374e-14,ok
Ek2.7e-3,0.0027,2.0,6,80.8049,10.5146,True,1.38085e-14,ok
Ek2.7e-3,0.0027,2.0,7,98.9547,10.5227,True,5.07091e-14,ok
Ek2.7e-3,0.0027,2.0,8,122.623,10.2249,True,0.0,ok
Ek2.7e-3,0.0027,2.0,9,152.445,9.77959,True,9.55639e-14,ok
Ek2.7e-3,0.0027,2.0,10,189.105,9.27892,True,3.94302e-14,ok
Ek2.7e-3,0.0027,2.0,11,233.34,8.77245,True,4.6991e-14,ok
Ek2.7e-3,0.0027,2.0,12,285.941,8.28506,True,4.00093e-14,ok
Ek2.7e-3,0.0027,2.0,13,347.749,7.82796,True,6.63303e-14,ok
Ek2.7e-3,0.0027,2.0,14,419.652,7.40509,True,3.04397e-15,ok
Ek2.7e-3,0.0027,2.0,15,502.584,7.01659,True,1.32548e-13,ok
Ek2.7e-3,0.0027,2.2,1,59.5942,2.61669,True,3.80087e-16,ok
Ek2.7e-3,0.0027,2.2,2,47.3974,3.46628,True,6.66971e-15,ok
Ek2.7e-3,0.0027,2.2,3,48.4205,5.82483,True,9.41709e-15,ok
Ek2.7e-3,0.0027,2.2,4,53.2594,7.90365,True,1.90721e-14,ok
Ek2.7e-3,0.0027,2.2,5,61.4643,9.1885,True,2.92921e-14,ok
Ek2.7e-3,0.0027,2.2,6,73.5285,9.73075,True,1.18265e-14,ok
Ek2.7e-3,0.0027,2.2,7,90.0332,9.76463,True,2.3818e-14,ok
Ek2.7e-3,0.0027,2.2,8,111.546,9.50765,True,2.50897e-14,ok
Ek2.7e-3,0.0027,2.2,9,138.65,9.10733,True,4.48918e-14,ok
Ek2.7e-3,0.0027,2.2,10,171.97,8.65079,True,3.63496e-14,ok
Ek2.7e-3,0.0027,2.2,11,212.176,8.18551,True,3.16148e-14,ok
Ek2.7e-3,0.0027,2.2,12,259.989,7.73569,True,2.40833e-14,ok
Ek2.7e-3,0.0027,2.2,13,316.172,7.31253,True,7.71772e-14,ok
Ek2.7e-3,0.0027,2.2,14,381.534,6.92021,True,3.4559e-14,ok
Ek2.7e-3,0.0027,2.2,15,456.923,6.5592,True,3.70181e-14,ok
Ek2.7e-3,0.0027,2.4,1,54.5065,2.40025,True,2.87831e-15,ok
Ek2.7e-3,0.0027,2.4,2,43.3825,3.18641,True,5.63616e-15,ok
Ek2.7e-3,0.0027,2.4,3,44.3504,5.36838,True,9.59883e-15,ok
Ek2.7e-3,0.0027,2.4,4,48.8275,7.30909,True,1.03795e-14,ok
Ek2.7e-3,0.0027,2.4,5,56.3814,8.5262,True,2.01772e-14,ok
Ek2.7e-3,0.0027,2.4,6,67.457,9.05591,True,5.69056e-15,ok
Ek2.7e-3,0.0027,2.4,7,82.5906,9.10859,True,2.53306e-14,ok
Ek2.7e-3,0.0027,2.4,8,102.308,8.88449,True,1.31452e-14,ok
Ek2.7e-3,0.0027,2.4,9,127.149,8.52158,True,2.11631e-14,ok
Ek2.7e-3,0.0027,2.4,10,157.685,8.10232,True,4.46412e-14,ok
Ek2.7e-3,0.0027,2.4,11,194.535,7.67219,True,1.06194e-14,ok
Ek2.7e-3,0.0027,2.4,12,238.358,7.25465,True,1.02254e-14,ok
Ek2.7e-3,0.0027,2.4,13,289.855,6.86079,True,1.9597e-14,ok
Ek2.7e-3,0.0027,2.4,14,349.767,6.49492,True,3.86378e-14,ok
Ek2.7e-3,0.0027,2.4,15,418.87,6.15779,True,5.36748e-14,ok
Ek2.7e-3,0.0027,2.6,1,50.2192,2.21706,True,4.09286e-15,ok
Ek2.7e-3,0.0027,2.6,2,39.9944,2.94853,True,0.0,ok
Ek2.7e-3,0.0027,2.6,3,40.9113,4.97858,True,1.10073e-14,ok
Ek2.7e-3,0.0027,2.6,4,45.0768,6.79807,True,3.84806e-15,ok
Ek2.7e-3,0.0027,2.6,5,52.076,7.95323,True,1.22895e-14,ok
Ek2.7e-3,0.0027,2.6,6,62.3135,8.46877,True,1.99063e-14,ok
Ek2.7e-3,0.0027,2.6,7,76.2868,8.53524,True,1.7187e-14,ok
Ek2.7e-3,0.0027,2.6,8,94.4859,8.33804,True,2.89447e-15,ok
Ek2.7e-3,0.0027,2.6,9,117.411,8.00665,True,1.06759e-14,ok
Ek2.7e-3,0.0027,2.6,10,145.594,7.61927,True,7.25085e-15,ok
Ek2.7e-3,0.0027,2.6,11,179.605,7.21945,True,4.77389e-14,ok
Ek2.7e-3,0.0027,2.6,12,220.052,6.82994,True,1.81264e-14,ok
Ek2.7e-3,0.0027,2.6,13,267.584,6.46162,True,1.97007e-14,ok
Ek2.7e-3,0.0027,2.6,14,322.884,6.11889,True,1.18468e-13,ok
Ek2.7e-3,0.0027,2.6,15,386.669,5.80268,True,7.6634e-14,ok
Ek2.7e-3,0.0027,2.8,1,46.5572,2.05997,True,5.41787e-15,ok
Ek2.7e-3,0.0027,2.8,2,37.097,2.74383,True,0.0,ok
Ek2.7e-3,0.0027,2.8,3,37.967,4.64178,True,2.99012e-15,ok
Ek2.7e-3,0.0027,2.8,4,41.8615,6.35408,True,1.00855e-14,ok
Ek2.7e-3,0.0027,2.8,5,48.3824,7.4526,True,1.38742e-14,ok
Ek2.7e-3,0.0027,2.8,6,57.9002,7.95325,True,1.22896e-14,ok
Ek2.7e-3,0.0027,2.8,7,70.8787,8.02986,True,1.16327e-14,ok
Ek2.7e-3,0.0027,2.8,8,87.7765,7.85495,True,3.33942e-14,ok
Ek2.7e-3,0.0027,2.8,9,109.061,7.55041,True,7.91155e-15,ok
Ek2.7e-3,0.0027,2.8,10,135.227,7.19058,True,4.16175e-14,ok
Ek2.7e-3,0.0027,2.8,11,166.804,6.81718,True,6.32056e-14,ok
Ek2.7e-3,0.0027,2.8,12,204.359,6.4522,True,3.69757e-14,ok
Ek2.7e-3,0.0027,2.8,13,248.493,6.10634,True,4.5537e-14,ok
Ek2.7e-3,0.0027,2.8,14,299.84,5.78401,True,2.04283e-14,ok
Ek2.7e-3,0.0027,2.8,15,359.066,5.48629,True,3.84296e-14,ok
Ek2.7e-3,0.0027,3.0,1,43.3929,1.92374,True,5.95761e-15,ok
Ek2.7e-3,0.0027,3.0,2,34.5909,2.56578,True,2.92355e-15,ok
Ek2.7e-3,0.0027,3.0,3,35.418,4.34781,True,2.62338e-15,ok
Ek2.7e-3,0.0027,3.0,4,39.0745,5.96471,True,0.0,ok
Ek2.7e-3,0.0027,3.0,5,45.1785,7.01142,True,6.82232e-15,ok
Ek2.7e-3,0.0027,3.0,6,54.0716,7.49698,True,1.55999e-15,ok
Ek2.7e-3,0.0027,3.0,7,66.1879,7.58103,True,1.11662e-14,ok
Ek2.7e-3,0.0027,3.0,8,81.9581,7.42479,True,3.51922e-14,ok
Ek2.7e-3,0.0027,3.0,9,101.821,7.14338,True,3.82404e-14,ok
Ek2.7e-3,0.0027,3.0,10,126.239,6.80756,True,2.31529e-14,ok
Ek2.7e-3,0.0027,3.0,11,155.708,6.45737,True,4.16643e-14,ok
Ek2.7e-3,0.0027,3.0,12,190.756,6.11406,True,3.11266e-14,ok
Ek2.7e-3,0.0027,3.0,13,231.945,5.78809,True,4.9283e-14,ok
Ek2.7e-3,0.0027,3.0,14,279.866,5.48389,True,4.25694e-14,ok
Ek2.7e-3,0.0027,3.0,15,335.143,5.20262,True,9.91674e-14,ok
Ek2.7e-3,0.0027,3.2,1,40.6314,1.80447,True,5.78405e-15,ok
Ek2.7e-3,0.0027,3.2,2,32.4019,2.4095,True,9.66842e-16,ok
Ek2.7e-3,0.0027,3.2,3,33.1897,4.08897,True,1.11375e-14,ok
Ek2.7e-3,0.0027,3.2,4,36.6356,5.62044,True,0.0,ok
Ek2.7e-3,0.0027,3.2,5,42.3731,6.61966,True,1.82437e-14,ok
Ek2.7e-3,0.0027,3.2,6,50.7187,7.09029,True,4.186e-15,ok
Ek2.7e-3,0.0027,3.2,7,62.0803,7.17976,True,8.58463e-15,ok
Ek2.7e-3,0.0027,3.2,8,76.8641,7.03932,True,1.65042e-14,ok
Ek2.7e-3,0.0027,3.2,9,95.483,6.778,True,4.46295e-14,ok
Ek2.7e-3,0.0027,3.2,10,118.372,6.46329,True,3.59434e-14,ok
Ek2.7e-3,0.0027,3.2,11,145.996,6.13364,True,2.19283e-14,ok
Ek2.7e-3,0.0027,3.2,12,178.852,5.8096,True,2.43566e-14,ok
Ek2.7e-3,0.0027,3.2,13,217.464,5.50138,True,1.51205e-14,ok
Ek2.7e-3,0.0027,3.2,14,262.389,5.21338,True,2.94207e-14,ok
Ek2.7e-3,0.0027,3.2,15,314.208,4.94685,True,4.00737e-14,ok
Ek2.7e-3,0.0027,3.4,1,38.2003,1.69917,True,1.25012e-14,ok
Ek2.7e-3,0.0027,3.4,2,30.4734,2.27121,True,2.29078e-15,ok
Ek2.7e-3,0.0027,3.4,3,31.2251,3.8593,True,0.0,ok
Ek2.7e-3,0.0027,3.4,4,34.4833,5.31384,True,2.35119e-15,ok
Ek2.7e-3,0.0027,3.4,5,39.896,6.26944,True,6.54574e-15,ok
Ek2.7e-3,0.0027,3.4,6,47.7578,6.7255,True,3.76635e-15,ok
Ek2.7e-3,0.0027,3.4,7,58.4534,6.81886,True,1.29055e-15,ok
Ek2.7e-3,0.0027,3.4,8,72.367,6.69192,True,9.94355e-15,ok
Ek2.7e-3,0.0027,3.4,9,89.8887,6.44819,True,3.23135e-14,ok
Ek2.7e-3,0.0027,3.4,10,111.429,6.15217,True,1.26063e-14,ok
Ek2.7e-3,0.0027,3.4,11,137.426,5.84082,True,2.84066e-14,ok
Ek2.7e-3,0.0027,3.4,12,168.347,5.53402,True,4.42014e-14,ok
Ek2.7e-3,0.0027,3.4,13,204.686,5.24173,True,9.15125e-15,ok
Ek2.7e-3,0.0027,3.4,14,246.966,4.9683,True,1.43875e-14,ok
Ek2.7e-3,0.0027,3.4,15,295.736,4.71504,True,0.0,ok
Ek2.7e-3,0.0027,3.6,1,36.0437,1.60552,True,4.29271e-15,ok
Ek2.7e-3,0.0027,3.6,2,28.7615,2.14796,True,1.7928e-15,ok
Ek2.7e-3,0.0027,3.6,3,29.48,3.65413,True,5.18854e-15,ok
Ek2.7e-3,0.0027,3.6,4,32.5699,5.03904,True,1.76192e-14,ok
Ek2.7e-3,0.0027,3.6,5,37.6928,5.95447,True,8.85686e-15,ok
Ek2.7e-3,0.0027,3.6,6,45.124,6.39645,True,0.0,ok
Ek2.7e-3,0.0027,3.6,7,55.2275,6.49252,True,9.35982e-15,ok
Ek2.7e-3,0.0027,3.6,8,68.3677,6.3772,True,1.46742e-14,ok
Ek2.7e-3,0.0027,3.6,9,84.9143,6.14898,True,3.88292e-14,ok
Ek2.7e-3,0.0027,3.6,10,105.256,5.86963,True,1.1475e-14,ok
Ek2.7e-3,0.0027,3.6,11,129.807,5.57469,True,1.89764e-14,ok
Ek2.7e-3,0.0027,3.6,12,159.007,5.28341,True,2.40182e-14,ok
Ek2.7e-3,0.0027,3.6,13,193.326,5.00548,True,1.04312e-14,ok
Ek2.7e-3,0.0027,3.6,14,233.256,4.74523,True,3.24988e-14,ok
Ek2.7e-3,0.0027,3.6,15,279.315,4.50399,True,2.98415e-14,ok
Ek2.7e-3,0.0027,3.8,1,34.1176,1.52167,True,1.02828e-15,ok
Ek2.7e-3,0.0027,3.8,2,27.2317,2.03743,True,6.68255e-15,ok
Ek2.7e-3,0.0027,3.8,3,27.9197,3.46971,True,1.00244e-14,ok
Ek2.7e-3,0.0027,3.8,4,30.8578,4.79131,True,9.55765e-15,ok
Ek2.7e-3,0.0027,3.8,5,35.7204,5.66969,True,8.92215e-15,ok
Ek2.7e-3,0.0027,3.8,6,42.7659,6.09813,True,1.03215e-15,ok
Ek2.7e-3,0.0027,3.8,7,52.3394,6.19602,True,2.66389e-14,ok
Ek2.7e-3,0.0027,3.8,8,64.7877,6.09076,True,1.44152e-14,ok
Ek2.7e-3,0.0027,3.8,9,80.462,5.87632,True,2.77945e-14,ok
Ek2.7e-3,0.0027,3.8,10,99.7313,5.6119,True,0.0,ok
Ek2.7e-3,0.0027,3.8,11,122.988,5.33175,True,2.52488e-14,ok
Ek2.7e-3,0.0027,3.8,12,150.65,5.05451,True,2.26912e-14,ok
Ek2.7e-3,0.0027,3.8,13,183.161,4.78962,True,3.37464e-14,ok
Ek2.7e-3,0.0027,3.8,14,220.988,4.54132,True,3.20556e-14,ok
Ek2.7e-3,0.0027,3.8,15,264.623,4.31102,True,5.72576e-14,ok
Ek2.7e-3,0.0027,4.0,1,32.3869,1.44616,True,6.96573e-16,ok
Ek2.7e-3,0.0027,4.0,2,25.8564,1.93773,True,2.5012e-15,ok
Ek2.7e-3,0.0027,4.0,3,26.5162,3.30306,True,4.23946e-15,ok
Ek2.7e-3,0.0027,4.0,4,29.3168,4.56686,True,6.9465e-15,ok
Ek2.7e-3,0.0027,4.0,5,33.9443,5.41095,True,3.25055e-15,ok
Ek2.7e-3,0.0027,4.0,6,40.6422,5.82642,True,8.48001e-15,ok
Ek2.7e-3,0.0027,4.0,7,49.7387,5.92542,True,2.92355e-15,ok
Ek2.7e-3,0.0027,4.0,8,61.5643,5.82896,True,2.82913e-15,ok
Ek2.7e-3,0.0027,4.0,9,76.4537,5.62682,True,1.9333e-14,ok
Ek2.7e-3,0.0027,4.0,10,94.758,5.37586,True,1.12298e-14,ok
Ek2.7e-3,0.0027,4.0,11,116.85,5.10911,True,5.43377e-14,ok
Ek2.7e-3,0.0027,4.0,12,143.128,4.84462,True,2.28001e-14,ok
Ek2.7e-3,0.0027,4.0,13,174.012,4.5916,True,4.2717e-14,ok
Ek2.7e-3,0.0027,4.0,14,209.947,4.35422,True,6.31471e-15,ok
Ek2.7e-3,0.0027,4.0,15,251.399,4.13391,True,1.1858e-14,ok
Ek2.7e-3,0.0027,4.2,1,30.8233,1.37781,True,8.43043e-16,ok
Ek2.7e-3,0.0027,4.2,2,24.6133,1.84735,True,3.78888e-16,ok
Ek2.7e-3,0.0027,4.2,3,25.2471,3.15171,True,4.96266e-15,ok
Ek2.7e-3,0.0027,4.2,4,27.9224,4.36252,True,8.97996e-15,ok
Ek2.7e-3,0.0027,4.2,5,32.3366,5.17482,True,1.11489e-14,ok
Ek2.7e-3,0.0027,4.2,6,38.7197,5.57791,True,8.63561e-15,ok
Ek2.7e-3,0.0027,4.2,7,47.3845,5.67749,True,2.68401e-14,ok
Ek2.7e-3,0.0027,4.2,8,58.6467,5.58874,True,4.33459e-15,ok
Ek2.7e-3,0.0027,4.2,9,72.8261,5.39764,True,1.3747e-14,ok
Ek2.7e-3,0.0027,4.2,10,90.2575,5.15887,True,1.92058e-14,ok
Ek2.7e-3,0.0027,4.2,11,111.296,4.90431,True,1.40193e-14,ok
Ek2.7e-3,0.0027,4.2,12,136.322,4.65147,True,1.3812e-14,ok
Ek2.7e-3,0.0027,4.2,13,165.734,4.4093,True,2.91396e-14,ok
Ek2.7e-3,0.0027,4.2,14,199.956,4.18193,True,4.70843e-14,ok
Ek2.7e-3,0.0027,4.2,15,239.433,3.97077,True,5.38277e-14,ok
Ek2.7e-3,0.0027,4.4,1,29.4037,1.31564,True,1.34518e-15,ok
Ek2.7e-3,0.0027,4.4,2,23.4842,1.76504,True,3.45877e-16,ok
Ek2.7e-3,0.0027,4.4,3,24.0938,3.01364,True,4.03324e-15,ok
Ek2.7e-3,0.0027,4.4,4,26.6546,4.17572,True,9.67927e-16,ok
Ek2.7e-3,0.0027,4.4,5,30.8744,4.95846,True,8.1889e-15,ok
Ek2.7e-3,0.0027,4.4,6,36.971,5.34975,True,1.35041e-14,ok
Ek2.7e-3,0.0027,4.4,7,45.2433,5.44947,True,1.15395e-14,ok
Ek2.7e-3,0.0027,4.4,8,55.9934,5.36754,True,1.67927e-14,ok
Ek2.7e-3,0.0027,4.4,9,69.5274,5.18641,True,2.38909e-14,ok
Ek2.7e-3,0.0027,4.4,10,86.1653,4.95872,True,2.79816e-14,ok
Ek2.7e-3,0.0027,4.4,11,106.247,4.7153,True,2.90046e-14,ok
Ek2.7e-3,0.0027,4.4,12,130.133,4.47312,True,3.44321e-14,ok
Ek2.7e-3,0.0027,4.4,13,158.208,4.24093,True,7.98716e-15,ok
Ek2.7e-3,0.0027,4.4,14,190.874,4.02276,True,2.65002e-14,ok
Ek2.7e-3,0.0027,4.4,15,228.556,3.82003,True,1.6201e-14,ok
Ek2.7e-3,0.0027,4.6,1,28.1092,1.25884,True,1.75936e-16,ok
Ek2.7e-3,0.0027,4.6,2,22.4542,1.68977,True,2.21902e-15,ok
Ek2.7e-3,0.0027,4.6,3,23.0414,2.88719,True,2.77639e-15,ok
Ek2.7e-3,0.0027,4.6,4,25.497,4.00428,True,8.01073e-15,ok
Ek2.7e-3,0.0027,4.6,5,29.5388,4.75949,True,1.13173e-14,ok
Ek2.7e-3,0.0027,4.6,6,35.3736,5.13953,True,5.13211e-15,ok
Ek2.7e-3,0.0027,4.6,7,43.2874,5.23908,True,8.38017e-15,ok
Ek2.7e-3,0.0027,4.6,8,53.57,5.16319,True,1.62783e-14,ok
Ek2.7e-3,0.0027,4.6,9,66.5148,4.99108,True,3.45708e-15,ok
Ek2.7e-3,0.0027,4.6,10,82.4282,4.77352,True,6.32452e-15,ok
Ek2.7e-3,0.0027,4.6,11,101.636,4.54032,True,3.43301e-14,ok
Ek2.7e-3,0.0027,4.6,12,124.483,4.30795,True,2.83306e-14,ok
Ek2.7e-3,0.0027,4.6,13,151.335,4.08494,True,3.24205e-15,ok
Ek2.7e-3,0.0027,4.6,14,182.581,3.87525,True,2.66766e-14,ok
Ek2.7e-3,0.0027,4.6,15,218.623,3.68031,True,2.10526e-14,ok
Ek2.7e-3,0.0027,4.8,1,26.9238,1.20676,True,0.0,ok
Ek2.7e-3,0.0027,4.8,2,21.5107,1.62065,True,4.95723e-15,ok
Ek2.7e-3,0.0027,4.8,3,22.077,2.77093,True,5.54083e-15,ok
Ek2.7e-3,0.0027,4.8,4,24.4358,3.84638,True,1.06765e-14,ok
Ek2.7e-3,0.0027,4.8,5,28.314,4.57589,True,5.23051e-15,ok
Ek2.7e-3,0.0027,4.8,6,33.9086,4.94522,True,2.03631e-15,ok
Ek2.7e-3,0.0027,4.8,7,41.4937,5.04433,True,1.83624e-14,ok
Ek2.7e-3,0.0027,4.8,8,51.3478,4.97383,True,2.05994e-15,ok
Ek2.7e-3,0.0027,4.8,9,63.7525,4.80994,True,1.28428e-14,ok
Ek2.7e-3,0.0027,4.8,10,79.002,4.60166,True,1.29301e-14,ok
Ek2.7e-3,0.0027,4.8,11,97.4081,4.37786,True,5.31954e-16,ok
Ek2.7e-3,0.0027,4.8,12,119.302,4.15455,True,3.40139e-14,ok
Ek2.7e-3,0.0027,4.8,13,145.036,3.94002,True,2.67141e-14,ok
Ek2.7e-3,0.0027,4.8,14,174.978,3.73818,True,2.24957e-14,ok
Ek2.7e-3,0.0027,4.8,15,209.518,3.55045,True,9.79657e-15,ok
Ek2.7e-3,0.0027,5.0,1,25.8343,1.15882,True,2.53447e-15,ok
Ek2.7e-3,0.0027,5.0,2,20.6432,1.55698,True,5.92104e-15,ok
Ek2.7e-3,0.0027,5.0,3,21.1901,2.66369,True,2.75705e-15,ok
Ek2.7e-3,0.0027,5.0,4,23.4594,3.70048,True,5.7011e-15,ok
Ek2.7e-3,0.0027,5.0,5,27.1868,4.40594,True,0.0,ok
Ek2.7e-3,0.0027,5.0,6,32.5602,4.76508,True,6.9324e-15,ok
Ek2.7e-3,0.0027,5.0,7,39.8429,4.86355,True,1.77264e-14,ok
Ek2.7e-3,0.0027,5.0,8,49.3028,4.79788,True,1.40563e-14,ok
Ek2.7e-3,0.0027,5.0,9,61.2107,4.64148,True,1.49487e-14,ok
Ek2.7e-3,0.0027,5.0,10,75.8494,4.44174,True,9.30906e-15,ok
Ek2.7e-3,0.0027,5.0,11,93.5184,4.22663,True,6.44587e-15,ok
Ek2.7e-3,0.0027,5.0,12,114.536,4.01169,True,3.17149e-14,ok
Ek2.7e-3,0.0027,5.0,13,139.239,3.80504,True,1.20556e-14,ok
Ek2.7e-3,0.0027,5.0,14,167.983,3.61048,True,3.6181e-14,ok
Ek2.7e-3,0.0027,5.0,15,201.142,3.42944,True,2.02389e-14,ok
Ek2.7e-3,0.0027,5.2,1,24.8296,1.11454,True,5.51649e-16,ok
Ek2.7e-3,0.0027,5.2,2,19.8431,1.49812,True,4.48516e-15,ok
Ek2.7e-3,0.0027,5.2,3,20.3717,2.56445,True,5.11087e-15,ok
Ek2.7e-3,0.0027,5.2,4,22.558,3.56526,True,3.52803e-15,ok
Ek2.7e-3,0.0027,5.2,5,26.146,4.24817,True,4.00724e-15,ok
Ek2.7e-3,0.0027,5.2,6,31.315,4.59761,True,2.93349e-15,ok
Ek2.7e-3,0.0027,5.2,7,38.3185,4.69528,True,1.95804e-14,ok
Ek2.7e-3,0.0027,5.2,8,47.4145,4.63394,True,5.96008e-16,ok
Ek2.7e-3,0.0027,5.2,9,58.8639,4.48443,True,3.01411e-14,ok
Ek2.7e-3,0.0027,5.2,10,72.9388,4.29257,True,1.17628e-14,ok
Ek2.7e-3,0.0027,5.2,11,89.9275,4.08549,True,3.24293e-15,ok
Ek2.7e-3,0.0027,5.2,12,110.136,3.87833,True,1.54469e-14,ok
Ek2.7e-3,0.0027,5.2,13,133.889,3.67899,True,4.35778e-14,ok
Ek2.7e-3,0.0027,5.2,14,161.527,3.49121,True,3.11237e-14,ok
Ek2.7e-3,0.0027,5.2,15,193.409,3.31641,True,9.15813e-15,ok
Ek2.7e-3,0.0027,5.4,1,23.9001,1.07353,True,2.3031e-15,ok
Ek2.7e-3,0.0027,5.4,2,19.1026,1.44356,True,0.0,ok
Ek2.7e-3,0.0027,5.4,3,19.6141,2.47234,True,2.03586e-15,ok
Ek2.7e-3,0.0027,5.4,4,21.7234,3.43958,True,6.56737e-16,ok
Ek2.7e-3,0.0027,5.4,5,25.1819,4.10133,True,9.80434e-15,ok
Ek2.7e-3,0.0027,5.4,6,30.1617,4.44152,True,7.66551e-15,ok
Ek2.7e-3,0.0027,5.4,7,36.9066,4.53826,True,4.00155e-15,ok
Ek2.7e-3,0.0027,5.4,8,45.6656,4.48085,True,2.11765e-14,ok
Ek2.7e-3,0.0027,5.4,9,56.6904,4.33766,True,1.67113e-14,ok
Ek2.7e-3,0.0027,5.4,10,70.2434,4.15309,True,1.67556e-14,ok
Ek2.7e-3,0.0027,5.4,11,86.6022,3.95348,True,3.08012e-14,ok
Ek2.7e-3,0.0027,5.4,12,106.062,3.75356,True,1.95527e-14,ok
Ek2.7e-3,0.0027,5.4,13,128.934,3.56103,True,3.66045e-14,ok
Ek2.7e-3,0.0027,5.4,14,155.548,3.37957,True,4.43815e-14,ok
Ek2.7e-3,0.0027,5.4,15,186.249,3.21059,True,2.97545e-14,ok
Ek2.7e-3,0.0027,5.6,1,23.0376,1.03543,True,1.90447e-15,ok
Ek2.7e-3,0.0027,5.6,2,18.4154,1.39284,True,3.01536e-15,ok
Ek2.7e-3,0.0027,5.6,3,18.9109,2.38663,True,2.84573e-15,ok
Ek2.7e-3,0.0027,5.6,4,20.9483,3.32247,True,7.9661e-15,ok
Ek2.7e-3,0.0027,5.6,5,24.2864,3.9643,True,7.41535e-15,ok
Ek2.7e-3,0.0027,5.6,6,29.0903,4.29568,True,8.70689e-15,ok
Ek2.7e-3,0.0027,5.6,7,35.595,4.39142,True,0.0,ok
Ek2.7e-3,0.0027,5.6,8,44.0412,4.33754,True,0.0,ok
Ek2.7e-3,0.0027,5.6,9,54.6719,4.20019,True,1.02827e-14,ok
Ek2.7e-3,0.0027,5.6,10,67.7403,4.02239,True,1.7963e-14,ok
Ek2.7e-3,0.0027,5.6,11,83.5142,3.82973,True,2.23898e-14,ok
Ek2.7e-3,0.0027,5.6,12,102.278,3.63656,True,2.56938e-14,ok
Ek2.7e-3,0.0027,5.6,13,124.333,3.4504,True,1.78436e-14,ok
Ek2.7e-3,0.0027,5.6,14,149.996,3.27485,True,2.97669e-15,ok
Ek2.7e-3,0.0027,5.6,15,179.6,3.11131,True,1.93451e-14,ok
Ek2.7e-3,0.0027,5.8,1,22.2353,0.999951,True,0.0,ok
Ek2.7e-3,0.0027,5.8,2,17.7759,1.34556,True,3.21614e-15,ok
Ek2.7e-3,0.0027,5.8,3,18.2563,2.30667,True,8.86081e-16,ok
Ek2.7e-3,0.0027,5.8,4,20.2266,3.21308,True,8.02326e-15,ok
Ek2.7e-3,0.0027,5.8,5,23.4525,3.83614,True,1.10281e-14,ok
Ek2.7e-3,0.0027,5.8,6,28.0924,4.15912,True,9.60248e-15,ok
Ek2.7e-3,0.0027,5.8,7,34.3736,4.25378,True,8.03563e-15,ok
Ek2.7e-3,0.0027,5.8,8,42.5285,4.20312,True,0.0,ok
Ek2.7e-3,0.0027,5.8,9,52.7922,4.07117,True,0.0,ok
Ek2.7e-3,0.0027,5.8,10,65.4094,3.89966,True,1.73057e-14,ok
Ek2.7e-3,0.0027,5.8,11,80.6389,3.7135,True,3.90406e-14,ok
Ek2.7e-3,0.0027,5.8,12,98.7552,3.52663,True,0.0,ok
Ek2.7e-3,0.0027,5.8,13,120.049,3.34643,True,3.79205e-14,ok
Ek2.7e-3,0.0027,5.8,14,144.827,3.17643,True,7.28118e-15,ok
Ek2.7e-3,0.0027,5.8,15,173.41,3.01799,True,1.26403e-14,ok
Ek2.7e-3,0.0027,6.0,1,21.4869,0.966822,True,1.76422e-15,ok
Ek2.7e-3,0.0027,6.0,2,17.1794,1.30139,True,1.69226e-15,ok
Ek2.7e-3,0.0027,6.0,3,17.6456,2.2319,True,4.70088e-15,ok
Ek2.7e-3,0.0027,6.0,4,19.553,3.11067,True,1.07428e-15,ok
Ek2.7e-3,0.0027,6.0,5,22.674,3.71601,True,3.06616e-15,ok
Ek2.7e-3,0.0027,6.0,6,27.1608,4.03098,True,4.50995e-15,ok
Ek2.7e-3,0.0027,6.0,7,33.2332,4.12451,True,9.44332e-16,ok
Ek2.7e-3,0.0027,6.0,8,41.1163,4.07679,True,5.53564e-15,ok
Ek2.7e-3,0.0027,6.0,9,51.0375,3.94984,True,1.34237e-14,ok
Ek2.7e-3,0.0027,6.0,10,63.2337,3.78421,True,1.15265e-14,ok
Ek2.7e-3,0.0027,6.0,11,77.955,3.60411,True,1.44214e-15,ok
Ek2.7e-3,0.0027,6.0,12,95.467,3.42316,True,0.0,ok
Ek2.7e-3,0.0027,6.0,13,116.051,3.24855,True,1.81602e-14,ok
Ek2.7e-3,0.0027,6.0,14,140.002,3.08375,True,3.22008e-14,ok
Ek2.7e-3,0.0027,6.0,15,167.632,2.93011,True,3.57445e-14,ok
Ek2.7e-3,0.0027,6.2,1,20.7873,0.935819,True,0.0,ok
Ek2.7e-3,0.0027,6.2,2,16.6215,1.26003,True,7.05066e-16,ok
Ek2.7e-3,0.0027,6.2,3,17.0744,2.16183,True,3.11319e-15,ok
Ek2.7e-3,0.0027,6.2,4,18.9229,3.01459,True,2.52236e-15,ok
Ek2.7e-3,0.0027,6.2,5,21.9455,3.60318,True,2.88279e-15,ok
Ek2.7e-3,0.0027,6.2,6,26.2891,3.9105,True,1.40065e-14,ok
Ek2.7e-3,0.0027,6.2,7,32.1661,4.00286,True,1.33418e-15,ok
Ek2.7e-3,0.0027,6.2,8,39.7949,3.95782,True,4.34774e-16,ok
Ek2.7e-3,0.0027,6.2,9,49.3958,3.83553,True,2.61325e-14,ok
Ek2.7e-3,0.0027,6.2,10,61.1981,3.67539,True,2.32461e-14,ok
Ek2.7e-3,0.0027,6.2,11,75.4441,3.50098,True,2.65353e-14,ok
Ek2.7e-3,0.0027,6.2,12,92.3907,3.32558,True,1.6576e-14,ok
Ek2.7e-3,0.0027,6.2,13,112.31,3.15623,True,3.64973e-14,ok
Ek2.7e-3,0.0027,6.2,14,135.488,2.99632,True,2.99025e-14,ok
Ek2.7e-3,0.0027,6.2,15,162.227,2.8472,True,1.98002e-14,ok
Ek2.7e-3,0.0027,6.4,1,20.1318,0.906745,True,2.00818e-15,ok
Ek2.7e-3,0.0027,6.4,2,16.0988,1.22122,True,1.82133e-15,ok
Ek2.7e-3,0.0027,6.4,3,16.539,2.09603,True,2.68267e-15,ok
Ek2.7e-3,0.0027,6.4,4,18.3321,2.92427,True,0.0,ok
Ek2.7e-3,0.0027,6.4,5,21.2624,3.49701,True,3.39425e-15,ok
Ek2.7e-3,0.0027,6.4,6,25.4715,3.79702,True,2.80114e-15,ok
Ek2.7e-3,0.0027,6.4,7,31.1655,3.88819,True,2.18197e-14,ok
Ek2.7e-3,0.0027,6.4,8,38.5558,3.84561,True,4.92563e-15,ok
Ek2.7e-3,0.0027,6.4,9,47.8564,3.72766,True,1.11846e-14,ok
Ek2.7e-3,0.0027,6.4,10,59.2895,3.57266,True,5.66831e-15,ok
Ek2.7e-3,0.0027,6.4,11,73.0899,3.40359,True,3.79409e-14,ok
Ek2.7e-3,0.0027,6.4,12,89.5065,3.23342,True,9.86625e-15,ok
Ek2.7e-3,0.0027,6.4,13,108.803,3.06901,True,1.56855e-14,ok
Ek2.7e-3,0.0027,6.4,14,131.257,2.91371,True,1.13106e-14,ok
Ek2.7e-3,0.0027,6.4,15,157.159,2.76885,True,4.38346e-14,ok
Ek2.7e-3,0.0027,6.6,1,19.5164,0.879424,True,0.0,ok
Ek2.7e-3,0.0027,6.6,2,15.6079,1.18473,True,6.23313e-16,ok
Ek2.7e-3,0.0027,6.6,3,16.0362,2.03412,True,5.28276e-15,ok
Ek2.7e-3,0.0027,6.6,4,17.777,2.83922,True,8.50219e-15,ok
Ek2.7e-3,0.0027,6.6,5,20.6205,3.39692,True,7.68655e-15,ok
Ek2.7e-3,0.0027,6.6,6,24.7033,3.68994,True,3.77911e-15,ok
Ek2.7e-3,0.0027,6.6,7,30.2253,3.77991,True,1.58625e-15,ok
Ek2.7e-3,0.0027,6.6,8,37.3917,3.73958,True,2.71703e-15,ok
Ek2.7e-3,0.0027,6.6,9,46.4101,3.62568,True,6.56753e-15,ok
Ek2.7e-3,0.0027,6.6,10,57.4964,3.47551,True,2.01159e-15,ok
Ek2.7e-3,0.0027,6.6,11,70.8782,3.31147,True,1.15658e-14,ok
Ek2.7e-3,0.0027,6.6,12,86.797,3.14622,True,8.79181e-15,ok
Ek2.7e-3,0.0027,6.6,13,105.508,2.98648,True,7.42663e-15,ok
Ek2.7e-3,0.0027,6.6,14,127.281,2.83554,True,7.58753e-15,ok
Ek2.7e-3,0.0027,6.6,15,152.399,2.6947,True,1.41081e-14,ok
Ek2.7e-3,0.0027,6.8,1,18.9375,0.853703,True,1.61828e-16,ok
Ek2.7e-3,0.0027,6.8,2,15.1461,1.15035,True,1.46918e-15,ok
Ek2.7e-3,0.0027,6.8,3,15.563,1.97576,True,4.984e-15,ok
Ek2.7e-3,0.0027,6.8,4,17.2546,2.75897,True,1.05637e-14,ok
Ek2.7e-3,0.0027,6.8,5,20.0163,3.3024,True,2.42158e-15,ok
Ek2.7e-3,0.0027,6.8,6,23.9802,3.58874,True,2.14479e-15,ok
Ek2.7e-3,0.0027,6.8,7,29.3401,3.67749,True,1.38885e-14,ok
Ek2.7e-3,0.0027,6.8,8,36.2957,3.63924,True,3.67597e-15,ok
Ek2.7e-3,0.0027,6.8,9,45.0487,3.52914,True,2.76553e-15,ok
Ek2.7e-3,0.0027,6.8,10,55.8086,3.38351,True,2.22425e-14,ok
Ek2.7e-3,0.0027,6.8,11,68.7964,3.22421,True,1.6735e-14,ok
Ek2.7e-3,0.0027,6.8,12,84.2467,3.0636,True,1.25042e-14,ok
Ek2.7e-3,0.0027,6.8,13,102.407,2.90828,True,3.00491e-14,ok
Ek2.7e-3,0.0027,6.8,14,123.54,2.76145,True,2.96315e-15,ok
Ek2.7e-3,0.0027,6.8,15,147.918,2.62442,True,4.51157e-14,ok
Ek2.7e-3,0.0027,7.0,1,18.3919,0.829444,True,2.29143e-15,ok
Ek2.7e-3,0.0027,7.0,2,14.7108,1.11792,True,1.665e-15,ok
Ek2.7e-3,0.0027,7.0,3,15.1169,1.92066,True,2.66211e-15,ok
Ek2.7e-3,0.0027,7.0,4,16.7621,2.68314,True,1.59855e-15,ok
Ek2.7e-3,0.0027,7.0,5,19.4465,3.213,True,6.30369e-15,ok
Ek2.7e-3,0.0027,7.0,6,23.2981,3.49294,True,6.77272e-15,ok
Ek2.7e-3,0.0027,7.0,7,28.5054,3.58048,True,2.06377e-14,ok
Ek2.7e-3,0.0027,7.0,8,35.2623,3.54415,True,6.97276e-15,ok
Ek2.7e-3,0.0027,7.0,9,43.765,3.4376,True,3.27991e-15,ok
Ek2.7e-3,0.0027,7.0,10,54.2171,3.29625,True,7.84088e-15,ok
Ek2.7e-3,0.0027,7.0,11,66.8335,3.14143,True,2.13648e-14,ok
Ek2.7e-3,0.0027,7.0,12,81.8421,2.98521,True,6.92563e-15,ok
Ek2.7e-3,0.0027,7.0,13,99.4836,2.83406,True,1.293e-14,ok
Ek2.7e-3,0.0027,7.0,14,120.012,2.69114,True,4.02023e-16,ok
Ek2.7e-3,0.0027,7.0,15,143.694,2.55771,True,1.56153e-14,ok
Ek2.7e-3,0.0027,7.2,1,17.8769,0.806527,True,1.1555e-15,ok
Ek2.7e-3,0.0027,7.2,2,14.2999,1.08727,True,1.04997e-15,ok
Ek2.7e-3,0.0027,7.2,3,14.6958,1.86856,True,5.4269e-15,ok
Ek2.7e-3,0.0027,7.2,4,16.2968,2.61137,True,6.81379e-15,ok
Ek2.7e-3,0.0027,7.2,5,18.9082,3.12832,True,1.62976e-15,ok
Ek2.7e-3,0.0027,7.2,6,22.6538,3.40213,True,3.21256e-15,ok
Ek2.7e-3,0.0027,7.2,7,27.7168,3.48846,True,3.37768e-15,ok
Ek2.7e-3,0.0027,7.2,8,34.286,3.4539,True,6.62217e-15,ok
Ek2.7e-3,0.0027,7.2,9,42.5524,3.3507,True,9.3485e-15,ok
Ek2.7e-3,0.0027,7.2,10,52.7138,3.21338,True,1.20372e-14,ok
Ek2.7e-3,0.0027,7.2,11,64.9795,3.06279,True,1.24976e-14,ok
Ek2.7e-3,0.0027,7.2,12,79.5709,2.91074,True,4.70312e-15,ok
Ek2.7e-3,0.0027,7.2,13,96.7221,2.76354,True,3.77314e-14,ok
Ek2.7e-3,0.0027,7.2,14,116.68,2.62431,True,7.64612e-15,ok
Ek2.7e-3,0.0027,7.2,15,139.704,2.4943,True,6.21658e-15,ok
Ek2.7e-3,0.0027,7.4,1,17.39,0.784844,True,2.46195e-15,ok
Ek2.7e-3,0.0027,7.4,2,13.9113,1.05826,True,4.97337e-16,ok
Ek2.7e-3,0.0027,7.4,3,14.2974,1.81921,True,6.2463e-15,ok
Ek2.7e-3,0.0027,7.4,4,15.8567,2.54334,True,2.51354e-15,ok
Ek2.7e-3,0.0027,7.4,5,18.3989,3.04799,True,3.09426e-15,ok
Ek2.7e-3,0.0027,7.4,6,22.0442,3.31592,True,5.49326e-15,ok
Ek2.7e-3,0.0027,7.4,7,26.9708,3.40105,True,5.13685e-15,ok
Ek2.7e-3,0.0027,7.4,8,33.3624,3.36813,True,2.51895e-15,ok
Ek2.7e-3,0.0027,7.4,9,41.4051,3.26808,True,1.24504e-14,ok
Ek2.7e-3,0.0027,7.4,10,51.2917,3.13458,True,6.54516e-15,ok
Ek2.7e-3,0.0027,7.4,11,63.2256,2.98799,True,2.23024e-14,ok
Ek2.7e-3,0.0027,7.4,12,77.4224,2.83989,True,1.79078e-15,ok
Ek2.7e-3,0.0027,7.4,13,94.1098,2.69645,True,1.37228e-14,ok
Ek2.7e-3,0.0027,7.4,14,113.528,2.56073,True,1.12841e-14,ok
Ek2.7e-3,0.0027,7.4,15,135.929,2.43397,True,9.86578e-16,ok
Ek2.7e-3,0.0027,7.6,1,16.9289,0.764296,True,1.03766e-15,ok
Ek2.7e-3,0.0027,7.6,2,13.5432,1.03075,True,3.77456e-15,ok
Ek2.7e-3,0.0027,7.6,3,13.9201,1.7724,True,2.09258e-15,ok
Ek2.7e-3,0.0027,7.6,4,15.4398,2.47876,True,4.77506e-15,ok
Ek2.7e-3,0.0027,7.6,5,17.9164,2.97168,True,3.9217e-15,ok
Ek2.7e-3,0.0027,7.6,6,21.4666,3.23397,True,3.4834e-15,ok
Ek2.7e-3,0.0027,7.6,7,26.2638,3.31792,True,9.77757e-15,ok
Ek2.7e-3,0.0027,7.6,8,32.4873,3.28652,True,1.07926e-14,ok
Ek2.7e-3,0.0027,7.6,9,40.3182,3.18943,True,1.12937e-14,ok
Ek2.7e-3,0.0027,7.6,10,49.9444,3.05955,True,2.28637e-14,ok
Ek2.7e-3,0.0027,7.6,11,61.564,2.91676,True,4.25036e-15,ok
Ek2.7e-3,0.0027,7.6,12,75.3868,2.7724,True,1.40801e-14,ok
Ek2.7e-3,0.0027,7.6,13,91.6349,2.63253,True,3.46235e-14,ok
Ek2.7e-3,0.0027,7.6,14,110.542,2.50015,True,1.11036e-14,ok
Ek2.7e-3,0.0027,7.6,15,132.354,2.37648,True,8.77825e-15,ok
Ek2.7e-3,0.0027,7.8,1,16.4916,0.744797,True,1.10856e-15,ok
Ek2.7e-3,0.0027,7.8,2,13.1941,1.00464,True,2.91341e-15,ok
Ek2.7e-3,0.0027,7.8,3,13.5621,1.72793,True,3.97783e-15,ok
Ek2.7e-3,0.0027,7.8,4,15.0442,2.41739,True,5.19032e-15,ok
Ek2.7e-3,0.0027,7.8,5,17.4585,2.8991,True,5.59871e-15,ok
Ek2.7e-3,0.0027,7.8,6,20.9185,3.15598,True,5.52901e-16,ok
Ek2.7e-3,0.0027,7.8,7,25.593,3.23875,True,2.91142e-15,ok
Ek2.7e-3,0.0027,7.8,8,31.6569,3.20878,True,1.14311e-14,ok
Ek2.7e-3,0.0027,7.8,9,39.2869,3.11449,True,6.99998e-15,ok
Ek2.7e-3,0.0027,7.8,10,48.666,2.98802,True,7.92991e-15,ok
Ek2.7e-3,0.0027,7.8,11,59.9874,2.84885,True,2.6581e-14,ok
Ek2.7e-3,0.0027,7.8,12,73.4556,2.70805,True,1.46554e-14,ok
Ek2.7e-3,0.0027,7.8,13,89.2869,2.57158,True,1.28484e-14,ok
Ek2.7e-3,0.0027,7.8,14,107.709,2.44237,True,4.30475e-14,ok
Ek2.7e-3,0.0027,7.8,15,128.961,2.32165,True,4.48813e-15,ok
Ek2.7e-3,0.0027,8.0,1,16.0763,0.726269,True,5.85606e-16,ok
Ek2.7e-3,0.0027,8.0,2,12.8626,0.979816,True,1.06586e-15,ok
Ek2.7e-3,0.0027,8.0,3,13.2222,1.68565,True,1.5773e-15,ok
Ek2.7e-3,0.0027,8.0,4,14.6684,2.35899,True,5.25145e-15,ok
Ek2.7e-3,0.0027,8.0,5,17.0235,2.82998,True,4.44578e-15,ok
Ek2.7e-3,0.0027,8.0,6,20.3976,3.08166,True,5.27167e-15,ok
Ek2.7e-3,0.0027,8.0,7,24.9556,3.16327,True,4.99914e-15,ok
Ek2.7e-3,0.0027,8.0,8,30.8679,3.13462,True,1.25452e-14,ok
Ek2.7e-3,0.0027,8.0,9,38.307,3.04298,True,1.07944e-14,ok
Ek2.7e-3,0.0027,8.0,10,47.4514,2.91977,True,4.25912e-15,ok
Ek2.7e-3,0.0027,8.0,11,58.4896,2.78403,True,2.32338e-14,ok
Ek2.7e-3,0.0027,8.0,12,71.6209,2.64662,True,9.33199e-15,ok
Ek2.7e-3,0.0027,8.0,13,87.0562,2.51338,True,3.29629e-14,ok
Ek2.7e-3,0.0027,8.0,14,105.018,2.38721,True,1.64499e-14,ok
Ek2.7e-3,0.0027,8.0,15,125.738,2.26929,True,5.7173e-16,ok
Ek2.7e-3,0.0027,8.2,1,15.6814,0.708641,True,1.56106e-15,ok
Ek2.7e-3,0.0027,8.2,2,12.5473,0.956193,True,6.0905e-16,ok
Ek2.7e-3,0.0027,8.2,3,12.8988,1.64539,True,3.90743e-15,ok
Ek2.7e-3,0.0027,8.2,4,14.3109,2.30334,True,3.53408e-15,ok
Ek2.7e-3,0.0027,8.2,5,16.6096,2.76409,True,1.69646e-15,ok
Ek2.7e-3,0.0027,8.2,6,19.9021,3.01076,True,4.02552e-15,ok
Ek2.7e-3,0.0027,8.2,7,24.3492,3.09123,True,1.48526e-14,ok
Ek2.7e-3,0.0027,8.2,8,30.1173,3.06382,True,1.04216e-15,ok
Ek2.7e-3,0.0027,8.2,9,37.3748,2.97468,True,1.76834e-14,ok
Ek2.7e-3,0.0027,8.2,10,46.296,2.85456,True,1.4927e-14,ok
Ek2.7e-3,0.0027,8.2,11,57.0648,2.72209,True,1.3985e-14,ok
Ek2.7e-3,0.0027,8.2,12,69.8756,2.58791,True,1.30121e-14,ok
Ek2.7e-3,0.0027,8.2,13,84.9342,2.45776,True,7.37705e-15,ok
Ek2.7e-3,0.0027,8.2,14,102.457,2.33448,True,1.69413e-14,ok
Ek2.7e-3,0.0027,8.2,15,122.673,2.21924,True,5.08513e-14,ok
Ek2.7e-3,0.0027,8.4,1,15.3055,0.691849,True,9.56544e-16,ok
Ek2.7e-3,0.0027,8.4,2,12.2471,0.933682,True,2.12927e-15,ok
Ek2.7e-3,0.0027,8.4,3,12.5909,1.60701,True,0.0,ok
Ek2.7e-3,0.0027,8.4,4,13.9704,2.25025,True,3.93524e-15,ok
Ek2.7e-3,0.0027,8.4,5,16.2154,2.70119,True,5.67047e-15,ok
Ek2.7e-3,0.0027,8.4,6,19.4301,2.94305,True,3.36568e-15,ok
Ek2.7e-3,0.0027,8.4,7,23.7716,3.0224,True,1.36914e-14,ok
Ek2.7e-3,0.0027,8.4,8,29.4024,2.99614,True,8.47137e-15,ok
Ek2.7e-3,0.0027,8.4,9,36.487,2.90939,True,1.40963e-15,ok
Ek2.7e-3,0.0027,8.4,10,45.1956,2.7922,True,5.19344e-15,ok
Ek2.7e-3,0.0027,8.4,11,55.7077,2.66285,True,2.12553e-14,ok
Ek2.7e-3,0.0027,8.4,12,68.2133,2.53175,True,1.35209e-14,ok
Ek2.7e-3,0.0027,8.4,13,82.9133,2.40455,True,1.44431e-14,ok
Ek2.7e-3,0.0027,8.4,14,100.019,2.28403,True,8.39808e-15,ok
Ek2.7e-3,0.0027,8.4,15,119.753,2.17135,True,2.17229e-14,ok
Ek2.7e-3,0.0027,8.6,1,14.9471,0.675834,True,1.01419e-15,ok
Ek2.7e-3,0.0027,8.6,2,11.9609,0.912208,True,2.40199e-15,ok
Ek2.7e-3,0.0027,8.6,3,12.2973,1.57037,True,3.83305e-15,ok
Ek2.7e-3,0.0027,8.6,4,13.6457,2.19956,True,5.10278e-15,ok
Ek2.7e-3,0.0027,8.6,5,15.8394,2.6411,True,5.80818e-15,ok
Ek2.7e-3,0.0027,8.6,6,18.98,2.87832,True,1.37968e-15,ok
Ek2.7e-3,0.0027,8.6,7,23.2207,2.95657,True,4.8524e-15,ok
Ek2.7e-3,0.0027,8.6,8,28.7206,2.93139,True,2.38505e-15,ok
Ek2.7e-3,0.0027,8.6,9,35.6403,2.8469,True,7.19852e-15,ok
Ek2.7e-3,0.0027,8.6,10,44.1462,2.73251,True,1.24344e-14,ok
Ek2.7e-3,0.0027,8.6,11,54.4137,2.60613,True,1.4327e-14,ok
Ek2.7e-3,0.0027,8.6,12,66.6283,2.47798,True,2.38602e-15,ok
Ek2.7e-3,0.0027,8.6,13,80.9862,2.35359,True,1.84499e-14,ok
Ek2.7e-3,0.0027,8.6,14,97.6941,2.23571,True,2.05325e-14,ok
Ek2.7e-3,0.0027,8.6,15,116.969,2.12549,True,2.38243e-14,ok
Ek2.7e-3,0.0027,8.8,1,14.6052,0.660545,True,2.61582e-15,ok
Ek2.7e-3,0.0027,8.8,2,11.6878,0.891699,True,7.06215e-16,ok
Ek2.7e-3,0.0027,8.8,3,12.0172,1.53538,True,2.61721e-16,ok
Ek2.7e-3,0.0027,8.8,4,13.3358,2.15111,True,1.02746e-15,ok
Ek2.7e-3,0.0027,8.8,5,15.4805,2.58362,True,8.52244e-15,ok
Ek2.7e-3,0.0027,8.8,6,18.5503,2.81637,True,3.08219e-15,ok
Ek2.7e-3,0.0027,8.8,7,22.6949,2.89355,True,0.0,ok
Ek2.7e-3,0.0027,8.8,8,28.0698,2.86938,True,2.28521e-15,ok
Ek2.7e-3,0.0027,8.8,9,34.8321,2.78703,True,3.88067e-15,ok
Ek2.7e-3,0.0027,8.8,10,43.1445,2.67532,True,5.16505e-15,ok
Ek2.7e-3,0.0027,8.8,11,53.1785,2.55178,True,1.44586e-14,ok
Ek2.7e-3,0.0027,8.8,12,65.1153,2.42645,True,5.22927e-15,ok
Ek2.7e-3,0.0027,8.8,13,79.1468,2.30475,True,9.73066e-15,ok
Ek2.7e-3,0.0027,8.8,14,95.4748,2.1894,True,1.80941e-14,ok
Ek2.7e-3,0.0027,8.8,15,114.311,2.08152,True,2.33298e-14,ok
Ek2.7e-3,0.0027,9.0,1,14.2785,0.645932,True,0.0,ok
Ek2.7e-3,0.0027,9.0,2,11.4269,0.872092,True,4.22187e-15,ok
Ek2.7e-3,0.0027,9.0,3,11.7495,1.5019,True,3.00522e-15,ok
Ek2.7e-3,0.0027,9.0,4,13.0397,2.10474,True,4.91822e-16,ok
Ek2.7e-3,0.0027,9.0,5,15.1375,2.52859,True,2.83939e-15,ok
Ek2.7e-3,0.0027,9.0,6,18.1396,2.75704,True,1.13928e-14,ok
Ek2.7e-3,0.0027,9.0,7,22.1923,2.83315,True,2.67345e-15,ok
Ek2.7e-3,0.0027,9.0,8,27.4477,2.80994,True,1.31491e-15,ok
Ek2.7e-3,0.0027,9.0,9,34.0597,2.72963,True,1.28218e-14,ok
Ek2.7e-3,0.0027,9.0,10,42.1873,2.62047,True,1.06732e-14,ok
Ek2.7e-3,0.0027,9.0,11,51.9981,2.49964,True,1.31801e-14,ok
Ek2.7e-3,0.0027,9.0,12,63.6695,2.37701,True,8.78213e-15,ok
Ek2.7e-3,0.0027,9.0,13,77.389,2.2579,True,1.2169e-14,ok
Ek2.7e-3,0.0027,9.0,14,93.354,2.14496,True,9.44976e-15,ok
Ek2.7e-3,0.0027,9.0,15,111.772,2.03933,True,2.05468e-14,ok
Ek2.7e-3,0.0027,9.2,1,13.9662,0.631952,True,1.77353e-15,ok
Ek2.7e-3,0.0027,9.2,2,11.1774,0.85333,True,1.61687e-15,ok
Ek2.7e-3,0.0027,9.2,3,11.4934,1.46986,True,3.11821e-15,ok
Ek2.7e-3,0.0027,9.2,4,12.7564,2.06033,True,4.24158e-15,ok
Ek2.7e-3,0.0027,9.2,5,14.8094,2.47585,True,9.52769e-15,ok
Ek2.7e-3,0.0027,9.2,6,17.7467,2.70016,True,5.26141e-15,ok
Ek2.7e-3,0.0027,9.2,7,21.7115,2.77523,True,3.42033e-15,ok
Ek2.7e-3,0.0027,9.2,8,26.8527,2.75291,True,1.26208e-15,ok
Ek2.7e-3,0.0027,9.2,9,33.3208,2.67455,True,1.58834e-14,ok
Ek2.7e-3,0.0027,9.2,10,41.2716,2.56783,True,1.20788e-14,ok
Ek2.7e-3,0.0027,9.2,11,50.869,2.4496,True,9.9929e-15,ok
Ek2.7e-3,0.0027,9.2,12,62.2865,2.32955,True,8.13368e-15,ok
Ek2.7e-3,0.0027,9.2,13,75.7076,2.21291,True,4.89304e-15,ok
Ek2.7e-3,0.0027,9.2,14,91.3255,2.10229,True,1.47204e-15,ok
Ek2.7e-3,0.0027,9.2,15,109.343,1.99882,True,1.90733e-14,ok
Ek2.7e-3,0.0027,9.4,1,13.6672,0.618565,True,1.44431e-15,ok
Ek2.7e-3,0.0027,9.4,2,10.9385,0.835358,True,1.23958e-15,ok
Ek2.7e-3,0.0027,9.4,3,11.2483,1.43916,True,4.13904e-15,ok
Ek2.7e-3,0.0027,9.4,4,12.4852,2.01776,True,2.93808e-15,ok
Ek2.7e-3,0.0027,9.4,5,14.4952,2.42527,True,3.59165e-15,ok
Ek2.7e-3,0.0027,9.4,6,17.3704,2.64557,True,7.77052e-15,ok
Ek2.7e-3,0.0027,9.4,7,21.2511,2.71963,True,9.85395e-15,ok
Ek2.7e-3,0.0027,9.4,8,26.2829,2.69815,True,9.2948e-15,ok
Ek2.7e-3,0.0027,9.4,9,32.6133,2.62165,True,3.43378e-15,ok
Ek2.7e-3,0.0027,9.4,10,40.3948,2.51725,True,2.46225e-15,ok
Ek2.7e-3,0.0027,9.4,11,49.7878,2.40152,True,1.53672e-14,ok
Ek2.7e-3,0.0027,9.4,12,60.9623,2.28394,True,1.62158e-14,ok
Ek2.7e-3,0.0027,9.4,13,74.0978,2.16968,True,1.12367e-14,ok
Ek2.7e-3,0.0027,9.4,14,89.3832,2.06129,True,7.07588e-15,ok
Ek2.7e-3,0.0027,9.4,15,107.017,1.95989,True,3.43295e-14,ok
Ek2.7e-3,0.0027,9.6,1,13.3807,0.605733,True,3.25884e-16,ok
Ek2.7e-3,0.0027,9.6,2,10.7096,0.818128,True,1.48622e-16,ok
Ek2.7e-3,0.0027,9.6,3,11.0134,1.40971,True,1.9857e-15,ok
Ek2.7e-3,0.0027,9.6,4,12.2253,1.97691,True,1.95253e-15,ok
Ek2.7e-3,0.0027,9.6,5,14.194,2.37672,True,3.44929e-15,ok
Ek2.7e-3,0.0027,9.6,6,17.0098,2.59315,True,5.97251e-15,ok
Ek2.7e-3,0.0027,9.6,7,20.8098,2.66621,True,1.38114e-14,ok
Ek2.7e-3,0.0027,9.6,8,25.7368,2.64553,True,0.0,ok
Ek2.7e-3,0.0027,9.6,9,31.9353,2.5708,True,5.86998e-15,ok
Ek2.7e-3,0.0027,9.6,10,39.5545,2.46864,True,6.76589e-15,ok
Ek2.7e-3,0.0027,9.6,11,48.7517,2.35529,True,8.0065e-15,ok
Ek2.7e-3,0.0027,9.6,12,59.6933,2.24009,True,3.89978e-15,ok
Ek2.7e-3,0.0027,9.6,13,72.555,2.1281,True,4.5252e-15,ok
Ek2.7e-3,0.0027,9.6,14,87.5219,2.02186,True,1.36155e-14,ok
Ek2.7e-3,0.0027,9.6,15,104.788,1.92244,True,8.6166e-15,ok
Ek2.7e-3,0.0027,9.8,1,13.1061,0.593423,True,4.69159e-16,ok
Ek2.7e-3,0.0027,9.8,2,10.4902,0.801594,True,1.56943e-15,ok
Ek2.7e-3,0.0027,9.8,3,10.7882,1.38145,True,4.23748e-16,ok
Ek2.7e-3,0.0027,9.8,4,11.9759,1.93769,True,2.91794e-15,ok
Ek2.7e-3,0.0027,9.8,5,13.9051,2.33007,True,4.21937e-15,ok
Ek2.7e-3,0.0027,9.8,6,16.6639,2.54277,True,1.07675e-15,ok
Ek2.7e-3,0.0027,9.8,7,20.3865,2.61485,True,4.1751e-15,ok
Ek2.7e-3,0.0027,9.8,8,25.213,2.59492,True,8.97095e-15,ok
Ek2.7e-3,0.0027,9.8,9,31.2848,2.52188,True,1.05914e-15,ok
Ek2.7e-3,0.0027,9.8,10,38.7484,2.42186,True,4.88394e-15,ok
Ek2.7e-3,0.0027,9.8,11,47.7579,2.31081,True,4.14988e-15,ok
Ek2.7e-3,0.0027,9.8,12,58.476,2.19789,True,1.20672e-14,ok
Ek2.7e-3,0.0027,9.8,13,71.0751,2.08809,True,7.26106e-15,ok
Ek2.7e-3,0.0027,9.8,14,85.7364,1.9839,True,1.35461e-14,ok
Ek2.7e-3,0.0027,9.8,15,102.65,1.8864,True,6.32118e-15,ok
Ek2.7e-3,0.0027,10.0,1,12.8424,0.581603,True,6.75984e-16,ok
Ek2.7e-3,0.0027,10.0,2,10.2795,0.785716,True,2.46742e-15,ok
Ek2.7e-3,0.0027,10.0,3,10.5719,1.35429,True,3.8689e-15,ok
Ek2.7e-3,0.0027,10.0,4,11.7366,1.89999,True,2.60511e-15,ok
Ek2.7e-3,0.0027,10.0,5,13.6278,2.28522,True,1.15957e-15,ok
Ek2.7e-3,0.0027,10.0,6,16.3317,2.49431,True,5.52588e-15,ok
Ek2.7e-3,0.0027,10.0,7,19.98,2.56543,True,4.74947e-15,ok
Ek2.7e-3,0.0027,10.0,8,24.71,2.54621,True,2.51922e-15,ok
Ek2.7e-3,0.0027,10.0,9,30.6604,2.4748,True,1.69992e-15,ok
Ek2.7e-3,0.0027,10.0,10,37.9746,2.37683,True,1.19168e-14,ok
Ek2.7e-3,0.0027,10.0,11,46.8037,2.26797,True,3.14086e-15,ok
Ek2.7e-3,0.0027,10.0,12,57.3074,2.15725,True,4.39168e-15,ok
Ek2.7e-3,0.0027,10.0,13,69.6544,2.04956,True,1.09597e-14,ok
Ek2.7e-3,0.0027,10.0,14,84.0224,1.94735,True,1.51566e-14,ok
Ek2.7e-3,0.0027,10.0,15,100.598,1.85169,True,2.5124e-14,ok
Ek2.7e-3,0.0027,20.0,1,6.40264,0.29143,True,7.92059e-16,ok
Ek2.7e-3,0.0027,20.0,2,5.12915,0.394778,True,1.59186e-15,ok
Ek2.7e-3,0.0027,20.0,3,5.28015,0.683084,True,2.07214e-16,ok
Ek2.7e-3,0.0027,20.0,4,5.87028,0.963184,True,1.44197e-15,ok
Ek2.7e-3,0.0027,20.0,5,6.82336,1.16458,True,1.6563e-15,ok
Ek2.7e-3,0.0027,20.0,6,8.18025,1.27727,True,1.26787e-15,ok
Ek2.7e-3,0.0027,20.0,7,10.0066,1.31906,True,3.86341e-15,ok
Ek2.7e-3,0.0027,20.0,8,12.3718,1.31347,True,2.1069e-15,ok
Ek2.7e-3,0.0027,20.0,9,15.3461,1.27991,True,8.00238e-15,ok
Ek2.7e-3,0.0027,20.0,10,19.0019,1.23167,True,8.42116e-16,ok
Ek2.7e-3,0.0027,20.0,11,23.4149,1.17707,True,1.29208e-14,ok
Ek2.7e-3,0.0027,20.0,12,28.6653,1.12093,True,7.67244e-15,ok
Ek2.7e-3,0.0027,20.0,13,34.8375,1.06597,True,6.56003e-15,ok
Ek2.7e-3,0.0027,20.0,14,42.0203,1.01357,True,1.14056e-16,ok
Ek2.7e-3,0.0027,20.0,15,50.3071,0.964359,True,1.0738e-14,ok
Ek2.7e-3,0.0027,40.0,1,3.19669,0.145882,True,3.59134e-16,ok
Ek2.7e-3,0.0027,40.0,2,2.56192,0.197884,True,4.86912e-16,ok
Ek2.7e-3,0.0027,40.0,3,2.63862,0.34307,True,4.70413e-16,ok
Ek2.7e-3,0.0027,40.0,4,2.93568,0.484992,True,3.13372e-16,ok
Ek2.7e-3,0.0027,40.0,5,3.41417,0.58797,True,2.30288e-16,ok
Ek2.7e-3,0.0027,40.0,6,4.09393,0.646464,True,3.71184e-16,ok
Ek2.7e-3,0.0027,40.0,7,5.00772,0.669023,True,1.39139e-15,ok
Ek2.7e-3,0.0027,40.0,8,6.19042,0.667324,True,1.77986e-15,ok
Ek2.7e-3,0.0027,40.0,9,7.67736,0.651142,True,1.97702e-15,ok
Ek2.7e-3,0.0027,40.0,10,9.50489,0.627256,True,2.09672e-15,ok
Ek2.7e-3,0.0027,40.0,11,11.711,0.599929,True,5.5942e-16,ok
Ek2.7e-3,0.0027,40.0,12,14.3358,0.57168,True,3.48327e-15,ok
Ek2.7e-3,0.0027,40.0,13,17.4216,0.543919,True,7.88298e-16,ok
Ek2.7e-3,0.0027,40.0,14,21.0127,0.517385,True,3.50688e-15,ok
Ek2.7e-3,0.0027,40.0,15,25.1558,0.492422,True,7.26858e-15,ok
Ek2.7e-3,0.0027,60.0,1,2.1301,0.0972928,True,1.17704e-16,ok
Ek2.7e-3,0.0027,60.0,2,1.70735,0.132034,True,1.23869e-16,ok
Ek2.7e-3,0.0027,60.0,3,1.75875,0.229058,True,4.19404e-16,ok
Ek2.7e-3,0.0027,60.0,4,1.95724,0.324094,True,9.32913e-17,ok
Ek2.7e-3,0.0027,60.0,5,2.27668,0.393262,True,6.86807e-17,ok
Ek2.7e-3,0.0027,60.0,6,2.73016,0.432747,True,8.31645e-16,ok
Ek2.7e-3,0.0027,60.0,7,3.33949,0.448167,True,1.24876e-15,ok
Ek2.7e-3,0.0027,60.0,8,4.12798,0.447287,True,1.77694e-16,ok
Ek2.7e-3,0.0027,60.0,9,5.11923,0.436639,True,2.20135e-15,ok
Ek2.7e-3,0.0027,60.0,10,6.3375,0.420771,True,1.25801e-15,ok
Ek2.7e-3,0.0027,60.0,11,7.80817,0.402551,True,7.19635e-17,ok
Ek2.7e-3,0.0027,60.0,12,9.55795,0.383679,True,1.7651e-15,ok
Ek2.7e-3,0.0027,60.0,13,11.615,0.365109,True,7.6367e-15,ok
Ek2.7e-3,0.0027,60.0,14,14.009,0.347345,True,3.75052e-16,ok
Ek2.7e-3,0.0027,60.0,15,16.771,0.330623,True,1.6505e-15,ok
Ek2.7e-3,0.0027,80.0,1,1.59719,0.072984,True,1.98703e-16,ok
Ek2.7e-3,0.0027,80.0,2,1.28029,0.0990677,True,2.96376e-16,ok
Ek2.7e-3,0.0027,80.0,3,1.31894,0.171923,True,2.88775e-16,ok
Ek2.7e-3,0.0027,80.0,4,1.46798,0.243359,True,8.15317e-16,ok
Ek2.7e-3,0.0027,80.0,5,1.70772,0.29543,True,0.0,ok
Ek2.7e-3,0.0027,80.0,6,2.04795,0.325229,True,1.87892e-16,ok
Ek2.7e-3,0.0027,80.0,7,2.505,0.336938,True,1.00832e-15,ok
Ek2.7e-3,0.0027,80.0,8,3.09638,0.336374,True,1.20595e-15,ok
Ek2.7e-3,0.0027,80.0,9,3.8398,0.328442,True,1.24555e-15,ok
Ek2.7e-3,0.0027,80.0,10,4.75347,0.316563,True,7.56553e-16,ok
Ek2.7e-3,0.0027,80.0,11,5.85644,0.302897,True,1.62975e-16,ok
Ek2.7e-3,0.0027,80.0,12,7.16874,0.288728,True,8.14463e-16,ok
Ek2.7e-3,0.0027,80.0,13,8.71152,0.274778,True,1.07296e-15,ok
Ek2.7e-3,0.0027,80.0,14,10.507,0.261427,True,1.06228e-15,ok
Ek2.7e-3,0.0027,80.0,15,12.5785,0.248854,True,1.26508e-15,ok
Ek2.7e-3,0.0027,100.0,1,1.27757,0.0583942,True,3.6343e-17,ok
Ek2.7e-3,0.0027,100.0,2,1.02413,0.0792744,True,2.34431e-16,ok
Ek2.7e-3,0.0027,100.0,3,1.0551,0.137601,True,0.0,ok
Ek2.7e-3,0.0027,100.0,4,1.17441,0.194826,True,4.04554e-16,ok
Ek2.7e-3,0.0027,100.0,5,1.36628,0.236577,True,4.72248e-16,ok
Ek2.7e-3,0.0027,100.0,6,1.63851,0.260505,True,6.32879e-16,ok
Ek2.7e-3,0.0027,100.0,7,2.00419,0.269942,True,5.50124e-16,ok
Ek2.7e-3,0.0027,100.0,8,2.47729,0.269538,True,7.09795e-16,ok
Ek2.7e-3,0.0027,100.0,9,3.07202,0.263218,True,1.63072e-15,ok
Ek2.7e-3,0.0027,100.0,10,3.80295,0.253725,True,6.86134e-16,ok
Ek2.7e-3,0.0027,100.0,11,4.6853,0.242793,True,6.80635e-16,ok
Ek2.7e-3,0.0027,100.0,12,5.73513,0.23145,True,9.04002e-16,ok
Ek2.7e-3,0.0027,100.0,13,6.96933,0.220279,True,1.07742e-15,ok
Ek2.7e-3,0.0027,100.0,14,8.4057,0.209584,True,1.48252e-15,ok
Ek2.7e-3,0.0027,100.0,15,10.0629,0.199512,True,2.12124e-15,ok
